Watching for file changes with StatReloader
The joined path (C:\Users\Genesis Rem M. Apuya\PycharmProjects\MemberManagementSystem\media\leader-eugene.jpg) is located outside of the base path component (C:\Users\kate\PycharmProjects\member-management\media)
Traceback (most recent call last):
  File "C:\Users\kate\PycharmProjects\member-management\venv\lib\site-packages\django\core\handlers\exception.py", line 55, in inner
    response = get_response(request)
  File "C:\Users\kate\PycharmProjects\member-management\venv\lib\site-packages\django\core\handlers\base.py", line 197, in _get_response
    response = wrapped_callback(request, *callback_args, **callback_kwargs)
  File "C:\Users\kate\PycharmProjects\member-management\venv\lib\site-packages\django\views\static.py", line 34, in serve
    fullpath = Path(safe_join(document_root, path))
  File "C:\Users\kate\PycharmProjects\member-management\venv\lib\site-packages\django\utils\_os.py", line 31, in safe_join
    raise SuspiciousFileOperation(
django.core.exceptions.SuspiciousFileOperation: The joined path (C:\Users\Genesis Rem M. Apuya\PycharmProjects\MemberManagementSystem\media\leader-eugene.jpg) is located outside of the base path component (C:\Users\kate\PycharmProjects\member-management\media)
Bad Request: /media/C:/Users/Genesis Rem M. Apuya/PycharmProjects/MemberManagementSystem/media/leader-eugene.jpg
"GET /media/C%3A/Users/Genesis%20Rem%20M.%20Apuya/PycharmProjects/MemberManagementSystem/media/leader-eugene.jpg HTTP/1.1" 400 72546
Not Found: /media/images/portfolio_photo.jpg
"GET /media/images/portfolio_photo.jpg HTTP/1.1" 404 14714
Not Found: /media/images/portfolio_photo.jpg
"GET /media/images/portfolio_photo.jpg HTTP/1.1" 404 14714
Not Found: /media/images/portfolio_photo.jpg
"GET /media/images/portfolio_photo.jpg HTTP/1.1" 404 14714
Not Found: /media/images/portfolio_photo.jpg
"GET /media/images/portfolio_photo.jpg HTTP/1.1" 404 14714
C:\Users\kate\PycharmProjects\member-management\management\views.py changed, reloading.
Watching for file changes with StatReloader
C:\Users\kate\PycharmProjects\member-management\management\models.py changed, reloading.
Watching for file changes with StatReloader
Watching for file changes with StatReloader
C:\Users\kate\PycharmProjects\member-management\member_management\settings.py changed, reloading.
Watching for file changes with StatReloader
C:\Users\kate\PycharmProjects\member-management\management\models.py changed, reloading.
Watching for file changes with StatReloader
Watching for file changes with StatReloader
C:\Users\kate\PycharmProjects\member-management\management\views.py changed, reloading.
Watching for file changes with StatReloader
C:\Users\kate\PycharmProjects\member-management\member_management\urls.py changed, reloading.
Watching for file changes with StatReloader
Watching for file changes with StatReloader
Not Found: /favicon.ico
"GET /favicon.ico HTTP/1.1" 404 30481
The joined path (C:\Users\Genesis Rem M. Apuya\PycharmProjects\MemberManagementSystem\media\leader-eugene.jpg) is located outside of the base path component (C:\Users\kate\PycharmProjects\member-management\media)
Traceback (most recent call last):
  File "C:\Users\kate\PycharmProjects\member-management\venv\lib\site-packages\django\core\handlers\exception.py", line 55, in inner
    response = get_response(request)
  File "C:\Users\kate\PycharmProjects\member-management\venv\lib\site-packages\django\core\handlers\base.py", line 197, in _get_response
    response = wrapped_callback(request, *callback_args, **callback_kwargs)
  File "C:\Users\kate\PycharmProjects\member-management\venv\lib\site-packages\django\views\static.py", line 34, in serve
    fullpath = Path(safe_join(document_root, path))
  File "C:\Users\kate\PycharmProjects\member-management\venv\lib\site-packages\django\utils\_os.py", line 31, in safe_join
    raise SuspiciousFileOperation(
django.core.exceptions.SuspiciousFileOperation: The joined path (C:\Users\Genesis Rem M. Apuya\PycharmProjects\MemberManagementSystem\media\leader-eugene.jpg) is located outside of the base path component (C:\Users\kate\PycharmProjects\member-management\media)
Bad Request: /media/C:/Users/Genesis Rem M. Apuya/PycharmProjects/MemberManagementSystem/media/leader-eugene.jpg
"GET /media/C%3A/Users/Genesis%20Rem%20M.%20Apuya/PycharmProjects/MemberManagementSystem/media/leader-eugene.jpg HTTP/1.1" 400 72542
C:\Users\kate\PycharmProjects\member-management\member_management\urls.py changed, reloading.
Watching for file changes with StatReloader
The joined path (C:\Users\Genesis Rem M. Apuya\PycharmProjects\MemberManagementSystem\media\leader-eugene.jpg) is located outside of the base path component (C:\Users\kate\PycharmProjects\member-management\media)
Traceback (most recent call last):
  File "C:\Users\kate\PycharmProjects\member-management\venv\lib\site-packages\django\core\handlers\exception.py", line 55, in inner
    response = get_response(request)
  File "C:\Users\kate\PycharmProjects\member-management\venv\lib\site-packages\django\core\handlers\base.py", line 197, in _get_response
    response = wrapped_callback(request, *callback_args, **callback_kwargs)
  File "C:\Users\kate\PycharmProjects\member-management\venv\lib\site-packages\django\views\static.py", line 34, in serve
    fullpath = Path(safe_join(document_root, path))
  File "C:\Users\kate\PycharmProjects\member-management\venv\lib\site-packages\django\utils\_os.py", line 31, in safe_join
    raise SuspiciousFileOperation(
django.core.exceptions.SuspiciousFileOperation: The joined path (C:\Users\Genesis Rem M. Apuya\PycharmProjects\MemberManagementSystem\media\leader-eugene.jpg) is located outside of the base path component (C:\Users\kate\PycharmProjects\member-management\media)
Bad Request: /media/C:/Users/Genesis Rem M. Apuya/PycharmProjects/MemberManagementSystem/media/leader-eugene.jpg
"GET /media/C%3A/Users/Genesis%20Rem%20M.%20Apuya/PycharmProjects/MemberManagementSystem/media/leader-eugene.jpg HTTP/1.1" 400 72542
C:\Users\kate\PycharmProjects\member-management\management\urls.py changed, reloading.
Watching for file changes with StatReloader
The joined path (C:\Users\Genesis Rem M. Apuya\PycharmProjects\MemberManagementSystem\media\leader-eugene.jpg) is located outside of the base path component (C:\Users\kate\PycharmProjects\member-management\media)
Traceback (most recent call last):
  File "C:\Users\kate\PycharmProjects\member-management\venv\lib\site-packages\django\core\handlers\exception.py", line 55, in inner
    response = get_response(request)
  File "C:\Users\kate\PycharmProjects\member-management\venv\lib\site-packages\django\core\handlers\base.py", line 197, in _get_response
    response = wrapped_callback(request, *callback_args, **callback_kwargs)
  File "C:\Users\kate\PycharmProjects\member-management\venv\lib\site-packages\django\views\static.py", line 34, in serve
    fullpath = Path(safe_join(document_root, path))
  File "C:\Users\kate\PycharmProjects\member-management\venv\lib\site-packages\django\utils\_os.py", line 31, in safe_join
    raise SuspiciousFileOperation(
django.core.exceptions.SuspiciousFileOperation: The joined path (C:\Users\Genesis Rem M. Apuya\PycharmProjects\MemberManagementSystem\media\leader-eugene.jpg) is located outside of the base path component (C:\Users\kate\PycharmProjects\member-management\media)
Bad Request: /media/C:/Users/Genesis Rem M. Apuya/PycharmProjects/MemberManagementSystem/media/leader-eugene.jpg
"GET /media/C%3A/Users/Genesis%20Rem%20M.%20Apuya/PycharmProjects/MemberManagementSystem/media/leader-eugene.jpg HTTP/1.1" 400 72542
C:\Users\kate\PycharmProjects\member-management\management\urls.py changed, reloading.
Watching for file changes with StatReloader
The joined path (C:\Users\Genesis Rem M. Apuya\PycharmProjects\MemberManagementSystem\media\leader-eugene.jpg) is located outside of the base path component (C:\Users\kate\PycharmProjects\member-management\media)
Traceback (most recent call last):
  File "C:\Users\kate\PycharmProjects\member-management\venv\lib\site-packages\django\core\handlers\exception.py", line 55, in inner
    response = get_response(request)
  File "C:\Users\kate\PycharmProjects\member-management\venv\lib\site-packages\django\core\handlers\base.py", line 197, in _get_response
    response = wrapped_callback(request, *callback_args, **callback_kwargs)
  File "C:\Users\kate\PycharmProjects\member-management\venv\lib\site-packages\django\views\static.py", line 34, in serve
    fullpath = Path(safe_join(document_root, path))
  File "C:\Users\kate\PycharmProjects\member-management\venv\lib\site-packages\django\utils\_os.py", line 31, in safe_join
    raise SuspiciousFileOperation(
django.core.exceptions.SuspiciousFileOperation: The joined path (C:\Users\Genesis Rem M. Apuya\PycharmProjects\MemberManagementSystem\media\leader-eugene.jpg) is located outside of the base path component (C:\Users\kate\PycharmProjects\member-management\media)
Bad Request: /media/C:/Users/Genesis Rem M. Apuya/PycharmProjects/MemberManagementSystem/media/leader-eugene.jpg
"GET /media/C%3A/Users/Genesis%20Rem%20M.%20Apuya/PycharmProjects/MemberManagementSystem/media/leader-eugene.jpg HTTP/1.1" 400 72542
The joined path (C:\Users\Genesis Rem M. Apuya\PycharmProjects\MemberManagementSystem\media\leader-eugene.jpg) is located outside of the base path component (C:\Users\kate\PycharmProjects\member-management\media)
Traceback (most recent call last):
  File "C:\Users\kate\PycharmProjects\member-management\venv\lib\site-packages\django\core\handlers\exception.py", line 55, in inner
    response = get_response(request)
  File "C:\Users\kate\PycharmProjects\member-management\venv\lib\site-packages\django\core\handlers\base.py", line 197, in _get_response
    response = wrapped_callback(request, *callback_args, **callback_kwargs)
  File "C:\Users\kate\PycharmProjects\member-management\venv\lib\site-packages\django\views\static.py", line 34, in serve
    fullpath = Path(safe_join(document_root, path))
  File "C:\Users\kate\PycharmProjects\member-management\venv\lib\site-packages\django\utils\_os.py", line 31, in safe_join
    raise SuspiciousFileOperation(
django.core.exceptions.SuspiciousFileOperation: The joined path (C:\Users\Genesis Rem M. Apuya\PycharmProjects\MemberManagementSystem\media\leader-eugene.jpg) is located outside of the base path component (C:\Users\kate\PycharmProjects\member-management\media)
Bad Request: /media/C:/Users/Genesis Rem M. Apuya/PycharmProjects/MemberManagementSystem/media/leader-eugene.jpg
"GET /media/C%3A/Users/Genesis%20Rem%20M.%20Apuya/PycharmProjects/MemberManagementSystem/media/leader-eugene.jpg HTTP/1.1" 400 72580
C:\Users\kate\PycharmProjects\member-management\management\urls.py changed, reloading.
Watching for file changes with StatReloader
C:\Users\kate\PycharmProjects\member-management\management\views.py changed, reloading.
Watching for file changes with StatReloader
Internal Server Error: /home/
Traceback (most recent call last):
  File "C:\Users\kate\PycharmProjects\member-management\venv\lib\site-packages\django\core\handlers\exception.py", line 55, in inner
    response = get_response(request)
  File "C:\Users\kate\PycharmProjects\member-management\venv\lib\site-packages\django\core\handlers\base.py", line 197, in _get_response
    response = wrapped_callback(request, *callback_args, **callback_kwargs)
  File "C:\Users\kate\PycharmProjects\member-management\venv\lib\site-packages\django\contrib\auth\decorators.py", line 23, in _wrapper_view
    return view_func(request, *args, **kwargs)
  File "C:\Users\kate\PycharmProjects\member-management\management\decorators.py", line 75, in wrapper_func
    return view_func(request, *args, **kwargs)
  File "C:\Users\kate\PycharmProjects\member-management\management\views.py", line 77, in homepage
    'search_engine_result_member': search_engine_result_member,
NameError: name 'search_engine_result_member' is not defined
"GET /home/ HTTP/1.1" 500 78133
C:\Users\kate\PycharmProjects\member-management\management\views.py changed, reloading.
Watching for file changes with StatReloader
C:\Users\kate\PycharmProjects\member-management\management\views.py changed, reloading.
Watching for file changes with StatReloader
C:\Users\kate\PycharmProjects\member-management\management\views.py changed, reloading.
Watching for file changes with StatReloader
C:\Users\kate\PycharmProjects\member-management\management\views.py changed, reloading.
Watching for file changes with StatReloader
C:\Users\kate\PycharmProjects\member-management\management\views.py changed, reloading.
Watching for file changes with StatReloader
C:\Users\kate\PycharmProjects\member-management\management\views.py changed, reloading.
Watching for file changes with StatReloader
C:\Users\kate\PycharmProjects\member-management\management\views.py changed, reloading.
Watching for file changes with StatReloader
C:\Users\kate\PycharmProjects\member-management\management\views.py changed, reloading.
Watching for file changes with StatReloader
C:\Users\kate\PycharmProjects\member-management\management\views.py changed, reloading.
Watching for file changes with StatReloader
C:\Users\kate\PycharmProjects\member-management\management\views.py changed, reloading.
Watching for file changes with StatReloader
C:\Users\kate\PycharmProjects\member-management\management\urls.py changed, reloading.
Watching for file changes with StatReloader
C:\Users\kate\PycharmProjects\member-management\management\urls.py changed, reloading.
Watching for file changes with StatReloader
C:\Users\kate\PycharmProjects\member-management\management\urls.py changed, reloading.
Watching for file changes with StatReloader
Watching for file changes with StatReloader
C:\Users\kate\PycharmProjects\member-management\management\views.py changed, reloading.
Watching for file changes with StatReloader
C:\Users\kate\PycharmProjects\member-management\management\views.py changed, reloading.
Watching for file changes with StatReloader
C:\Users\kate\PycharmProjects\member-management\management\views.py changed, reloading.
Watching for file changes with StatReloader
C:\Users\kate\PycharmProjects\member-management\management\views.py changed, reloading.
Watching for file changes with StatReloader
C:\Users\kate\PycharmProjects\member-management\management\views.py changed, reloading.
Watching for file changes with StatReloader
Watching for file changes with StatReloader
Internal Server Error: /home/
Traceback (most recent call last):
  File "C:\Users\kate\PycharmProjects\member-management\venv\lib\site-packages\django\db\backends\utils.py", line 89, in _execute
    return self.cursor.execute(sql, params)
  File "C:\Users\kate\PycharmProjects\member-management\venv\lib\site-packages\django\db\backends\sqlite3\base.py", line 328, in execute
    return super().execute(query, params)
sqlite3.OperationalError: no such column: management_individual.middle_name

The above exception was the direct cause of the following exception:

Traceback (most recent call last):
  File "C:\Users\kate\PycharmProjects\member-management\venv\lib\site-packages\django\core\handlers\exception.py", line 55, in inner
    response = get_response(request)
  File "C:\Users\kate\PycharmProjects\member-management\venv\lib\site-packages\django\core\handlers\base.py", line 197, in _get_response
    response = wrapped_callback(request, *callback_args, **callback_kwargs)
  File "C:\Users\kate\PycharmProjects\member-management\venv\lib\site-packages\django\contrib\auth\decorators.py", line 23, in _wrapper_view
    return view_func(request, *args, **kwargs)
  File "C:\Users\kate\PycharmProjects\member-management\management\decorators.py", line 75, in wrapper_func
    return view_func(request, *args, **kwargs)
  File "C:\Users\kate\PycharmProjects\member-management\management\views.py", line 50, in homepage
    logged_user = Individual.objects.get(user__username=user)
  File "C:\Users\kate\PycharmProjects\member-management\venv\lib\site-packages\django\db\models\manager.py", line 87, in manager_method
    return getattr(self.get_queryset(), name)(*args, **kwargs)
  File "C:\Users\kate\PycharmProjects\member-management\venv\lib\site-packages\django\db\models\query.py", line 633, in get
    num = len(clone)
  File "C:\Users\kate\PycharmProjects\member-management\venv\lib\site-packages\django\db\models\query.py", line 380, in __len__
    self._fetch_all()
  File "C:\Users\kate\PycharmProjects\member-management\venv\lib\site-packages\django\db\models\query.py", line 1881, in _fetch_all
    self._result_cache = list(self._iterable_class(self))
  File "C:\Users\kate\PycharmProjects\member-management\venv\lib\site-packages\django\db\models\query.py", line 91, in __iter__
    results = compiler.execute_sql(
  File "C:\Users\kate\PycharmProjects\member-management\venv\lib\site-packages\django\db\models\sql\compiler.py", line 1562, in execute_sql
    cursor.execute(sql, params)
  File "C:\Users\kate\PycharmProjects\member-management\venv\lib\site-packages\django\db\backends\utils.py", line 102, in execute
    return super().execute(sql, params)
  File "C:\Users\kate\PycharmProjects\member-management\venv\lib\site-packages\django\db\backends\utils.py", line 67, in execute
    return self._execute_with_wrappers(
  File "C:\Users\kate\PycharmProjects\member-management\venv\lib\site-packages\django\db\backends\utils.py", line 80, in _execute_with_wrappers
    return executor(sql, params, many, context)
  File "C:\Users\kate\PycharmProjects\member-management\venv\lib\site-packages\django\db\backends\utils.py", line 89, in _execute
    return self.cursor.execute(sql, params)
  File "C:\Users\kate\PycharmProjects\member-management\venv\lib\site-packages\django\db\utils.py", line 91, in __exit__
    raise dj_exc_value.with_traceback(traceback) from exc_value
  File "C:\Users\kate\PycharmProjects\member-management\venv\lib\site-packages\django\db\backends\utils.py", line 89, in _execute
    return self.cursor.execute(sql, params)
  File "C:\Users\kate\PycharmProjects\member-management\venv\lib\site-packages\django\db\backends\sqlite3\base.py", line 328, in execute
    return super().execute(query, params)
django.db.utils.OperationalError: no such column: management_individual.middle_name
"GET /home/ HTTP/1.1" 500 161262
Watching for file changes with StatReloader
Watching for file changes with StatReloader
C:\Users\kate\PycharmProjects\member-management\management\views.py changed, reloading.
Watching for file changes with StatReloader
C:\Users\kate\PycharmProjects\member-management\management\views.py changed, reloading.
Watching for file changes with StatReloader
C:\Users\kate\PycharmProjects\member-management\management\views.py changed, reloading.
Watching for file changes with StatReloader
C:\Users\kate\PycharmProjects\member-management\management\views.py changed, reloading.
Watching for file changes with StatReloader
C:\Users\kate\PycharmProjects\member-management\management\views.py changed, reloading.
Watching for file changes with StatReloader
C:\Users\kate\PycharmProjects\member-management\management\views.py changed, reloading.
Watching for file changes with StatReloader
C:\Users\kate\PycharmProjects\member-management\management\views.py changed, reloading.
Watching for file changes with StatReloader
C:\Users\kate\PycharmProjects\member-management\management\views.py changed, reloading.
Watching for file changes with StatReloader
C:\Users\kate\PycharmProjects\member-management\management\views.py changed, reloading.
Watching for file changes with StatReloader
C:\Users\kate\PycharmProjects\member-management\management\views.py changed, reloading.
Watching for file changes with StatReloader
C:\Users\kate\PycharmProjects\member-management\management\views.py changed, reloading.
Watching for file changes with StatReloader
C:\Users\kate\PycharmProjects\member-management\management\views.py changed, reloading.
Watching for file changes with StatReloader
Watching for file changes with StatReloader
C:\Users\kate\PycharmProjects\member-management\management\views.py changed, reloading.
Watching for file changes with StatReloader
C:\Users\kate\PycharmProjects\member-management\management\views.py changed, reloading.
Watching for file changes with StatReloader
C:\Users\kate\PycharmProjects\member-management\management\views.py changed, reloading.
Watching for file changes with StatReloader
C:\Users\kate\PycharmProjects\member-management\management\views.py changed, reloading.
Watching for file changes with StatReloader
C:\Users\kate\PycharmProjects\member-management\management\views.py changed, reloading.
Watching for file changes with StatReloader
C:\Users\kate\PycharmProjects\member-management\management\views.py changed, reloading.
Watching for file changes with StatReloader
C:\Users\kate\PycharmProjects\member-management\management\views.py changed, reloading.
Watching for file changes with StatReloader
C:\Users\kate\PycharmProjects\member-management\management\views.py changed, reloading.
Watching for file changes with StatReloader
C:\Users\kate\PycharmProjects\member-management\management\views.py changed, reloading.
Watching for file changes with StatReloader
Not Found: /favicon.ico
"GET /favicon.ico HTTP/1.1" 404 18695
Internal Server Error: /individual-encode/
Traceback (most recent call last):
  File "C:\Users\kate\PycharmProjects\member-management\venv\lib\site-packages\django\core\handlers\exception.py", line 55, in inner
    response = get_response(request)
  File "C:\Users\kate\PycharmProjects\member-management\venv\lib\site-packages\django\core\handlers\base.py", line 197, in _get_response
    response = wrapped_callback(request, *callback_args, **callback_kwargs)
  File "C:\Users\kate\PycharmProjects\member-management\management\views.py", line 3929, in individual_input
    if selected_gender.name == 'Male':
AttributeError: 'Gender' object has no attribute 'name'
"POST /individual-encode/ HTTP/1.1" 500 78140
C:\Users\kate\PycharmProjects\member-management\management\views.py changed, reloading.
Watching for file changes with StatReloader
Internal Server Error: /individual-encode/
Traceback (most recent call last):
  File "C:\Users\kate\PycharmProjects\member-management\venv\lib\site-packages\django\core\handlers\exception.py", line 55, in inner
    response = get_response(request)
  File "C:\Users\kate\PycharmProjects\member-management\venv\lib\site-packages\django\core\handlers\base.py", line 197, in _get_response
    response = wrapped_callback(request, *callback_args, **callback_kwargs)
  File "C:\Users\kate\PycharmProjects\member-management\management\views.py", line 3886, in individual_input
    selected_gender = Gender.objects.get(id=individual_gender)
  File "C:\Users\kate\PycharmProjects\member-management\venv\lib\site-packages\django\db\models\manager.py", line 87, in manager_method
    return getattr(self.get_queryset(), name)(*args, **kwargs)
  File "C:\Users\kate\PycharmProjects\member-management\venv\lib\site-packages\django\db\models\query.py", line 637, in get
    raise self.model.DoesNotExist(
management.models.Gender.DoesNotExist: Gender matching query does not exist.
"POST /individual-encode/ HTTP/1.1" 500 84580
Internal Server Error: /individual-encode/
Traceback (most recent call last):
  File "C:\Users\kate\PycharmProjects\member-management\venv\lib\site-packages\django\db\models\fields\__init__.py", line 1957, in get_prep_value
    return float(value)
ValueError: could not convert string to float: ''

The above exception was the direct cause of the following exception:

Traceback (most recent call last):
  File "C:\Users\kate\PycharmProjects\member-management\venv\lib\site-packages\django\core\handlers\exception.py", line 55, in inner
    response = get_response(request)
  File "C:\Users\kate\PycharmProjects\member-management\venv\lib\site-packages\django\core\handlers\base.py", line 197, in _get_response
    response = wrapped_callback(request, *callback_args, **callback_kwargs)
  File "C:\Users\kate\PycharmProjects\member-management\management\views.py", line 3939, in individual_input
    Individual.objects.create(
  File "C:\Users\kate\PycharmProjects\member-management\venv\lib\site-packages\django\db\models\manager.py", line 87, in manager_method
    return getattr(self.get_queryset(), name)(*args, **kwargs)
  File "C:\Users\kate\PycharmProjects\member-management\venv\lib\site-packages\django\db\models\query.py", line 658, in create
    obj.save(force_insert=True, using=self.db)
  File "C:\Users\kate\PycharmProjects\member-management\venv\lib\site-packages\django\db\models\base.py", line 814, in save
    self.save_base(
  File "C:\Users\kate\PycharmProjects\member-management\venv\lib\site-packages\django\db\models\base.py", line 877, in save_base
    updated = self._save_table(
  File "C:\Users\kate\PycharmProjects\member-management\venv\lib\site-packages\django\db\models\base.py", line 1020, in _save_table
    results = self._do_insert(
  File "C:\Users\kate\PycharmProjects\member-management\venv\lib\site-packages\django\db\models\base.py", line 1061, in _do_insert
    return manager._insert(
  File "C:\Users\kate\PycharmProjects\member-management\venv\lib\site-packages\django\db\models\manager.py", line 87, in manager_method
    return getattr(self.get_queryset(), name)(*args, **kwargs)
  File "C:\Users\kate\PycharmProjects\member-management\venv\lib\site-packages\django\db\models\query.py", line 1805, in _insert
    return query.get_compiler(using=using).execute_sql(returning_fields)
  File "C:\Users\kate\PycharmProjects\member-management\venv\lib\site-packages\django\db\models\sql\compiler.py", line 1821, in execute_sql
    for sql, params in self.as_sql():
  File "C:\Users\kate\PycharmProjects\member-management\venv\lib\site-packages\django\db\models\sql\compiler.py", line 1745, in as_sql
    value_rows = [
  File "C:\Users\kate\PycharmProjects\member-management\venv\lib\site-packages\django\db\models\sql\compiler.py", line 1746, in <listcomp>
    [
  File "C:\Users\kate\PycharmProjects\member-management\venv\lib\site-packages\django\db\models\sql\compiler.py", line 1747, in <listcomp>
    self.prepare_value(field, self.pre_save_val(field, obj))
  File "C:\Users\kate\PycharmProjects\member-management\venv\lib\site-packages\django\db\models\sql\compiler.py", line 1686, in prepare_value
    return field.get_db_prep_save(value, connection=self.connection)
  File "C:\Users\kate\PycharmProjects\member-management\venv\lib\site-packages\django\db\models\fields\__init__.py", line 954, in get_db_prep_save
    return self.get_db_prep_value(value, connection=connection, prepared=False)
  File "C:\Users\kate\PycharmProjects\member-management\venv\lib\site-packages\django\db\models\fields\__init__.py", line 947, in get_db_prep_value
    value = self.get_prep_value(value)
  File "C:\Users\kate\PycharmProjects\member-management\venv\lib\site-packages\django\db\models\fields\__init__.py", line 1959, in get_prep_value
    raise e.__class__(
ValueError: Field 'lat' expected a number but got ''.
"POST /individual-encode/ HTTP/1.1" 500 169908
C:\Users\kate\PycharmProjects\member-management\management\views.py changed, reloading.
Watching for file changes with StatReloader
C:\Users\kate\PycharmProjects\member-management\management\views.py changed, reloading.
Watching for file changes with StatReloader
Internal Server Error: /member-profile/Test/37/
Traceback (most recent call last):
  File "C:\Users\kate\PycharmProjects\member-management\venv\lib\site-packages\django\core\handlers\exception.py", line 55, in inner
    response = get_response(request)
  File "C:\Users\kate\PycharmProjects\member-management\venv\lib\site-packages\django\core\handlers\base.py", line 197, in _get_response
    response = wrapped_callback(request, *callback_args, **callback_kwargs)
  File "C:\Users\kate\PycharmProjects\member-management\venv\lib\site-packages\django\contrib\auth\decorators.py", line 23, in _wrapper_view
    return view_func(request, *args, **kwargs)
  File "C:\Users\kate\PycharmProjects\member-management\management\decorators.py", line 75, in wrapper_func
    return view_func(request, *args, **kwargs)
  File "C:\Users\kate\PycharmProjects\member-management\management\views.py", line 738, in member_profile
    member = Member.objects.get(id=id, name=name)
  File "C:\Users\kate\PycharmProjects\member-management\venv\lib\site-packages\django\db\models\manager.py", line 87, in manager_method
    return getattr(self.get_queryset(), name)(*args, **kwargs)
  File "C:\Users\kate\PycharmProjects\member-management\venv\lib\site-packages\django\db\models\query.py", line 637, in get
    raise self.model.DoesNotExist(
management.models.Member.DoesNotExist: Member matching query does not exist.
"GET /member-profile/Test/37/ HTTP/1.1" 500 85810
C:\Users\kate\PycharmProjects\member-management\management\views.py changed, reloading.
Watching for file changes with StatReloader
C:\Users\kate\PycharmProjects\member-management\management\views.py changed, reloading.
Watching for file changes with StatReloader
C:\Users\kate\PycharmProjects\member-management\management\urls.py changed, reloading.
Watching for file changes with StatReloader
C:\Users\kate\PycharmProjects\member-management\management\urls.py changed, reloading.
Watching for file changes with StatReloader
Not Found: /individual/10/
"GET /individual/10/ HTTP/1.1" 404 18727
Not Found: /individual/37/
"GET /individual/37/ HTTP/1.1" 404 18727
C:\Users\kate\PycharmProjects\member-management\management\urls.py changed, reloading.
Watching for file changes with StatReloader
Internal Server Error: /individual/37/
Traceback (most recent call last):
  File "C:\Users\kate\PycharmProjects\member-management\venv\lib\site-packages\django\template\base.py", line 505, in parse
    compile_func = self.tags[command]
KeyError: 'endfor'

During handling of the above exception, another exception occurred:

Traceback (most recent call last):
  File "C:\Users\kate\PycharmProjects\member-management\venv\lib\site-packages\django\core\handlers\exception.py", line 55, in inner
    response = get_response(request)
  File "C:\Users\kate\PycharmProjects\member-management\venv\lib\site-packages\django\core\handlers\base.py", line 197, in _get_response
    response = wrapped_callback(request, *callback_args, **callback_kwargs)
  File "C:\Users\kate\PycharmProjects\member-management\management\views.py", line 3845, in individual
    return render(request, 'individual_page.html', {
  File "C:\Users\kate\PycharmProjects\member-management\venv\lib\site-packages\django\shortcuts.py", line 24, in render
    content = loader.render_to_string(template_name, context, request, using=using)
  File "C:\Users\kate\PycharmProjects\member-management\venv\lib\site-packages\django\template\loader.py", line 61, in render_to_string
    template = get_template(template_name, using=using)
  File "C:\Users\kate\PycharmProjects\member-management\venv\lib\site-packages\django\template\loader.py", line 15, in get_template
    return engine.get_template(template_name)
  File "C:\Users\kate\PycharmProjects\member-management\venv\lib\site-packages\django\template\backends\django.py", line 33, in get_template
    return Template(self.engine.get_template(template_name), self)
  File "C:\Users\kate\PycharmProjects\member-management\venv\lib\site-packages\django\template\engine.py", line 175, in get_template
    template, origin = self.find_template(template_name)
  File "C:\Users\kate\PycharmProjects\member-management\venv\lib\site-packages\django\template\engine.py", line 157, in find_template
    template = loader.get_template(name, skip=skip)
  File "C:\Users\kate\PycharmProjects\member-management\venv\lib\site-packages\django\template\loaders\cached.py", line 57, in get_template
    template = super().get_template(template_name, skip)
  File "C:\Users\kate\PycharmProjects\member-management\venv\lib\site-packages\django\template\loaders\base.py", line 28, in get_template
    return Template(
  File "C:\Users\kate\PycharmProjects\member-management\venv\lib\site-packages\django\template\base.py", line 154, in __init__
    self.nodelist = self.compile_nodelist()
  File "C:\Users\kate\PycharmProjects\member-management\venv\lib\site-packages\django\template\base.py", line 200, in compile_nodelist
    return parser.parse()
  File "C:\Users\kate\PycharmProjects\member-management\venv\lib\site-packages\django\template\base.py", line 513, in parse
    raise self.error(token, e)
  File "C:\Users\kate\PycharmProjects\member-management\venv\lib\site-packages\django\template\base.py", line 511, in parse
    compiled_result = compile_func(self, token)
  File "C:\Users\kate\PycharmProjects\member-management\venv\lib\site-packages\django\template\loader_tags.py", line 293, in do_extends
    nodelist = parser.parse()
  File "C:\Users\kate\PycharmProjects\member-management\venv\lib\site-packages\django\template\base.py", line 513, in parse
    raise self.error(token, e)
  File "C:\Users\kate\PycharmProjects\member-management\venv\lib\site-packages\django\template\base.py", line 511, in parse
    compiled_result = compile_func(self, token)
  File "C:\Users\kate\PycharmProjects\member-management\venv\lib\site-packages\django\template\loader_tags.py", line 232, in do_block
    nodelist = parser.parse(("endblock",))
  File "C:\Users\kate\PycharmProjects\member-management\venv\lib\site-packages\django\template\base.py", line 513, in parse
    raise self.error(token, e)
  File "C:\Users\kate\PycharmProjects\member-management\venv\lib\site-packages\django\template\base.py", line 511, in parse
    compiled_result = compile_func(self, token)
  File "C:\Users\kate\PycharmProjects\member-management\venv\lib\site-packages\django\template\defaulttags.py", line 967, in do_if
    nodelist = parser.parse(("endif",))
  File "C:\Users\kate\PycharmProjects\member-management\venv\lib\site-packages\django\template\base.py", line 507, in parse
    self.invalid_block_tag(token, command, parse_until)
  File "C:\Users\kate\PycharmProjects\member-management\venv\lib\site-packages\django\template\base.py", line 558, in invalid_block_tag
    raise self.error(
django.template.exceptions.TemplateSyntaxError: Invalid block tag on line 16: 'endfor', expected 'endif'. Did you forget to register or load this tag?
"GET /individual/37/ HTTP/1.1" 500 177627
Internal Server Error: /individual/37/
Traceback (most recent call last):
  File "C:\Users\kate\PycharmProjects\member-management\venv\lib\site-packages\django\template\base.py", line 505, in parse
    compile_func = self.tags[command]
KeyError: 'endfif'

During handling of the above exception, another exception occurred:

Traceback (most recent call last):
  File "C:\Users\kate\PycharmProjects\member-management\venv\lib\site-packages\django\core\handlers\exception.py", line 55, in inner
    response = get_response(request)
  File "C:\Users\kate\PycharmProjects\member-management\venv\lib\site-packages\django\core\handlers\base.py", line 197, in _get_response
    response = wrapped_callback(request, *callback_args, **callback_kwargs)
  File "C:\Users\kate\PycharmProjects\member-management\management\views.py", line 3845, in individual
    return render(request, 'individual_page.html', {
  File "C:\Users\kate\PycharmProjects\member-management\venv\lib\site-packages\django\shortcuts.py", line 24, in render
    content = loader.render_to_string(template_name, context, request, using=using)
  File "C:\Users\kate\PycharmProjects\member-management\venv\lib\site-packages\django\template\loader.py", line 61, in render_to_string
    template = get_template(template_name, using=using)
  File "C:\Users\kate\PycharmProjects\member-management\venv\lib\site-packages\django\template\loader.py", line 15, in get_template
    return engine.get_template(template_name)
  File "C:\Users\kate\PycharmProjects\member-management\venv\lib\site-packages\django\template\backends\django.py", line 33, in get_template
    return Template(self.engine.get_template(template_name), self)
  File "C:\Users\kate\PycharmProjects\member-management\venv\lib\site-packages\django\template\engine.py", line 175, in get_template
    template, origin = self.find_template(template_name)
  File "C:\Users\kate\PycharmProjects\member-management\venv\lib\site-packages\django\template\engine.py", line 157, in find_template
    template = loader.get_template(name, skip=skip)
  File "C:\Users\kate\PycharmProjects\member-management\venv\lib\site-packages\django\template\loaders\cached.py", line 57, in get_template
    template = super().get_template(template_name, skip)
  File "C:\Users\kate\PycharmProjects\member-management\venv\lib\site-packages\django\template\loaders\base.py", line 28, in get_template
    return Template(
  File "C:\Users\kate\PycharmProjects\member-management\venv\lib\site-packages\django\template\base.py", line 154, in __init__
    self.nodelist = self.compile_nodelist()
  File "C:\Users\kate\PycharmProjects\member-management\venv\lib\site-packages\django\template\base.py", line 200, in compile_nodelist
    return parser.parse()
  File "C:\Users\kate\PycharmProjects\member-management\venv\lib\site-packages\django\template\base.py", line 513, in parse
    raise self.error(token, e)
  File "C:\Users\kate\PycharmProjects\member-management\venv\lib\site-packages\django\template\base.py", line 511, in parse
    compiled_result = compile_func(self, token)
  File "C:\Users\kate\PycharmProjects\member-management\venv\lib\site-packages\django\template\loader_tags.py", line 293, in do_extends
    nodelist = parser.parse()
  File "C:\Users\kate\PycharmProjects\member-management\venv\lib\site-packages\django\template\base.py", line 513, in parse
    raise self.error(token, e)
  File "C:\Users\kate\PycharmProjects\member-management\venv\lib\site-packages\django\template\base.py", line 511, in parse
    compiled_result = compile_func(self, token)
  File "C:\Users\kate\PycharmProjects\member-management\venv\lib\site-packages\django\template\loader_tags.py", line 232, in do_block
    nodelist = parser.parse(("endblock",))
  File "C:\Users\kate\PycharmProjects\member-management\venv\lib\site-packages\django\template\base.py", line 513, in parse
    raise self.error(token, e)
  File "C:\Users\kate\PycharmProjects\member-management\venv\lib\site-packages\django\template\base.py", line 511, in parse
    compiled_result = compile_func(self, token)
  File "C:\Users\kate\PycharmProjects\member-management\venv\lib\site-packages\django\template\defaulttags.py", line 967, in do_if
    nodelist = parser.parse(("endif",))
  File "C:\Users\kate\PycharmProjects\member-management\venv\lib\site-packages\django\template\base.py", line 507, in parse
    self.invalid_block_tag(token, command, parse_until)
  File "C:\Users\kate\PycharmProjects\member-management\venv\lib\site-packages\django\template\base.py", line 558, in invalid_block_tag
    raise self.error(
django.template.exceptions.TemplateSyntaxError: Invalid block tag on line 16: 'endfif', expected 'endif'. Did you forget to register or load this tag?
"GET /individual/37/ HTTP/1.1" 500 177627
Watching for file changes with StatReloader
Internal Server Error: /individual/38/
Traceback (most recent call last):
  File "C:\Users\kate\PycharmProjects\member-management\venv\lib\site-packages\django\core\handlers\exception.py", line 55, in inner
    response = get_response(request)
  File "C:\Users\kate\PycharmProjects\member-management\venv\lib\site-packages\django\core\handlers\base.py", line 197, in _get_response
    response = wrapped_callback(request, *callback_args, **callback_kwargs)
  File "C:\Users\kate\PycharmProjects\member-management\management\views.py", line 3844, in individual
    individual_obj = Individual.objects.get(id=individual_id)
  File "C:\Users\kate\PycharmProjects\member-management\venv\lib\site-packages\django\db\models\manager.py", line 87, in manager_method
    return getattr(self.get_queryset(), name)(*args, **kwargs)
  File "C:\Users\kate\PycharmProjects\member-management\venv\lib\site-packages\django\db\models\query.py", line 637, in get
    raise self.model.DoesNotExist(
management.models.Individual.DoesNotExist: Individual matching query does not exist.
"GET /individual/38/ HTTP/1.1" 500 74883
Internal Server Error: /individual/37/
Traceback (most recent call last):
  File "C:\Users\kate\PycharmProjects\member-management\venv\lib\site-packages\django\template\base.py", line 505, in parse
    compile_func = self.tags[command]
KeyError: 'endfor'

During handling of the above exception, another exception occurred:

Traceback (most recent call last):
  File "C:\Users\kate\PycharmProjects\member-management\venv\lib\site-packages\django\core\handlers\exception.py", line 55, in inner
    response = get_response(request)
  File "C:\Users\kate\PycharmProjects\member-management\venv\lib\site-packages\django\core\handlers\base.py", line 197, in _get_response
    response = wrapped_callback(request, *callback_args, **callback_kwargs)
  File "C:\Users\kate\PycharmProjects\member-management\management\views.py", line 3845, in individual
    return render(request, 'individual_page.html', {
  File "C:\Users\kate\PycharmProjects\member-management\venv\lib\site-packages\django\shortcuts.py", line 24, in render
    content = loader.render_to_string(template_name, context, request, using=using)
  File "C:\Users\kate\PycharmProjects\member-management\venv\lib\site-packages\django\template\loader.py", line 61, in render_to_string
    template = get_template(template_name, using=using)
  File "C:\Users\kate\PycharmProjects\member-management\venv\lib\site-packages\django\template\loader.py", line 15, in get_template
    return engine.get_template(template_name)
  File "C:\Users\kate\PycharmProjects\member-management\venv\lib\site-packages\django\template\backends\django.py", line 33, in get_template
    return Template(self.engine.get_template(template_name), self)
  File "C:\Users\kate\PycharmProjects\member-management\venv\lib\site-packages\django\template\engine.py", line 175, in get_template
    template, origin = self.find_template(template_name)
  File "C:\Users\kate\PycharmProjects\member-management\venv\lib\site-packages\django\template\engine.py", line 157, in find_template
    template = loader.get_template(name, skip=skip)
  File "C:\Users\kate\PycharmProjects\member-management\venv\lib\site-packages\django\template\loaders\cached.py", line 57, in get_template
    template = super().get_template(template_name, skip)
  File "C:\Users\kate\PycharmProjects\member-management\venv\lib\site-packages\django\template\loaders\base.py", line 28, in get_template
    return Template(
  File "C:\Users\kate\PycharmProjects\member-management\venv\lib\site-packages\django\template\base.py", line 154, in __init__
    self.nodelist = self.compile_nodelist()
  File "C:\Users\kate\PycharmProjects\member-management\venv\lib\site-packages\django\template\base.py", line 200, in compile_nodelist
    return parser.parse()
  File "C:\Users\kate\PycharmProjects\member-management\venv\lib\site-packages\django\template\base.py", line 513, in parse
    raise self.error(token, e)
  File "C:\Users\kate\PycharmProjects\member-management\venv\lib\site-packages\django\template\base.py", line 511, in parse
    compiled_result = compile_func(self, token)
  File "C:\Users\kate\PycharmProjects\member-management\venv\lib\site-packages\django\template\loader_tags.py", line 293, in do_extends
    nodelist = parser.parse()
  File "C:\Users\kate\PycharmProjects\member-management\venv\lib\site-packages\django\template\base.py", line 513, in parse
    raise self.error(token, e)
  File "C:\Users\kate\PycharmProjects\member-management\venv\lib\site-packages\django\template\base.py", line 511, in parse
    compiled_result = compile_func(self, token)
  File "C:\Users\kate\PycharmProjects\member-management\venv\lib\site-packages\django\template\loader_tags.py", line 232, in do_block
    nodelist = parser.parse(("endblock",))
  File "C:\Users\kate\PycharmProjects\member-management\venv\lib\site-packages\django\template\base.py", line 513, in parse
    raise self.error(token, e)
  File "C:\Users\kate\PycharmProjects\member-management\venv\lib\site-packages\django\template\base.py", line 511, in parse
    compiled_result = compile_func(self, token)
  File "C:\Users\kate\PycharmProjects\member-management\venv\lib\site-packages\django\template\defaulttags.py", line 953, in do_if
    nodelist = parser.parse(("elif", "else", "endif"))
  File "C:\Users\kate\PycharmProjects\member-management\venv\lib\site-packages\django\template\base.py", line 507, in parse
    self.invalid_block_tag(token, command, parse_until)
  File "C:\Users\kate\PycharmProjects\member-management\venv\lib\site-packages\django\template\base.py", line 558, in invalid_block_tag
    raise self.error(
django.template.exceptions.TemplateSyntaxError: Invalid block tag on line 22: 'endfor', expected 'elif', 'else' or 'endif'. Did you forget to register or load this tag?
"GET /individual/37/ HTTP/1.1" 500 179855
Internal Server Error: /individual/37/
Traceback (most recent call last):
  File "C:\Users\kate\PycharmProjects\member-management\venv\lib\site-packages\django\core\handlers\exception.py", line 55, in inner
    response = get_response(request)
  File "C:\Users\kate\PycharmProjects\member-management\venv\lib\site-packages\django\core\handlers\base.py", line 197, in _get_response
    response = wrapped_callback(request, *callback_args, **callback_kwargs)
  File "C:\Users\kate\PycharmProjects\member-management\management\views.py", line 3845, in individual
    return render(request, 'individual_page.html', {
  File "C:\Users\kate\PycharmProjects\member-management\venv\lib\site-packages\django\shortcuts.py", line 24, in render
    content = loader.render_to_string(template_name, context, request, using=using)
  File "C:\Users\kate\PycharmProjects\member-management\venv\lib\site-packages\django\template\loader.py", line 62, in render_to_string
    return template.render(context, request)
  File "C:\Users\kate\PycharmProjects\member-management\venv\lib\site-packages\django\template\backends\django.py", line 61, in render
    return self.template.render(context)
  File "C:\Users\kate\PycharmProjects\member-management\venv\lib\site-packages\django\template\base.py", line 175, in render
    return self._render(context)
  File "C:\Users\kate\PycharmProjects\member-management\venv\lib\site-packages\django\template\base.py", line 167, in _render
    return self.nodelist.render(context)
  File "C:\Users\kate\PycharmProjects\member-management\venv\lib\site-packages\django\template\base.py", line 1005, in render
    return SafeString("".join([node.render_annotated(context) for node in self]))
  File "C:\Users\kate\PycharmProjects\member-management\venv\lib\site-packages\django\template\base.py", line 1005, in <listcomp>
    return SafeString("".join([node.render_annotated(context) for node in self]))
  File "C:\Users\kate\PycharmProjects\member-management\venv\lib\site-packages\django\template\base.py", line 966, in render_annotated
    return self.render(context)
  File "C:\Users\kate\PycharmProjects\member-management\venv\lib\site-packages\django\template\loader_tags.py", line 157, in render
    return compiled_parent._render(context)
  File "C:\Users\kate\PycharmProjects\member-management\venv\lib\site-packages\django\template\base.py", line 167, in _render
    return self.nodelist.render(context)
  File "C:\Users\kate\PycharmProjects\member-management\venv\lib\site-packages\django\template\base.py", line 1005, in render
    return SafeString("".join([node.render_annotated(context) for node in self]))
  File "C:\Users\kate\PycharmProjects\member-management\venv\lib\site-packages\django\template\base.py", line 1005, in <listcomp>
    return SafeString("".join([node.render_annotated(context) for node in self]))
  File "C:\Users\kate\PycharmProjects\member-management\venv\lib\site-packages\django\template\base.py", line 966, in render_annotated
    return self.render(context)
  File "C:\Users\kate\PycharmProjects\member-management\venv\lib\site-packages\django\template\loader_tags.py", line 63, in render
    result = block.nodelist.render(context)
  File "C:\Users\kate\PycharmProjects\member-management\venv\lib\site-packages\django\template\base.py", line 1005, in render
    return SafeString("".join([node.render_annotated(context) for node in self]))
  File "C:\Users\kate\PycharmProjects\member-management\venv\lib\site-packages\django\template\base.py", line 1005, in <listcomp>
    return SafeString("".join([node.render_annotated(context) for node in self]))
  File "C:\Users\kate\PycharmProjects\member-management\venv\lib\site-packages\django\template\base.py", line 966, in render_annotated
    return self.render(context)
  File "C:\Users\kate\PycharmProjects\member-management\venv\lib\site-packages\django\template\defaulttags.py", line 238, in render
    nodelist.append(node.render_annotated(context))
  File "C:\Users\kate\PycharmProjects\member-management\venv\lib\site-packages\django\template\base.py", line 966, in render_annotated
    return self.render(context)
  File "C:\Users\kate\PycharmProjects\member-management\venv\lib\site-packages\django\template\defaulttags.py", line 193, in render
    values = list(values)
TypeError: 'Individual' object is not iterable
"GET /individual/37/ HTTP/1.1" 500 162822
Internal Server Error: /individual/37/
Traceback (most recent call last):
  File "C:\Users\kate\PycharmProjects\member-management\venv\lib\site-packages\django\core\handlers\exception.py", line 55, in inner
    response = get_response(request)
  File "C:\Users\kate\PycharmProjects\member-management\venv\lib\site-packages\django\core\handlers\base.py", line 197, in _get_response
    response = wrapped_callback(request, *callback_args, **callback_kwargs)
  File "C:\Users\kate\PycharmProjects\member-management\management\views.py", line 3845, in individual
    return render(request, 'individual_page.html', {
  File "C:\Users\kate\PycharmProjects\member-management\venv\lib\site-packages\django\shortcuts.py", line 24, in render
    content = loader.render_to_string(template_name, context, request, using=using)
  File "C:\Users\kate\PycharmProjects\member-management\venv\lib\site-packages\django\template\loader.py", line 62, in render_to_string
    return template.render(context, request)
  File "C:\Users\kate\PycharmProjects\member-management\venv\lib\site-packages\django\template\backends\django.py", line 61, in render
    return self.template.render(context)
  File "C:\Users\kate\PycharmProjects\member-management\venv\lib\site-packages\django\template\base.py", line 175, in render
    return self._render(context)
  File "C:\Users\kate\PycharmProjects\member-management\venv\lib\site-packages\django\template\base.py", line 167, in _render
    return self.nodelist.render(context)
  File "C:\Users\kate\PycharmProjects\member-management\venv\lib\site-packages\django\template\base.py", line 1005, in render
    return SafeString("".join([node.render_annotated(context) for node in self]))
  File "C:\Users\kate\PycharmProjects\member-management\venv\lib\site-packages\django\template\base.py", line 1005, in <listcomp>
    return SafeString("".join([node.render_annotated(context) for node in self]))
  File "C:\Users\kate\PycharmProjects\member-management\venv\lib\site-packages\django\template\base.py", line 966, in render_annotated
    return self.render(context)
  File "C:\Users\kate\PycharmProjects\member-management\venv\lib\site-packages\django\template\loader_tags.py", line 157, in render
    return compiled_parent._render(context)
  File "C:\Users\kate\PycharmProjects\member-management\venv\lib\site-packages\django\template\base.py", line 167, in _render
    return self.nodelist.render(context)
  File "C:\Users\kate\PycharmProjects\member-management\venv\lib\site-packages\django\template\base.py", line 1005, in render
    return SafeString("".join([node.render_annotated(context) for node in self]))
  File "C:\Users\kate\PycharmProjects\member-management\venv\lib\site-packages\django\template\base.py", line 1005, in <listcomp>
    return SafeString("".join([node.render_annotated(context) for node in self]))
  File "C:\Users\kate\PycharmProjects\member-management\venv\lib\site-packages\django\template\base.py", line 966, in render_annotated
    return self.render(context)
  File "C:\Users\kate\PycharmProjects\member-management\venv\lib\site-packages\django\template\loader_tags.py", line 63, in render
    result = block.nodelist.render(context)
  File "C:\Users\kate\PycharmProjects\member-management\venv\lib\site-packages\django\template\base.py", line 1005, in render
    return SafeString("".join([node.render_annotated(context) for node in self]))
  File "C:\Users\kate\PycharmProjects\member-management\venv\lib\site-packages\django\template\base.py", line 1005, in <listcomp>
    return SafeString("".join([node.render_annotated(context) for node in self]))
  File "C:\Users\kate\PycharmProjects\member-management\venv\lib\site-packages\django\template\base.py", line 966, in render_annotated
    return self.render(context)
  File "C:\Users\kate\PycharmProjects\member-management\venv\lib\site-packages\django\template\defaulttags.py", line 193, in render
    values = list(values)
TypeError: 'ManyRelatedManager' object is not iterable
"GET /individual/37/ HTTP/1.1" 500 152741
Internal Server Error: /individual/37/
Traceback (most recent call last):
  File "C:\Users\kate\PycharmProjects\member-management\venv\lib\site-packages\django\core\handlers\exception.py", line 55, in inner
    response = get_response(request)
  File "C:\Users\kate\PycharmProjects\member-management\venv\lib\site-packages\django\core\handlers\base.py", line 197, in _get_response
    response = wrapped_callback(request, *callback_args, **callback_kwargs)
  File "C:\Users\kate\PycharmProjects\member-management\management\views.py", line 3845, in individual
    return render(request, 'individual_page.html', {
  File "C:\Users\kate\PycharmProjects\member-management\venv\lib\site-packages\django\shortcuts.py", line 24, in render
    content = loader.render_to_string(template_name, context, request, using=using)
  File "C:\Users\kate\PycharmProjects\member-management\venv\lib\site-packages\django\template\loader.py", line 62, in render_to_string
    return template.render(context, request)
  File "C:\Users\kate\PycharmProjects\member-management\venv\lib\site-packages\django\template\backends\django.py", line 61, in render
    return self.template.render(context)
  File "C:\Users\kate\PycharmProjects\member-management\venv\lib\site-packages\django\template\base.py", line 175, in render
    return self._render(context)
  File "C:\Users\kate\PycharmProjects\member-management\venv\lib\site-packages\django\template\base.py", line 167, in _render
    return self.nodelist.render(context)
  File "C:\Users\kate\PycharmProjects\member-management\venv\lib\site-packages\django\template\base.py", line 1005, in render
    return SafeString("".join([node.render_annotated(context) for node in self]))
  File "C:\Users\kate\PycharmProjects\member-management\venv\lib\site-packages\django\template\base.py", line 1005, in <listcomp>
    return SafeString("".join([node.render_annotated(context) for node in self]))
  File "C:\Users\kate\PycharmProjects\member-management\venv\lib\site-packages\django\template\base.py", line 966, in render_annotated
    return self.render(context)
  File "C:\Users\kate\PycharmProjects\member-management\venv\lib\site-packages\django\template\loader_tags.py", line 157, in render
    return compiled_parent._render(context)
  File "C:\Users\kate\PycharmProjects\member-management\venv\lib\site-packages\django\template\base.py", line 167, in _render
    return self.nodelist.render(context)
  File "C:\Users\kate\PycharmProjects\member-management\venv\lib\site-packages\django\template\base.py", line 1005, in render
    return SafeString("".join([node.render_annotated(context) for node in self]))
  File "C:\Users\kate\PycharmProjects\member-management\venv\lib\site-packages\django\template\base.py", line 1005, in <listcomp>
    return SafeString("".join([node.render_annotated(context) for node in self]))
  File "C:\Users\kate\PycharmProjects\member-management\venv\lib\site-packages\django\template\base.py", line 966, in render_annotated
    return self.render(context)
  File "C:\Users\kate\PycharmProjects\member-management\venv\lib\site-packages\django\template\loader_tags.py", line 63, in render
    result = block.nodelist.render(context)
  File "C:\Users\kate\PycharmProjects\member-management\venv\lib\site-packages\django\template\base.py", line 1005, in render
    return SafeString("".join([node.render_annotated(context) for node in self]))
  File "C:\Users\kate\PycharmProjects\member-management\venv\lib\site-packages\django\template\base.py", line 1005, in <listcomp>
    return SafeString("".join([node.render_annotated(context) for node in self]))
  File "C:\Users\kate\PycharmProjects\member-management\venv\lib\site-packages\django\template\base.py", line 966, in render_annotated
    return self.render(context)
  File "C:\Users\kate\PycharmProjects\member-management\venv\lib\site-packages\django\template\defaulttags.py", line 193, in render
    values = list(values)
TypeError: 'ManyRelatedManager' object is not iterable
"GET /individual/37/ HTTP/1.1" 500 152741
Internal Server Error: /individual/37/
Traceback (most recent call last):
  File "C:\Users\kate\PycharmProjects\member-management\venv\lib\site-packages\django\core\handlers\exception.py", line 55, in inner
    response = get_response(request)
  File "C:\Users\kate\PycharmProjects\member-management\venv\lib\site-packages\django\core\handlers\base.py", line 197, in _get_response
    response = wrapped_callback(request, *callback_args, **callback_kwargs)
  File "C:\Users\kate\PycharmProjects\member-management\management\views.py", line 3845, in individual
    return render(request, 'individual_page.html', {
  File "C:\Users\kate\PycharmProjects\member-management\venv\lib\site-packages\django\shortcuts.py", line 24, in render
    content = loader.render_to_string(template_name, context, request, using=using)
  File "C:\Users\kate\PycharmProjects\member-management\venv\lib\site-packages\django\template\loader.py", line 62, in render_to_string
    return template.render(context, request)
  File "C:\Users\kate\PycharmProjects\member-management\venv\lib\site-packages\django\template\backends\django.py", line 61, in render
    return self.template.render(context)
  File "C:\Users\kate\PycharmProjects\member-management\venv\lib\site-packages\django\template\base.py", line 175, in render
    return self._render(context)
  File "C:\Users\kate\PycharmProjects\member-management\venv\lib\site-packages\django\template\base.py", line 167, in _render
    return self.nodelist.render(context)
  File "C:\Users\kate\PycharmProjects\member-management\venv\lib\site-packages\django\template\base.py", line 1005, in render
    return SafeString("".join([node.render_annotated(context) for node in self]))
  File "C:\Users\kate\PycharmProjects\member-management\venv\lib\site-packages\django\template\base.py", line 1005, in <listcomp>
    return SafeString("".join([node.render_annotated(context) for node in self]))
  File "C:\Users\kate\PycharmProjects\member-management\venv\lib\site-packages\django\template\base.py", line 966, in render_annotated
    return self.render(context)
  File "C:\Users\kate\PycharmProjects\member-management\venv\lib\site-packages\django\template\loader_tags.py", line 157, in render
    return compiled_parent._render(context)
  File "C:\Users\kate\PycharmProjects\member-management\venv\lib\site-packages\django\template\base.py", line 167, in _render
    return self.nodelist.render(context)
  File "C:\Users\kate\PycharmProjects\member-management\venv\lib\site-packages\django\template\base.py", line 1005, in render
    return SafeString("".join([node.render_annotated(context) for node in self]))
  File "C:\Users\kate\PycharmProjects\member-management\venv\lib\site-packages\django\template\base.py", line 1005, in <listcomp>
    return SafeString("".join([node.render_annotated(context) for node in self]))
  File "C:\Users\kate\PycharmProjects\member-management\venv\lib\site-packages\django\template\base.py", line 966, in render_annotated
    return self.render(context)
  File "C:\Users\kate\PycharmProjects\member-management\venv\lib\site-packages\django\template\loader_tags.py", line 63, in render
    result = block.nodelist.render(context)
  File "C:\Users\kate\PycharmProjects\member-management\venv\lib\site-packages\django\template\base.py", line 1005, in render
    return SafeString("".join([node.render_annotated(context) for node in self]))
  File "C:\Users\kate\PycharmProjects\member-management\venv\lib\site-packages\django\template\base.py", line 1005, in <listcomp>
    return SafeString("".join([node.render_annotated(context) for node in self]))
  File "C:\Users\kate\PycharmProjects\member-management\venv\lib\site-packages\django\template\base.py", line 966, in render_annotated
    return self.render(context)
  File "C:\Users\kate\PycharmProjects\member-management\venv\lib\site-packages\django\template\defaulttags.py", line 193, in render
    values = list(values)
TypeError: 'ManyRelatedManager' object is not iterable
"GET /individual/37/ HTTP/1.1" 500 152455
Internal Server Error: /individual/37/
Traceback (most recent call last):
  File "C:\Users\kate\PycharmProjects\member-management\venv\lib\site-packages\django\core\handlers\exception.py", line 55, in inner
    response = get_response(request)
  File "C:\Users\kate\PycharmProjects\member-management\venv\lib\site-packages\django\core\handlers\base.py", line 197, in _get_response
    response = wrapped_callback(request, *callback_args, **callback_kwargs)
  File "C:\Users\kate\PycharmProjects\member-management\management\views.py", line 3845, in individual
    return render(request, 'individual_page.html', {
  File "C:\Users\kate\PycharmProjects\member-management\venv\lib\site-packages\django\shortcuts.py", line 24, in render
    content = loader.render_to_string(template_name, context, request, using=using)
  File "C:\Users\kate\PycharmProjects\member-management\venv\lib\site-packages\django\template\loader.py", line 62, in render_to_string
    return template.render(context, request)
  File "C:\Users\kate\PycharmProjects\member-management\venv\lib\site-packages\django\template\backends\django.py", line 61, in render
    return self.template.render(context)
  File "C:\Users\kate\PycharmProjects\member-management\venv\lib\site-packages\django\template\base.py", line 175, in render
    return self._render(context)
  File "C:\Users\kate\PycharmProjects\member-management\venv\lib\site-packages\django\template\base.py", line 167, in _render
    return self.nodelist.render(context)
  File "C:\Users\kate\PycharmProjects\member-management\venv\lib\site-packages\django\template\base.py", line 1005, in render
    return SafeString("".join([node.render_annotated(context) for node in self]))
  File "C:\Users\kate\PycharmProjects\member-management\venv\lib\site-packages\django\template\base.py", line 1005, in <listcomp>
    return SafeString("".join([node.render_annotated(context) for node in self]))
  File "C:\Users\kate\PycharmProjects\member-management\venv\lib\site-packages\django\template\base.py", line 966, in render_annotated
    return self.render(context)
  File "C:\Users\kate\PycharmProjects\member-management\venv\lib\site-packages\django\template\loader_tags.py", line 157, in render
    return compiled_parent._render(context)
  File "C:\Users\kate\PycharmProjects\member-management\venv\lib\site-packages\django\template\base.py", line 167, in _render
    return self.nodelist.render(context)
  File "C:\Users\kate\PycharmProjects\member-management\venv\lib\site-packages\django\template\base.py", line 1005, in render
    return SafeString("".join([node.render_annotated(context) for node in self]))
  File "C:\Users\kate\PycharmProjects\member-management\venv\lib\site-packages\django\template\base.py", line 1005, in <listcomp>
    return SafeString("".join([node.render_annotated(context) for node in self]))
  File "C:\Users\kate\PycharmProjects\member-management\venv\lib\site-packages\django\template\base.py", line 966, in render_annotated
    return self.render(context)
  File "C:\Users\kate\PycharmProjects\member-management\venv\lib\site-packages\django\template\loader_tags.py", line 63, in render
    result = block.nodelist.render(context)
  File "C:\Users\kate\PycharmProjects\member-management\venv\lib\site-packages\django\template\base.py", line 1005, in render
    return SafeString("".join([node.render_annotated(context) for node in self]))
  File "C:\Users\kate\PycharmProjects\member-management\venv\lib\site-packages\django\template\base.py", line 1005, in <listcomp>
    return SafeString("".join([node.render_annotated(context) for node in self]))
  File "C:\Users\kate\PycharmProjects\member-management\venv\lib\site-packages\django\template\base.py", line 966, in render_annotated
    return self.render(context)
  File "C:\Users\kate\PycharmProjects\member-management\venv\lib\site-packages\django\template\defaulttags.py", line 193, in render
    values = list(values)
TypeError: 'ManyRelatedManager' object is not iterable
"GET /individual/37/ HTTP/1.1" 500 152455
Internal Server Error: /individual/37/
Traceback (most recent call last):
  File "C:\Users\kate\PycharmProjects\member-management\venv\lib\site-packages\django\core\handlers\exception.py", line 55, in inner
    response = get_response(request)
  File "C:\Users\kate\PycharmProjects\member-management\venv\lib\site-packages\django\core\handlers\base.py", line 197, in _get_response
    response = wrapped_callback(request, *callback_args, **callback_kwargs)
  File "C:\Users\kate\PycharmProjects\member-management\management\views.py", line 3845, in individual
    return render(request, 'individual_page.html', {
  File "C:\Users\kate\PycharmProjects\member-management\venv\lib\site-packages\django\shortcuts.py", line 24, in render
    content = loader.render_to_string(template_name, context, request, using=using)
  File "C:\Users\kate\PycharmProjects\member-management\venv\lib\site-packages\django\template\loader.py", line 62, in render_to_string
    return template.render(context, request)
  File "C:\Users\kate\PycharmProjects\member-management\venv\lib\site-packages\django\template\backends\django.py", line 61, in render
    return self.template.render(context)
  File "C:\Users\kate\PycharmProjects\member-management\venv\lib\site-packages\django\template\base.py", line 175, in render
    return self._render(context)
  File "C:\Users\kate\PycharmProjects\member-management\venv\lib\site-packages\django\template\base.py", line 167, in _render
    return self.nodelist.render(context)
  File "C:\Users\kate\PycharmProjects\member-management\venv\lib\site-packages\django\template\base.py", line 1005, in render
    return SafeString("".join([node.render_annotated(context) for node in self]))
  File "C:\Users\kate\PycharmProjects\member-management\venv\lib\site-packages\django\template\base.py", line 1005, in <listcomp>
    return SafeString("".join([node.render_annotated(context) for node in self]))
  File "C:\Users\kate\PycharmProjects\member-management\venv\lib\site-packages\django\template\base.py", line 966, in render_annotated
    return self.render(context)
  File "C:\Users\kate\PycharmProjects\member-management\venv\lib\site-packages\django\template\loader_tags.py", line 157, in render
    return compiled_parent._render(context)
  File "C:\Users\kate\PycharmProjects\member-management\venv\lib\site-packages\django\template\base.py", line 167, in _render
    return self.nodelist.render(context)
  File "C:\Users\kate\PycharmProjects\member-management\venv\lib\site-packages\django\template\base.py", line 1005, in render
    return SafeString("".join([node.render_annotated(context) for node in self]))
  File "C:\Users\kate\PycharmProjects\member-management\venv\lib\site-packages\django\template\base.py", line 1005, in <listcomp>
    return SafeString("".join([node.render_annotated(context) for node in self]))
  File "C:\Users\kate\PycharmProjects\member-management\venv\lib\site-packages\django\template\base.py", line 966, in render_annotated
    return self.render(context)
  File "C:\Users\kate\PycharmProjects\member-management\venv\lib\site-packages\django\template\loader_tags.py", line 63, in render
    result = block.nodelist.render(context)
  File "C:\Users\kate\PycharmProjects\member-management\venv\lib\site-packages\django\template\base.py", line 1005, in render
    return SafeString("".join([node.render_annotated(context) for node in self]))
  File "C:\Users\kate\PycharmProjects\member-management\venv\lib\site-packages\django\template\base.py", line 1005, in <listcomp>
    return SafeString("".join([node.render_annotated(context) for node in self]))
  File "C:\Users\kate\PycharmProjects\member-management\venv\lib\site-packages\django\template\base.py", line 966, in render_annotated
    return self.render(context)
  File "C:\Users\kate\PycharmProjects\member-management\venv\lib\site-packages\django\template\defaulttags.py", line 193, in render
    values = list(values)
TypeError: 'ManyRelatedManager' object is not iterable
"GET /individual/37/ HTTP/1.1" 500 152741
Internal Server Error: /individual/37/
Traceback (most recent call last):
  File "C:\Users\kate\PycharmProjects\member-management\venv\lib\site-packages\django\core\handlers\exception.py", line 55, in inner
    response = get_response(request)
  File "C:\Users\kate\PycharmProjects\member-management\venv\lib\site-packages\django\core\handlers\base.py", line 197, in _get_response
    response = wrapped_callback(request, *callback_args, **callback_kwargs)
  File "C:\Users\kate\PycharmProjects\member-management\management\views.py", line 3845, in individual
    return render(request, 'individual_page.html', {
  File "C:\Users\kate\PycharmProjects\member-management\venv\lib\site-packages\django\shortcuts.py", line 24, in render
    content = loader.render_to_string(template_name, context, request, using=using)
  File "C:\Users\kate\PycharmProjects\member-management\venv\lib\site-packages\django\template\loader.py", line 62, in render_to_string
    return template.render(context, request)
  File "C:\Users\kate\PycharmProjects\member-management\venv\lib\site-packages\django\template\backends\django.py", line 61, in render
    return self.template.render(context)
  File "C:\Users\kate\PycharmProjects\member-management\venv\lib\site-packages\django\template\base.py", line 175, in render
    return self._render(context)
  File "C:\Users\kate\PycharmProjects\member-management\venv\lib\site-packages\django\template\base.py", line 167, in _render
    return self.nodelist.render(context)
  File "C:\Users\kate\PycharmProjects\member-management\venv\lib\site-packages\django\template\base.py", line 1005, in render
    return SafeString("".join([node.render_annotated(context) for node in self]))
  File "C:\Users\kate\PycharmProjects\member-management\venv\lib\site-packages\django\template\base.py", line 1005, in <listcomp>
    return SafeString("".join([node.render_annotated(context) for node in self]))
  File "C:\Users\kate\PycharmProjects\member-management\venv\lib\site-packages\django\template\base.py", line 966, in render_annotated
    return self.render(context)
  File "C:\Users\kate\PycharmProjects\member-management\venv\lib\site-packages\django\template\loader_tags.py", line 157, in render
    return compiled_parent._render(context)
  File "C:\Users\kate\PycharmProjects\member-management\venv\lib\site-packages\django\template\base.py", line 167, in _render
    return self.nodelist.render(context)
  File "C:\Users\kate\PycharmProjects\member-management\venv\lib\site-packages\django\template\base.py", line 1005, in render
    return SafeString("".join([node.render_annotated(context) for node in self]))
  File "C:\Users\kate\PycharmProjects\member-management\venv\lib\site-packages\django\template\base.py", line 1005, in <listcomp>
    return SafeString("".join([node.render_annotated(context) for node in self]))
  File "C:\Users\kate\PycharmProjects\member-management\venv\lib\site-packages\django\template\base.py", line 966, in render_annotated
    return self.render(context)
  File "C:\Users\kate\PycharmProjects\member-management\venv\lib\site-packages\django\template\loader_tags.py", line 63, in render
    result = block.nodelist.render(context)
  File "C:\Users\kate\PycharmProjects\member-management\venv\lib\site-packages\django\template\base.py", line 1005, in render
    return SafeString("".join([node.render_annotated(context) for node in self]))
  File "C:\Users\kate\PycharmProjects\member-management\venv\lib\site-packages\django\template\base.py", line 1005, in <listcomp>
    return SafeString("".join([node.render_annotated(context) for node in self]))
  File "C:\Users\kate\PycharmProjects\member-management\venv\lib\site-packages\django\template\base.py", line 966, in render_annotated
    return self.render(context)
  File "C:\Users\kate\PycharmProjects\member-management\venv\lib\site-packages\django\template\defaulttags.py", line 193, in render
    values = list(values)
TypeError: 'ManyRelatedManager' object is not iterable
"GET /individual/37/ HTTP/1.1" 500 152741
Internal Server Error: /individual/37/
Traceback (most recent call last):
  File "C:\Users\kate\PycharmProjects\member-management\venv\lib\site-packages\django\core\handlers\exception.py", line 55, in inner
    response = get_response(request)
  File "C:\Users\kate\PycharmProjects\member-management\venv\lib\site-packages\django\core\handlers\base.py", line 197, in _get_response
    response = wrapped_callback(request, *callback_args, **callback_kwargs)
  File "C:\Users\kate\PycharmProjects\member-management\management\views.py", line 3845, in individual
    return render(request, 'individual_page.html', {
  File "C:\Users\kate\PycharmProjects\member-management\venv\lib\site-packages\django\shortcuts.py", line 24, in render
    content = loader.render_to_string(template_name, context, request, using=using)
  File "C:\Users\kate\PycharmProjects\member-management\venv\lib\site-packages\django\template\loader.py", line 62, in render_to_string
    return template.render(context, request)
  File "C:\Users\kate\PycharmProjects\member-management\venv\lib\site-packages\django\template\backends\django.py", line 61, in render
    return self.template.render(context)
  File "C:\Users\kate\PycharmProjects\member-management\venv\lib\site-packages\django\template\base.py", line 175, in render
    return self._render(context)
  File "C:\Users\kate\PycharmProjects\member-management\venv\lib\site-packages\django\template\base.py", line 167, in _render
    return self.nodelist.render(context)
  File "C:\Users\kate\PycharmProjects\member-management\venv\lib\site-packages\django\template\base.py", line 1005, in render
    return SafeString("".join([node.render_annotated(context) for node in self]))
  File "C:\Users\kate\PycharmProjects\member-management\venv\lib\site-packages\django\template\base.py", line 1005, in <listcomp>
    return SafeString("".join([node.render_annotated(context) for node in self]))
  File "C:\Users\kate\PycharmProjects\member-management\venv\lib\site-packages\django\template\base.py", line 966, in render_annotated
    return self.render(context)
  File "C:\Users\kate\PycharmProjects\member-management\venv\lib\site-packages\django\template\loader_tags.py", line 157, in render
    return compiled_parent._render(context)
  File "C:\Users\kate\PycharmProjects\member-management\venv\lib\site-packages\django\template\base.py", line 167, in _render
    return self.nodelist.render(context)
  File "C:\Users\kate\PycharmProjects\member-management\venv\lib\site-packages\django\template\base.py", line 1005, in render
    return SafeString("".join([node.render_annotated(context) for node in self]))
  File "C:\Users\kate\PycharmProjects\member-management\venv\lib\site-packages\django\template\base.py", line 1005, in <listcomp>
    return SafeString("".join([node.render_annotated(context) for node in self]))
  File "C:\Users\kate\PycharmProjects\member-management\venv\lib\site-packages\django\template\base.py", line 966, in render_annotated
    return self.render(context)
  File "C:\Users\kate\PycharmProjects\member-management\venv\lib\site-packages\django\template\loader_tags.py", line 63, in render
    result = block.nodelist.render(context)
  File "C:\Users\kate\PycharmProjects\member-management\venv\lib\site-packages\django\template\base.py", line 1005, in render
    return SafeString("".join([node.render_annotated(context) for node in self]))
  File "C:\Users\kate\PycharmProjects\member-management\venv\lib\site-packages\django\template\base.py", line 1005, in <listcomp>
    return SafeString("".join([node.render_annotated(context) for node in self]))
  File "C:\Users\kate\PycharmProjects\member-management\venv\lib\site-packages\django\template\base.py", line 966, in render_annotated
    return self.render(context)
  File "C:\Users\kate\PycharmProjects\member-management\venv\lib\site-packages\django\template\defaulttags.py", line 193, in render
    values = list(values)
TypeError: 'ManyRelatedManager' object is not iterable
"GET /individual/37/ HTTP/1.1" 500 152741
Internal Server Error: /individual/37/
Traceback (most recent call last):
  File "C:\Users\kate\PycharmProjects\member-management\venv\lib\site-packages\django\template\base.py", line 505, in parse
    compile_func = self.tags[command]
KeyError: 'endfor'

During handling of the above exception, another exception occurred:

Traceback (most recent call last):
  File "C:\Users\kate\PycharmProjects\member-management\venv\lib\site-packages\django\core\handlers\exception.py", line 55, in inner
    response = get_response(request)
  File "C:\Users\kate\PycharmProjects\member-management\venv\lib\site-packages\django\core\handlers\base.py", line 197, in _get_response
    response = wrapped_callback(request, *callback_args, **callback_kwargs)
  File "C:\Users\kate\PycharmProjects\member-management\management\views.py", line 3845, in individual
    return render(request, 'individual_page.html', {
  File "C:\Users\kate\PycharmProjects\member-management\venv\lib\site-packages\django\shortcuts.py", line 24, in render
    content = loader.render_to_string(template_name, context, request, using=using)
  File "C:\Users\kate\PycharmProjects\member-management\venv\lib\site-packages\django\template\loader.py", line 61, in render_to_string
    template = get_template(template_name, using=using)
  File "C:\Users\kate\PycharmProjects\member-management\venv\lib\site-packages\django\template\loader.py", line 15, in get_template
    return engine.get_template(template_name)
  File "C:\Users\kate\PycharmProjects\member-management\venv\lib\site-packages\django\template\backends\django.py", line 33, in get_template
    return Template(self.engine.get_template(template_name), self)
  File "C:\Users\kate\PycharmProjects\member-management\venv\lib\site-packages\django\template\engine.py", line 175, in get_template
    template, origin = self.find_template(template_name)
  File "C:\Users\kate\PycharmProjects\member-management\venv\lib\site-packages\django\template\engine.py", line 157, in find_template
    template = loader.get_template(name, skip=skip)
  File "C:\Users\kate\PycharmProjects\member-management\venv\lib\site-packages\django\template\loaders\cached.py", line 57, in get_template
    template = super().get_template(template_name, skip)
  File "C:\Users\kate\PycharmProjects\member-management\venv\lib\site-packages\django\template\loaders\base.py", line 28, in get_template
    return Template(
  File "C:\Users\kate\PycharmProjects\member-management\venv\lib\site-packages\django\template\base.py", line 154, in __init__
    self.nodelist = self.compile_nodelist()
  File "C:\Users\kate\PycharmProjects\member-management\venv\lib\site-packages\django\template\base.py", line 200, in compile_nodelist
    return parser.parse()
  File "C:\Users\kate\PycharmProjects\member-management\venv\lib\site-packages\django\template\base.py", line 513, in parse
    raise self.error(token, e)
  File "C:\Users\kate\PycharmProjects\member-management\venv\lib\site-packages\django\template\base.py", line 511, in parse
    compiled_result = compile_func(self, token)
  File "C:\Users\kate\PycharmProjects\member-management\venv\lib\site-packages\django\template\loader_tags.py", line 293, in do_extends
    nodelist = parser.parse()
  File "C:\Users\kate\PycharmProjects\member-management\venv\lib\site-packages\django\template\base.py", line 513, in parse
    raise self.error(token, e)
  File "C:\Users\kate\PycharmProjects\member-management\venv\lib\site-packages\django\template\base.py", line 511, in parse
    compiled_result = compile_func(self, token)
  File "C:\Users\kate\PycharmProjects\member-management\venv\lib\site-packages\django\template\loader_tags.py", line 232, in do_block
    nodelist = parser.parse(("endblock",))
  File "C:\Users\kate\PycharmProjects\member-management\venv\lib\site-packages\django\template\base.py", line 513, in parse
    raise self.error(token, e)
  File "C:\Users\kate\PycharmProjects\member-management\venv\lib\site-packages\django\template\base.py", line 511, in parse
    compiled_result = compile_func(self, token)
  File "C:\Users\kate\PycharmProjects\member-management\venv\lib\site-packages\django\template\defaulttags.py", line 853, in do_for
    nodelist_loop = parser.parse(
  File "C:\Users\kate\PycharmProjects\member-management\venv\lib\site-packages\django\template\base.py", line 513, in parse
    raise self.error(token, e)
  File "C:\Users\kate\PycharmProjects\member-management\venv\lib\site-packages\django\template\base.py", line 511, in parse
    compiled_result = compile_func(self, token)
  File "C:\Users\kate\PycharmProjects\member-management\venv\lib\site-packages\django\template\defaulttags.py", line 967, in do_if
    nodelist = parser.parse(("endif",))
  File "C:\Users\kate\PycharmProjects\member-management\venv\lib\site-packages\django\template\base.py", line 507, in parse
    self.invalid_block_tag(token, command, parse_until)
  File "C:\Users\kate\PycharmProjects\member-management\venv\lib\site-packages\django\template\base.py", line 558, in invalid_block_tag
    raise self.error(
django.template.exceptions.TemplateSyntaxError: Invalid block tag on line 33: 'endfor', expected 'endif'. Did you forget to register or load this tag?
"GET /individual/37/ HTTP/1.1" 500 208725
C:\Users\kate\PycharmProjects\member-management\management\models.py changed, reloading.
Watching for file changes with StatReloader
C:\Users\kate\PycharmProjects\member-management\management\models.py changed, reloading.
Watching for file changes with StatReloader
C:\Users\kate\PycharmProjects\member-management\management\models.py changed, reloading.
Watching for file changes with StatReloader
Watching for file changes with StatReloader
Watching for file changes with StatReloader
C:\Users\kate\PycharmProjects\member-management\management\views.py changed, reloading.
Watching for file changes with StatReloader
Watching for file changes with StatReloader
Internal Server Error: /individual-encode/
Traceback (most recent call last):
  File "C:\Users\kate\PycharmProjects\member-management\venv\lib\site-packages\django\core\handlers\exception.py", line 55, in inner
    response = get_response(request)
  File "C:\Users\kate\PycharmProjects\member-management\venv\lib\site-packages\django\core\handlers\base.py", line 197, in _get_response
    response = wrapped_callback(request, *callback_args, **callback_kwargs)
  File "C:\Users\kate\PycharmProjects\member-management\management\views.py", line 3887, in individual_input
    selected_gender = Gender.objects.get(id=individual_gender)
  File "C:\Users\kate\PycharmProjects\member-management\venv\lib\site-packages\django\db\models\manager.py", line 87, in manager_method
    return getattr(self.get_queryset(), name)(*args, **kwargs)
  File "C:\Users\kate\PycharmProjects\member-management\venv\lib\site-packages\django\db\models\query.py", line 637, in get
    raise self.model.DoesNotExist(
management.models.Gender.DoesNotExist: Gender matching query does not exist.
"POST /individual-encode/ HTTP/1.1" 500 83578
Internal Server Error: /individual-encode/
Traceback (most recent call last):
  File "C:\Users\kate\PycharmProjects\member-management\venv\lib\site-packages\django\db\models\fields\__init__.py", line 2053, in get_prep_value
    return int(value)
ValueError: invalid literal for int() with base 10: ''

The above exception was the direct cause of the following exception:

Traceback (most recent call last):
  File "C:\Users\kate\PycharmProjects\member-management\venv\lib\site-packages\django\core\handlers\exception.py", line 55, in inner
    response = get_response(request)
  File "C:\Users\kate\PycharmProjects\member-management\venv\lib\site-packages\django\core\handlers\base.py", line 197, in _get_response
    response = wrapped_callback(request, *callback_args, **callback_kwargs)
  File "C:\Users\kate\PycharmProjects\member-management\management\views.py", line 3950, in individual_input
    individual, created = Individual.objects.create(
  File "C:\Users\kate\PycharmProjects\member-management\venv\lib\site-packages\django\db\models\manager.py", line 87, in manager_method
    return getattr(self.get_queryset(), name)(*args, **kwargs)
  File "C:\Users\kate\PycharmProjects\member-management\venv\lib\site-packages\django\db\models\query.py", line 658, in create
    obj.save(force_insert=True, using=self.db)
  File "C:\Users\kate\PycharmProjects\member-management\venv\lib\site-packages\django\db\models\base.py", line 814, in save
    self.save_base(
  File "C:\Users\kate\PycharmProjects\member-management\venv\lib\site-packages\django\db\models\base.py", line 877, in save_base
    updated = self._save_table(
  File "C:\Users\kate\PycharmProjects\member-management\venv\lib\site-packages\django\db\models\base.py", line 1020, in _save_table
    results = self._do_insert(
  File "C:\Users\kate\PycharmProjects\member-management\venv\lib\site-packages\django\db\models\base.py", line 1061, in _do_insert
    return manager._insert(
  File "C:\Users\kate\PycharmProjects\member-management\venv\lib\site-packages\django\db\models\manager.py", line 87, in manager_method
    return getattr(self.get_queryset(), name)(*args, **kwargs)
  File "C:\Users\kate\PycharmProjects\member-management\venv\lib\site-packages\django\db\models\query.py", line 1805, in _insert
    return query.get_compiler(using=using).execute_sql(returning_fields)
  File "C:\Users\kate\PycharmProjects\member-management\venv\lib\site-packages\django\db\models\sql\compiler.py", line 1821, in execute_sql
    for sql, params in self.as_sql():
  File "C:\Users\kate\PycharmProjects\member-management\venv\lib\site-packages\django\db\models\sql\compiler.py", line 1745, in as_sql
    value_rows = [
  File "C:\Users\kate\PycharmProjects\member-management\venv\lib\site-packages\django\db\models\sql\compiler.py", line 1746, in <listcomp>
    [
  File "C:\Users\kate\PycharmProjects\member-management\venv\lib\site-packages\django\db\models\sql\compiler.py", line 1747, in <listcomp>
    self.prepare_value(field, self.pre_save_val(field, obj))
  File "C:\Users\kate\PycharmProjects\member-management\venv\lib\site-packages\django\db\models\sql\compiler.py", line 1686, in prepare_value
    return field.get_db_prep_save(value, connection=self.connection)
  File "C:\Users\kate\PycharmProjects\member-management\venv\lib\site-packages\django\db\models\fields\__init__.py", line 954, in get_db_prep_save
    return self.get_db_prep_value(value, connection=connection, prepared=False)
  File "C:\Users\kate\PycharmProjects\member-management\venv\lib\site-packages\django\db\models\fields\__init__.py", line 2060, in get_db_prep_value
    value = super().get_db_prep_value(value, connection, prepared)
  File "C:\Users\kate\PycharmProjects\member-management\venv\lib\site-packages\django\db\models\fields\__init__.py", line 947, in get_db_prep_value
    value = self.get_prep_value(value)
  File "C:\Users\kate\PycharmProjects\member-management\venv\lib\site-packages\django\db\models\fields\__init__.py", line 2055, in get_prep_value
    raise e.__class__(
ValueError: Field 'age' expected a number but got ''.
"POST /individual-encode/ HTTP/1.1" 500 173440
Internal Server Error: /admin/management/individual/add/
Traceback (most recent call last):
  File "C:\Users\kate\PycharmProjects\member-management\venv\lib\site-packages\django\core\handlers\exception.py", line 55, in inner
    response = get_response(request)
  File "C:\Users\kate\PycharmProjects\member-management\venv\lib\site-packages\django\core\handlers\base.py", line 197, in _get_response
    response = wrapped_callback(request, *callback_args, **callback_kwargs)
  File "C:\Users\kate\PycharmProjects\member-management\venv\lib\site-packages\django\contrib\admin\options.py", line 688, in wrapper
    return self.admin_site.admin_view(view)(*args, **kwargs)
  File "C:\Users\kate\PycharmProjects\member-management\venv\lib\site-packages\django\utils\decorators.py", line 134, in _wrapper_view
    response = view_func(request, *args, **kwargs)
  File "C:\Users\kate\PycharmProjects\member-management\venv\lib\site-packages\django\views\decorators\cache.py", line 62, in _wrapper_view_func
    response = view_func(request, *args, **kwargs)
  File "C:\Users\kate\PycharmProjects\member-management\venv\lib\site-packages\django\contrib\admin\sites.py", line 242, in inner
    return view(request, *args, **kwargs)
  File "C:\Users\kate\PycharmProjects\member-management\venv\lib\site-packages\django\contrib\admin\options.py", line 1886, in add_view
    return self.changeform_view(request, None, form_url, extra_context)
  File "C:\Users\kate\PycharmProjects\member-management\venv\lib\site-packages\django\utils\decorators.py", line 46, in _wrapper
    return bound_method(*args, **kwargs)
  File "C:\Users\kate\PycharmProjects\member-management\venv\lib\site-packages\django\utils\decorators.py", line 134, in _wrapper_view
    response = view_func(request, *args, **kwargs)
  File "C:\Users\kate\PycharmProjects\member-management\venv\lib\site-packages\django\contrib\admin\options.py", line 1747, in changeform_view
    return self._changeform_view(request, object_id, form_url, extra_context)
  File "C:\Users\kate\PycharmProjects\member-management\venv\lib\site-packages\django\contrib\admin\options.py", line 1804, in _changeform_view
    self.log_addition(request, new_object, change_message)
  File "C:\Users\kate\PycharmProjects\member-management\venv\lib\site-packages\django\contrib\admin\options.py", line 926, in log_addition
    object_repr=str(obj),
TypeError: __str__ returned non-string (type NoneType)
"POST /admin/management/individual/add/ HTTP/1.1" 500 114469
Internal Server Error: /individual-encode/
Traceback (most recent call last):
  File "C:\Users\kate\PycharmProjects\member-management\venv\lib\site-packages\django\core\handlers\exception.py", line 55, in inner
    response = get_response(request)
  File "C:\Users\kate\PycharmProjects\member-management\venv\lib\site-packages\django\core\handlers\base.py", line 197, in _get_response
    response = wrapped_callback(request, *callback_args, **callback_kwargs)
  File "C:\Users\kate\PycharmProjects\member-management\management\views.py", line 3950, in individual_input
    individual, created = Individual.objects.create(
TypeError: cannot unpack non-iterable Individual object
"POST /individual-encode/ HTTP/1.1" 500 77827
C:\Users\kate\PycharmProjects\member-management\management\views.py changed, reloading.
Watching for file changes with StatReloader
Internal Server Error: /individual-encode/
Traceback (most recent call last):
  File "C:\Users\kate\PycharmProjects\member-management\venv\lib\site-packages\django\core\handlers\exception.py", line 55, in inner
    response = get_response(request)
  File "C:\Users\kate\PycharmProjects\member-management\venv\lib\site-packages\django\core\handlers\base.py", line 197, in _get_response
    response = wrapped_callback(request, *callback_args, **callback_kwargs)
  File "C:\Users\kate\PycharmProjects\member-management\management\views.py", line 3888, in individual_input
    selected_brgy = Barangay.objects.get(id=individual_brgy)
  File "C:\Users\kate\PycharmProjects\member-management\venv\lib\site-packages\django\db\models\manager.py", line 87, in manager_method
    return getattr(self.get_queryset(), name)(*args, **kwargs)
  File "C:\Users\kate\PycharmProjects\member-management\venv\lib\site-packages\django\db\models\query.py", line 637, in get
    raise self.model.DoesNotExist(
management.models.Barangay.DoesNotExist: Barangay matching query does not exist.
"POST /individual-encode/ HTTP/1.1" 500 84413
Internal Server Error: /admin/management/individual/38/change/
Traceback (most recent call last):
  File "C:\Users\kate\PycharmProjects\member-management\venv\lib\site-packages\django\core\handlers\exception.py", line 55, in inner
    response = get_response(request)
  File "C:\Users\kate\PycharmProjects\member-management\venv\lib\site-packages\django\core\handlers\base.py", line 197, in _get_response
    response = wrapped_callback(request, *callback_args, **callback_kwargs)
  File "C:\Users\kate\PycharmProjects\member-management\venv\lib\site-packages\django\contrib\admin\options.py", line 688, in wrapper
    return self.admin_site.admin_view(view)(*args, **kwargs)
  File "C:\Users\kate\PycharmProjects\member-management\venv\lib\site-packages\django\utils\decorators.py", line 134, in _wrapper_view
    response = view_func(request, *args, **kwargs)
  File "C:\Users\kate\PycharmProjects\member-management\venv\lib\site-packages\django\views\decorators\cache.py", line 62, in _wrapper_view_func
    response = view_func(request, *args, **kwargs)
  File "C:\Users\kate\PycharmProjects\member-management\venv\lib\site-packages\django\contrib\admin\sites.py", line 242, in inner
    return view(request, *args, **kwargs)
  File "C:\Users\kate\PycharmProjects\member-management\venv\lib\site-packages\django\contrib\admin\options.py", line 1889, in change_view
    return self.changeform_view(request, object_id, form_url, extra_context)
  File "C:\Users\kate\PycharmProjects\member-management\venv\lib\site-packages\django\utils\decorators.py", line 46, in _wrapper
    return bound_method(*args, **kwargs)
  File "C:\Users\kate\PycharmProjects\member-management\venv\lib\site-packages\django\utils\decorators.py", line 134, in _wrapper_view
    response = view_func(request, *args, **kwargs)
  File "C:\Users\kate\PycharmProjects\member-management\venv\lib\site-packages\django\contrib\admin\options.py", line 1747, in changeform_view
    return self._changeform_view(request, object_id, form_url, extra_context)
  File "C:\Users\kate\PycharmProjects\member-management\venv\lib\site-packages\django\contrib\admin\options.py", line 1807, in _changeform_view
    self.log_change(request, new_object, change_message)
  File "C:\Users\kate\PycharmProjects\member-management\venv\lib\site-packages\django\contrib\admin\options.py", line 943, in log_change
    object_repr=str(obj),
TypeError: __str__ returned non-string (type NoneType)
"POST /admin/management/individual/38/change/ HTTP/1.1" 500 115579
Internal Server Error: /admin/management/individual/38/change/
Traceback (most recent call last):
  File "C:\Users\kate\PycharmProjects\member-management\venv\lib\site-packages\django\core\handlers\exception.py", line 55, in inner
    response = get_response(request)
  File "C:\Users\kate\PycharmProjects\member-management\venv\lib\site-packages\django\core\handlers\base.py", line 197, in _get_response
    response = wrapped_callback(request, *callback_args, **callback_kwargs)
  File "C:\Users\kate\PycharmProjects\member-management\venv\lib\site-packages\django\contrib\admin\options.py", line 688, in wrapper
    return self.admin_site.admin_view(view)(*args, **kwargs)
  File "C:\Users\kate\PycharmProjects\member-management\venv\lib\site-packages\django\utils\decorators.py", line 134, in _wrapper_view
    response = view_func(request, *args, **kwargs)
  File "C:\Users\kate\PycharmProjects\member-management\venv\lib\site-packages\django\views\decorators\cache.py", line 62, in _wrapper_view_func
    response = view_func(request, *args, **kwargs)
  File "C:\Users\kate\PycharmProjects\member-management\venv\lib\site-packages\django\contrib\admin\sites.py", line 242, in inner
    return view(request, *args, **kwargs)
  File "C:\Users\kate\PycharmProjects\member-management\venv\lib\site-packages\django\contrib\admin\options.py", line 1889, in change_view
    return self.changeform_view(request, object_id, form_url, extra_context)
  File "C:\Users\kate\PycharmProjects\member-management\venv\lib\site-packages\django\utils\decorators.py", line 46, in _wrapper
    return bound_method(*args, **kwargs)
  File "C:\Users\kate\PycharmProjects\member-management\venv\lib\site-packages\django\utils\decorators.py", line 134, in _wrapper_view
    response = view_func(request, *args, **kwargs)
  File "C:\Users\kate\PycharmProjects\member-management\venv\lib\site-packages\django\contrib\admin\options.py", line 1747, in changeform_view
    return self._changeform_view(request, object_id, form_url, extra_context)
  File "C:\Users\kate\PycharmProjects\member-management\venv\lib\site-packages\django\contrib\admin\options.py", line 1807, in _changeform_view
    self.log_change(request, new_object, change_message)
  File "C:\Users\kate\PycharmProjects\member-management\venv\lib\site-packages\django\contrib\admin\options.py", line 943, in log_change
    object_repr=str(obj),
TypeError: __str__ returned non-string (type NoneType)
"POST /admin/management/individual/38/change/ HTTP/1.1" 500 115660
Internal Server Error: /admin/management/individual/38/change/
Traceback (most recent call last):
  File "C:\Users\kate\PycharmProjects\member-management\venv\lib\site-packages\django\core\handlers\exception.py", line 55, in inner
    response = get_response(request)
  File "C:\Users\kate\PycharmProjects\member-management\venv\lib\site-packages\django\core\handlers\base.py", line 197, in _get_response
    response = wrapped_callback(request, *callback_args, **callback_kwargs)
  File "C:\Users\kate\PycharmProjects\member-management\venv\lib\site-packages\django\contrib\admin\options.py", line 688, in wrapper
    return self.admin_site.admin_view(view)(*args, **kwargs)
  File "C:\Users\kate\PycharmProjects\member-management\venv\lib\site-packages\django\utils\decorators.py", line 134, in _wrapper_view
    response = view_func(request, *args, **kwargs)
  File "C:\Users\kate\PycharmProjects\member-management\venv\lib\site-packages\django\views\decorators\cache.py", line 62, in _wrapper_view_func
    response = view_func(request, *args, **kwargs)
  File "C:\Users\kate\PycharmProjects\member-management\venv\lib\site-packages\django\contrib\admin\sites.py", line 242, in inner
    return view(request, *args, **kwargs)
  File "C:\Users\kate\PycharmProjects\member-management\venv\lib\site-packages\django\contrib\admin\options.py", line 1889, in change_view
    return self.changeform_view(request, object_id, form_url, extra_context)
  File "C:\Users\kate\PycharmProjects\member-management\venv\lib\site-packages\django\utils\decorators.py", line 46, in _wrapper
    return bound_method(*args, **kwargs)
  File "C:\Users\kate\PycharmProjects\member-management\venv\lib\site-packages\django\utils\decorators.py", line 134, in _wrapper_view
    response = view_func(request, *args, **kwargs)
  File "C:\Users\kate\PycharmProjects\member-management\venv\lib\site-packages\django\contrib\admin\options.py", line 1747, in changeform_view
    return self._changeform_view(request, object_id, form_url, extra_context)
  File "C:\Users\kate\PycharmProjects\member-management\venv\lib\site-packages\django\contrib\admin\options.py", line 1807, in _changeform_view
    self.log_change(request, new_object, change_message)
  File "C:\Users\kate\PycharmProjects\member-management\venv\lib\site-packages\django\contrib\admin\options.py", line 943, in log_change
    object_repr=str(obj),
TypeError: __str__ returned non-string (type NoneType)
"POST /admin/management/individual/38/change/ HTTP/1.1" 500 115285
C:\Users\kate\PycharmProjects\member-management\management\models.py changed, reloading.
Watching for file changes with StatReloader
Internal Server Error: /admin/management/individual/38/change/
Traceback (most recent call last):
  File "C:\Users\kate\PycharmProjects\member-management\venv\lib\site-packages\django\core\handlers\exception.py", line 55, in inner
    response = get_response(request)
  File "C:\Users\kate\PycharmProjects\member-management\venv\lib\site-packages\django\core\handlers\base.py", line 197, in _get_response
    response = wrapped_callback(request, *callback_args, **callback_kwargs)
  File "C:\Users\kate\PycharmProjects\member-management\venv\lib\site-packages\django\contrib\admin\options.py", line 688, in wrapper
    return self.admin_site.admin_view(view)(*args, **kwargs)
  File "C:\Users\kate\PycharmProjects\member-management\venv\lib\site-packages\django\utils\decorators.py", line 134, in _wrapper_view
    response = view_func(request, *args, **kwargs)
  File "C:\Users\kate\PycharmProjects\member-management\venv\lib\site-packages\django\views\decorators\cache.py", line 62, in _wrapper_view_func
    response = view_func(request, *args, **kwargs)
  File "C:\Users\kate\PycharmProjects\member-management\venv\lib\site-packages\django\contrib\admin\sites.py", line 242, in inner
    return view(request, *args, **kwargs)
  File "C:\Users\kate\PycharmProjects\member-management\venv\lib\site-packages\django\contrib\admin\options.py", line 1889, in change_view
    return self.changeform_view(request, object_id, form_url, extra_context)
  File "C:\Users\kate\PycharmProjects\member-management\venv\lib\site-packages\django\utils\decorators.py", line 46, in _wrapper
    return bound_method(*args, **kwargs)
  File "C:\Users\kate\PycharmProjects\member-management\venv\lib\site-packages\django\utils\decorators.py", line 134, in _wrapper_view
    response = view_func(request, *args, **kwargs)
  File "C:\Users\kate\PycharmProjects\member-management\venv\lib\site-packages\django\contrib\admin\options.py", line 1747, in changeform_view
    return self._changeform_view(request, object_id, form_url, extra_context)
  File "C:\Users\kate\PycharmProjects\member-management\venv\lib\site-packages\django\contrib\admin\options.py", line 1807, in _changeform_view
    self.log_change(request, new_object, change_message)
  File "C:\Users\kate\PycharmProjects\member-management\venv\lib\site-packages\django\contrib\admin\options.py", line 943, in log_change
    object_repr=str(obj),
TypeError: __str__ returned non-string (type int)
"POST /admin/management/individual/38/change/ HTTP/1.1" 500 115625
Internal Server Error: /admin/management/individual/38/change/
Traceback (most recent call last):
  File "C:\Users\kate\PycharmProjects\member-management\venv\lib\site-packages\django\core\handlers\exception.py", line 55, in inner
    response = get_response(request)
  File "C:\Users\kate\PycharmProjects\member-management\venv\lib\site-packages\django\core\handlers\base.py", line 197, in _get_response
    response = wrapped_callback(request, *callback_args, **callback_kwargs)
  File "C:\Users\kate\PycharmProjects\member-management\venv\lib\site-packages\django\contrib\admin\options.py", line 688, in wrapper
    return self.admin_site.admin_view(view)(*args, **kwargs)
  File "C:\Users\kate\PycharmProjects\member-management\venv\lib\site-packages\django\utils\decorators.py", line 134, in _wrapper_view
    response = view_func(request, *args, **kwargs)
  File "C:\Users\kate\PycharmProjects\member-management\venv\lib\site-packages\django\views\decorators\cache.py", line 62, in _wrapper_view_func
    response = view_func(request, *args, **kwargs)
  File "C:\Users\kate\PycharmProjects\member-management\venv\lib\site-packages\django\contrib\admin\sites.py", line 242, in inner
    return view(request, *args, **kwargs)
  File "C:\Users\kate\PycharmProjects\member-management\venv\lib\site-packages\django\contrib\admin\options.py", line 1889, in change_view
    return self.changeform_view(request, object_id, form_url, extra_context)
  File "C:\Users\kate\PycharmProjects\member-management\venv\lib\site-packages\django\utils\decorators.py", line 46, in _wrapper
    return bound_method(*args, **kwargs)
  File "C:\Users\kate\PycharmProjects\member-management\venv\lib\site-packages\django\utils\decorators.py", line 134, in _wrapper_view
    response = view_func(request, *args, **kwargs)
  File "C:\Users\kate\PycharmProjects\member-management\venv\lib\site-packages\django\contrib\admin\options.py", line 1747, in changeform_view
    return self._changeform_view(request, object_id, form_url, extra_context)
  File "C:\Users\kate\PycharmProjects\member-management\venv\lib\site-packages\django\contrib\admin\options.py", line 1807, in _changeform_view
    self.log_change(request, new_object, change_message)
  File "C:\Users\kate\PycharmProjects\member-management\venv\lib\site-packages\django\contrib\admin\options.py", line 943, in log_change
    object_repr=str(obj),
TypeError: __str__ returned non-string (type int)
"POST /admin/management/individual/38/change/ HTTP/1.1" 500 115088
C:\Users\kate\PycharmProjects\member-management\management\models.py changed, reloading.
Watching for file changes with StatReloader
Internal Server Error: /admin/management/individual/38/change/
Traceback (most recent call last):
  File "C:\Users\kate\PycharmProjects\member-management\venv\lib\site-packages\django\core\handlers\exception.py", line 55, in inner
    response = get_response(request)
  File "C:\Users\kate\PycharmProjects\member-management\venv\lib\site-packages\django\core\handlers\base.py", line 197, in _get_response
    response = wrapped_callback(request, *callback_args, **callback_kwargs)
  File "C:\Users\kate\PycharmProjects\member-management\venv\lib\site-packages\django\contrib\admin\options.py", line 688, in wrapper
    return self.admin_site.admin_view(view)(*args, **kwargs)
  File "C:\Users\kate\PycharmProjects\member-management\venv\lib\site-packages\django\utils\decorators.py", line 134, in _wrapper_view
    response = view_func(request, *args, **kwargs)
  File "C:\Users\kate\PycharmProjects\member-management\venv\lib\site-packages\django\views\decorators\cache.py", line 62, in _wrapper_view_func
    response = view_func(request, *args, **kwargs)
  File "C:\Users\kate\PycharmProjects\member-management\venv\lib\site-packages\django\contrib\admin\sites.py", line 242, in inner
    return view(request, *args, **kwargs)
  File "C:\Users\kate\PycharmProjects\member-management\venv\lib\site-packages\django\contrib\admin\options.py", line 1889, in change_view
    return self.changeform_view(request, object_id, form_url, extra_context)
  File "C:\Users\kate\PycharmProjects\member-management\venv\lib\site-packages\django\utils\decorators.py", line 46, in _wrapper
    return bound_method(*args, **kwargs)
  File "C:\Users\kate\PycharmProjects\member-management\venv\lib\site-packages\django\utils\decorators.py", line 134, in _wrapper_view
    response = view_func(request, *args, **kwargs)
  File "C:\Users\kate\PycharmProjects\member-management\venv\lib\site-packages\django\contrib\admin\options.py", line 1747, in changeform_view
    return self._changeform_view(request, object_id, form_url, extra_context)
  File "C:\Users\kate\PycharmProjects\member-management\venv\lib\site-packages\django\contrib\admin\options.py", line 1807, in _changeform_view
    self.log_change(request, new_object, change_message)
  File "C:\Users\kate\PycharmProjects\member-management\venv\lib\site-packages\django\contrib\admin\options.py", line 943, in log_change
    object_repr=str(obj),
TypeError: __str__ returned non-string (type datetime.datetime)
"POST /admin/management/individual/38/change/ HTTP/1.1" 500 115186
C:\Users\kate\PycharmProjects\member-management\management\models.py changed, reloading.
Watching for file changes with StatReloader
Internal Server Error: /dashboard/
Traceback (most recent call last):
  File "C:\Users\kate\PycharmProjects\member-management\venv\lib\site-packages\django\core\handlers\exception.py", line 55, in inner
    response = get_response(request)
  File "C:\Users\kate\PycharmProjects\member-management\venv\lib\site-packages\django\core\handlers\base.py", line 197, in _get_response
    response = wrapped_callback(request, *callback_args, **callback_kwargs)
  File "C:\Users\kate\PycharmProjects\member-management\venv\lib\site-packages\django\contrib\auth\decorators.py", line 23, in _wrapper_view
    return view_func(request, *args, **kwargs)
  File "C:\Users\kate\PycharmProjects\member-management\management\decorators.py", line 75, in wrapper_func
    return view_func(request, *args, **kwargs)
  File "C:\Users\kate\PycharmProjects\member-management\management\views.py", line 202, in dashboard
    member_percentage_population = [round(((pop / abs_pop) * 100)) for abs_pop, pop in zip(absolute_pop, population)]
  File "C:\Users\kate\PycharmProjects\member-management\management\views.py", line 202, in <listcomp>
    member_percentage_population = [round(((pop / abs_pop) * 100)) for abs_pop, pop in zip(absolute_pop, population)]
TypeError: unsupported operand type(s) for /: 'int' and 'NoneType'
"GET /dashboard/ HTTP/1.1" 500 82134
Internal Server Error: /dashboard/
Traceback (most recent call last):
  File "C:\Users\kate\PycharmProjects\member-management\venv\lib\site-packages\django\core\handlers\exception.py", line 55, in inner
    response = get_response(request)
  File "C:\Users\kate\PycharmProjects\member-management\venv\lib\site-packages\django\core\handlers\base.py", line 197, in _get_response
    response = wrapped_callback(request, *callback_args, **callback_kwargs)
  File "C:\Users\kate\PycharmProjects\member-management\venv\lib\site-packages\django\contrib\auth\decorators.py", line 23, in _wrapper_view
    return view_func(request, *args, **kwargs)
  File "C:\Users\kate\PycharmProjects\member-management\management\decorators.py", line 75, in wrapper_func
    return view_func(request, *args, **kwargs)
  File "C:\Users\kate\PycharmProjects\member-management\management\views.py", line 202, in dashboard
    member_percentage_population = [round(((pop / abs_pop) * 100)) for abs_pop, pop in zip(absolute_pop, population)]
  File "C:\Users\kate\PycharmProjects\member-management\management\views.py", line 202, in <listcomp>
    member_percentage_population = [round(((pop / abs_pop) * 100)) for abs_pop, pop in zip(absolute_pop, population)]
TypeError: unsupported operand type(s) for /: 'int' and 'NoneType'
"GET /dashboard/ HTTP/1.1" 500 82127
Watching for file changes with StatReloader
Internal Server Error: /admin/management/individual/
Traceback (most recent call last):
  File "C:\Users\kate\PycharmProjects\member-management\venv\lib\site-packages\django\db\backends\utils.py", line 89, in _execute
    return self.cursor.execute(sql, params)
  File "C:\Users\kate\PycharmProjects\member-management\venv\lib\site-packages\django\db\backends\sqlite3\base.py", line 328, in execute
    return super().execute(query, params)
sqlite3.OperationalError: no such column: management_individual.birthday

The above exception was the direct cause of the following exception:

Traceback (most recent call last):
  File "C:\Users\kate\PycharmProjects\member-management\venv\lib\site-packages\django\core\handlers\exception.py", line 55, in inner
    response = get_response(request)
  File "C:\Users\kate\PycharmProjects\member-management\venv\lib\site-packages\django\core\handlers\base.py", line 197, in _get_response
    response = wrapped_callback(request, *callback_args, **callback_kwargs)
  File "C:\Users\kate\PycharmProjects\member-management\venv\lib\site-packages\django\contrib\admin\options.py", line 688, in wrapper
    return self.admin_site.admin_view(view)(*args, **kwargs)
  File "C:\Users\kate\PycharmProjects\member-management\venv\lib\site-packages\django\utils\decorators.py", line 134, in _wrapper_view
    response = view_func(request, *args, **kwargs)
  File "C:\Users\kate\PycharmProjects\member-management\venv\lib\site-packages\django\views\decorators\cache.py", line 62, in _wrapper_view_func
    response = view_func(request, *args, **kwargs)
  File "C:\Users\kate\PycharmProjects\member-management\venv\lib\site-packages\django\contrib\admin\sites.py", line 242, in inner
    return view(request, *args, **kwargs)
  File "C:\Users\kate\PycharmProjects\member-management\venv\lib\site-packages\django\utils\decorators.py", line 46, in _wrapper
    return bound_method(*args, **kwargs)
  File "C:\Users\kate\PycharmProjects\member-management\venv\lib\site-packages\django\utils\decorators.py", line 134, in _wrapper_view
    response = view_func(request, *args, **kwargs)
  File "C:\Users\kate\PycharmProjects\member-management\venv\lib\site-packages\django\contrib\admin\options.py", line 2065, in changelist_view
    "selection_note": _("0 of %(cnt)s selected") % {"cnt": len(cl.result_list)},
  File "C:\Users\kate\PycharmProjects\member-management\venv\lib\site-packages\django\db\models\query.py", line 380, in __len__
    self._fetch_all()
  File "C:\Users\kate\PycharmProjects\member-management\venv\lib\site-packages\django\db\models\query.py", line 1881, in _fetch_all
    self._result_cache = list(self._iterable_class(self))
  File "C:\Users\kate\PycharmProjects\member-management\venv\lib\site-packages\django\db\models\query.py", line 91, in __iter__
    results = compiler.execute_sql(
  File "C:\Users\kate\PycharmProjects\member-management\venv\lib\site-packages\django\db\models\sql\compiler.py", line 1562, in execute_sql
    cursor.execute(sql, params)
  File "C:\Users\kate\PycharmProjects\member-management\venv\lib\site-packages\django\db\backends\utils.py", line 102, in execute
    return super().execute(sql, params)
  File "C:\Users\kate\PycharmProjects\member-management\venv\lib\site-packages\django\db\backends\utils.py", line 67, in execute
    return self._execute_with_wrappers(
  File "C:\Users\kate\PycharmProjects\member-management\venv\lib\site-packages\django\db\backends\utils.py", line 80, in _execute_with_wrappers
    return executor(sql, params, many, context)
  File "C:\Users\kate\PycharmProjects\member-management\venv\lib\site-packages\django\db\backends\utils.py", line 89, in _execute
    return self.cursor.execute(sql, params)
  File "C:\Users\kate\PycharmProjects\member-management\venv\lib\site-packages\django\db\utils.py", line 91, in __exit__
    raise dj_exc_value.with_traceback(traceback) from exc_value
  File "C:\Users\kate\PycharmProjects\member-management\venv\lib\site-packages\django\db\backends\utils.py", line 89, in _execute
    return self.cursor.execute(sql, params)
  File "C:\Users\kate\PycharmProjects\member-management\venv\lib\site-packages\django\db\backends\sqlite3\base.py", line 328, in execute
    return super().execute(query, params)
django.db.utils.OperationalError: no such column: management_individual.birthday
"GET /admin/management/individual/ HTTP/1.1" 500 170768
Internal Server Error: /admin/management/individual/38/change/
Traceback (most recent call last):
  File "C:\Users\kate\PycharmProjects\member-management\venv\lib\site-packages\django\db\backends\utils.py", line 89, in _execute
    return self.cursor.execute(sql, params)
  File "C:\Users\kate\PycharmProjects\member-management\venv\lib\site-packages\django\db\backends\sqlite3\base.py", line 328, in execute
    return super().execute(query, params)
sqlite3.OperationalError: no such column: management_individual.birthday

The above exception was the direct cause of the following exception:

Traceback (most recent call last):
  File "C:\Users\kate\PycharmProjects\member-management\venv\lib\site-packages\django\core\handlers\exception.py", line 55, in inner
    response = get_response(request)
  File "C:\Users\kate\PycharmProjects\member-management\venv\lib\site-packages\django\core\handlers\base.py", line 197, in _get_response
    response = wrapped_callback(request, *callback_args, **callback_kwargs)
  File "C:\Users\kate\PycharmProjects\member-management\venv\lib\site-packages\django\contrib\admin\options.py", line 688, in wrapper
    return self.admin_site.admin_view(view)(*args, **kwargs)
  File "C:\Users\kate\PycharmProjects\member-management\venv\lib\site-packages\django\utils\decorators.py", line 134, in _wrapper_view
    response = view_func(request, *args, **kwargs)
  File "C:\Users\kate\PycharmProjects\member-management\venv\lib\site-packages\django\views\decorators\cache.py", line 62, in _wrapper_view_func
    response = view_func(request, *args, **kwargs)
  File "C:\Users\kate\PycharmProjects\member-management\venv\lib\site-packages\django\contrib\admin\sites.py", line 242, in inner
    return view(request, *args, **kwargs)
  File "C:\Users\kate\PycharmProjects\member-management\venv\lib\site-packages\django\contrib\admin\options.py", line 1889, in change_view
    return self.changeform_view(request, object_id, form_url, extra_context)
  File "C:\Users\kate\PycharmProjects\member-management\venv\lib\site-packages\django\utils\decorators.py", line 46, in _wrapper
    return bound_method(*args, **kwargs)
  File "C:\Users\kate\PycharmProjects\member-management\venv\lib\site-packages\django\utils\decorators.py", line 134, in _wrapper_view
    response = view_func(request, *args, **kwargs)
  File "C:\Users\kate\PycharmProjects\member-management\venv\lib\site-packages\django\contrib\admin\options.py", line 1747, in changeform_view
    return self._changeform_view(request, object_id, form_url, extra_context)
  File "C:\Users\kate\PycharmProjects\member-management\venv\lib\site-packages\django\contrib\admin\options.py", line 1767, in _changeform_view
    obj = self.get_object(request, unquote(object_id), to_field)
  File "C:\Users\kate\PycharmProjects\member-management\venv\lib\site-packages\django\contrib\admin\options.py", line 866, in get_object
    return queryset.get(**{field.name: object_id})
  File "C:\Users\kate\PycharmProjects\member-management\venv\lib\site-packages\django\db\models\query.py", line 633, in get
    num = len(clone)
  File "C:\Users\kate\PycharmProjects\member-management\venv\lib\site-packages\django\db\models\query.py", line 380, in __len__
    self._fetch_all()
  File "C:\Users\kate\PycharmProjects\member-management\venv\lib\site-packages\django\db\models\query.py", line 1881, in _fetch_all
    self._result_cache = list(self._iterable_class(self))
  File "C:\Users\kate\PycharmProjects\member-management\venv\lib\site-packages\django\db\models\query.py", line 91, in __iter__
    results = compiler.execute_sql(
  File "C:\Users\kate\PycharmProjects\member-management\venv\lib\site-packages\django\db\models\sql\compiler.py", line 1562, in execute_sql
    cursor.execute(sql, params)
  File "C:\Users\kate\PycharmProjects\member-management\venv\lib\site-packages\django\db\backends\utils.py", line 102, in execute
    return super().execute(sql, params)
  File "C:\Users\kate\PycharmProjects\member-management\venv\lib\site-packages\django\db\backends\utils.py", line 67, in execute
    return self._execute_with_wrappers(
  File "C:\Users\kate\PycharmProjects\member-management\venv\lib\site-packages\django\db\backends\utils.py", line 80, in _execute_with_wrappers
    return executor(sql, params, many, context)
  File "C:\Users\kate\PycharmProjects\member-management\venv\lib\site-packages\django\db\backends\utils.py", line 89, in _execute
    return self.cursor.execute(sql, params)
  File "C:\Users\kate\PycharmProjects\member-management\venv\lib\site-packages\django\db\utils.py", line 91, in __exit__
    raise dj_exc_value.with_traceback(traceback) from exc_value
  File "C:\Users\kate\PycharmProjects\member-management\venv\lib\site-packages\django\db\backends\utils.py", line 89, in _execute
    return self.cursor.execute(sql, params)
  File "C:\Users\kate\PycharmProjects\member-management\venv\lib\site-packages\django\db\backends\sqlite3\base.py", line 328, in execute
    return super().execute(query, params)
django.db.utils.OperationalError: no such column: management_individual.birthday
"GET /admin/management/individual/38/change/ HTTP/1.1" 500 187854
C:\Users\kate\PycharmProjects\member-management\management\models.py changed, reloading.
Watching for file changes with StatReloader
Watching for file changes with StatReloader
C:\Users\kate\PycharmProjects\member-management\management\views.py changed, reloading.
Watching for file changes with StatReloader
C:\Users\kate\PycharmProjects\member-management\management\urls.py changed, reloading.
Watching for file changes with StatReloader
Internal Server Error: /individual-encode/
Traceback (most recent call last):
  File "C:\Users\kate\PycharmProjects\member-management\venv\lib\site-packages\django\core\handlers\exception.py", line 55, in inner
    response = get_response(request)
  File "C:\Users\kate\PycharmProjects\member-management\venv\lib\site-packages\django\core\handlers\base.py", line 197, in _get_response
    response = wrapped_callback(request, *callback_args, **callback_kwargs)
  File "C:\Users\kate\PycharmProjects\member-management\management\views.py", line 3888, in individual_input
    selected_brgy = Barangay.objects.get(id=individual_brgy)
  File "C:\Users\kate\PycharmProjects\member-management\venv\lib\site-packages\django\db\models\manager.py", line 87, in manager_method
    return getattr(self.get_queryset(), name)(*args, **kwargs)
  File "C:\Users\kate\PycharmProjects\member-management\venv\lib\site-packages\django\db\models\query.py", line 637, in get
    raise self.model.DoesNotExist(
management.models.Barangay.DoesNotExist: Barangay matching query does not exist.
"POST /individual-encode/ HTTP/1.1" 500 83656
C:\Users\kate\PycharmProjects\member-management\management\views.py changed, reloading.
Watching for file changes with StatReloader
C:\Users\kate\PycharmProjects\member-management\management\views.py changed, reloading.
Watching for file changes with StatReloader
C:\Users\kate\PycharmProjects\member-management\management\views.py changed, reloading.
Watching for file changes with StatReloader
Internal Server Error: /individual-encode/
Traceback (most recent call last):
  File "C:\Users\kate\PycharmProjects\member-management\venv\lib\site-packages\django\core\handlers\exception.py", line 55, in inner
    response = get_response(request)
  File "C:\Users\kate\PycharmProjects\member-management\venv\lib\site-packages\django\core\handlers\base.py", line 197, in _get_response
    response = wrapped_callback(request, *callback_args, **callback_kwargs)
  File "C:\Users\kate\PycharmProjects\member-management\management\views.py", line 3892, in individual_input
    selected_sitio = Sitio.objects.get(id=individual_sitio)
  File "C:\Users\kate\PycharmProjects\member-management\venv\lib\site-packages\django\db\models\manager.py", line 87, in manager_method
    return getattr(self.get_queryset(), name)(*args, **kwargs)
  File "C:\Users\kate\PycharmProjects\member-management\venv\lib\site-packages\django\db\models\query.py", line 637, in get
    raise self.model.DoesNotExist(
management.models.Sitio.DoesNotExist: Sitio matching query does not exist.
"POST /individual-encode/ HTTP/1.1" 500 83745
C:\Users\kate\PycharmProjects\member-management\management\views.py changed, reloading.
Watching for file changes with StatReloader
Internal Server Error: /individual-encode/
Traceback (most recent call last):
  File "C:\Users\kate\PycharmProjects\member-management\venv\lib\site-packages\django\core\handlers\exception.py", line 55, in inner
    response = get_response(request)
  File "C:\Users\kate\PycharmProjects\member-management\venv\lib\site-packages\django\core\handlers\base.py", line 197, in _get_response
    response = wrapped_callback(request, *callback_args, **callback_kwargs)
  File "C:\Users\kate\PycharmProjects\member-management\management\views.py", line 3892, in individual_input
    selected_sitio = Sitio.objects.get(id=individual_sitio)
  File "C:\Users\kate\PycharmProjects\member-management\venv\lib\site-packages\django\db\models\manager.py", line 87, in manager_method
    return getattr(self.get_queryset(), name)(*args, **kwargs)
  File "C:\Users\kate\PycharmProjects\member-management\venv\lib\site-packages\django\db\models\query.py", line 637, in get
    raise self.model.DoesNotExist(
management.models.Sitio.DoesNotExist: Sitio matching query does not exist.
"POST /individual-encode/ HTTP/1.1" 500 83745
C:\Users\kate\PycharmProjects\member-management\management\views.py changed, reloading.
Watching for file changes with StatReloader
C:\Users\kate\PycharmProjects\member-management\management\views.py changed, reloading.
Watching for file changes with StatReloader
Internal Server Error: /individual-encode/
Traceback (most recent call last):
  File "C:\Users\kate\PycharmProjects\member-management\venv\lib\site-packages\django\core\handlers\exception.py", line 55, in inner
    response = get_response(request)
  File "C:\Users\kate\PycharmProjects\member-management\venv\lib\site-packages\django\core\handlers\base.py", line 197, in _get_response
    response = wrapped_callback(request, *callback_args, **callback_kwargs)
  File "C:\Users\kate\PycharmProjects\member-management\management\views.py", line 3892, in individual_input
    selected_sitio = Sitio.objects.get(id=individual_sitio)
  File "C:\Users\kate\PycharmProjects\member-management\venv\lib\site-packages\django\db\models\manager.py", line 87, in manager_method
    return getattr(self.get_queryset(), name)(*args, **kwargs)
  File "C:\Users\kate\PycharmProjects\member-management\venv\lib\site-packages\django\db\models\query.py", line 637, in get
    raise self.model.DoesNotExist(
management.models.Sitio.DoesNotExist: Sitio matching query does not exist.
"POST /individual-encode/ HTTP/1.1" 500 83807
C:\Users\kate\PycharmProjects\member-management\management\views.py changed, reloading.
Watching for file changes with StatReloader
Internal Server Error: /individual-encode/
Traceback (most recent call last):
  File "C:\Users\kate\PycharmProjects\member-management\venv\lib\site-packages\django\core\handlers\exception.py", line 55, in inner
    response = get_response(request)
  File "C:\Users\kate\PycharmProjects\member-management\venv\lib\site-packages\django\core\handlers\base.py", line 197, in _get_response
    response = wrapped_callback(request, *callback_args, **callback_kwargs)
  File "C:\Users\kate\PycharmProjects\member-management\management\views.py", line 3892, in individual_input
    selected_sitio = Sitio.objects.get(id=individual_sitio)
  File "C:\Users\kate\PycharmProjects\member-management\venv\lib\site-packages\django\db\models\manager.py", line 87, in manager_method
    return getattr(self.get_queryset(), name)(*args, **kwargs)
  File "C:\Users\kate\PycharmProjects\member-management\venv\lib\site-packages\django\db\models\query.py", line 637, in get
    raise self.model.DoesNotExist(
management.models.Sitio.DoesNotExist: Sitio matching query does not exist.
"POST /individual-encode/ HTTP/1.1" 500 83815
C:\Users\kate\PycharmProjects\member-management\management\views.py changed, reloading.
Watching for file changes with StatReloader
Internal Server Error: /individual-encode/
Traceback (most recent call last):
  File "C:\Users\kate\PycharmProjects\member-management\venv\lib\site-packages\django\core\handlers\exception.py", line 55, in inner
    response = get_response(request)
  File "C:\Users\kate\PycharmProjects\member-management\venv\lib\site-packages\django\core\handlers\base.py", line 197, in _get_response
    response = wrapped_callback(request, *callback_args, **callback_kwargs)
  File "C:\Users\kate\PycharmProjects\member-management\management\views.py", line 3892, in individual_input
    selected_sitio = Sitio.objects.get(id=individual_sitio)
  File "C:\Users\kate\PycharmProjects\member-management\venv\lib\site-packages\django\db\models\manager.py", line 87, in manager_method
    return getattr(self.get_queryset(), name)(*args, **kwargs)
  File "C:\Users\kate\PycharmProjects\member-management\venv\lib\site-packages\django\db\models\query.py", line 637, in get
    raise self.model.DoesNotExist(
management.models.Sitio.DoesNotExist: Sitio matching query does not exist.
"POST /individual-encode/ HTTP/1.1" 500 83821
C:\Users\kate\PycharmProjects\member-management\management\views.py changed, reloading.
Watching for file changes with StatReloader
C:\Users\kate\PycharmProjects\member-management\management\views.py changed, reloading.
Watching for file changes with StatReloader
C:\Users\kate\PycharmProjects\member-management\management\views.py changed, reloading.
Watching for file changes with StatReloader
Internal Server Error: /individual-family-conf/42/
Traceback (most recent call last):
  File "C:\Users\kate\PycharmProjects\member-management\venv\lib\site-packages\django\core\handlers\exception.py", line 55, in inner
    response = get_response(request)
  File "C:\Users\kate\PycharmProjects\member-management\venv\lib\site-packages\django\core\handlers\base.py", line 197, in _get_response
    response = wrapped_callback(request, *callback_args, **callback_kwargs)
  File "C:\Users\kate\PycharmProjects\member-management\management\views.py", line 3992, in individual_family_input
    individual = Individual.objects.get(id=individual_id)
  File "C:\Users\kate\PycharmProjects\member-management\venv\lib\site-packages\django\db\models\manager.py", line 87, in manager_method
    return getattr(self.get_queryset(), name)(*args, **kwargs)
  File "C:\Users\kate\PycharmProjects\member-management\venv\lib\site-packages\django\db\models\query.py", line 637, in get
    raise self.model.DoesNotExist(
management.models.Individual.DoesNotExist: Individual matching query does not exist.
"GET /individual-family-conf/42/ HTTP/1.1" 500 75266
C:\Users\kate\PycharmProjects\member-management\management\views.py changed, reloading.
Watching for file changes with StatReloader
Watching for file changes with StatReloader
Not Found: /favicon.ico
"GET /favicon.ico HTTP/1.1" 404 18946
C:\Users\kate\PycharmProjects\member-management\management\views.py changed, reloading.
Watching for file changes with StatReloader
C:\Users\kate\PycharmProjects\member-management\management\views.py changed, reloading.
Watching for file changes with StatReloader
C:\Users\kate\PycharmProjects\member-management\management\views.py changed, reloading.
Watching for file changes with StatReloader
C:\Users\kate\PycharmProjects\member-management\management\views.py changed, reloading.
Watching for file changes with StatReloader
C:\Users\kate\PycharmProjects\member-management\management\views.py changed, reloading.
Watching for file changes with StatReloader
C:\Users\kate\PycharmProjects\member-management\management\views.py changed, reloading.
Watching for file changes with StatReloader
C:\Users\kate\PycharmProjects\member-management\management\views.py changed, reloading.
Watching for file changes with StatReloader
C:\Users\kate\PycharmProjects\member-management\management\views.py changed, reloading.
Watching for file changes with StatReloader
C:\Users\kate\PycharmProjects\member-management\management\views.py changed, reloading.
Watching for file changes with StatReloader
C:\Users\kate\PycharmProjects\member-management\management\urls.py changed, reloading.
Watching for file changes with StatReloader
Internal Server Error: /individual-tag-mother/43/
Traceback (most recent call last):
  File "C:\Users\kate\PycharmProjects\member-management\venv\lib\site-packages\django\core\handlers\exception.py", line 55, in inner
    response = get_response(request)
  File "C:\Users\kate\PycharmProjects\member-management\venv\lib\site-packages\django\core\handlers\base.py", line 197, in _get_response
    response = wrapped_callback(request, *callback_args, **callback_kwargs)
  File "C:\Users\kate\PycharmProjects\member-management\management\views.py", line 4042, in associate_mother_to_individual
    mother_birthday = datetime.strptime(mother_birthday_str, '%Y-%m-%d')
  File "C:\Users\kate\AppData\Local\Programs\Python\Python39\lib\_strptime.py", line 568, in _strptime_datetime
    tt, fraction, gmtoff_fraction = _strptime(data_string, format)
  File "C:\Users\kate\AppData\Local\Programs\Python\Python39\lib\_strptime.py", line 349, in _strptime
    raise ValueError("time data %r does not match format %r" %
ValueError: time data '' does not match format '%Y-%m-%d'
"POST /individual-tag-mother/43/ HTTP/1.1" 500 80303
Internal Server Error: /individual-tag-mother/43/
Traceback (most recent call last):
  File "C:\Users\kate\PycharmProjects\member-management\venv\lib\site-packages\django\core\handlers\exception.py", line 55, in inner
    response = get_response(request)
  File "C:\Users\kate\PycharmProjects\member-management\venv\lib\site-packages\django\core\handlers\base.py", line 197, in _get_response
    response = wrapped_callback(request, *callback_args, **callback_kwargs)
  File "C:\Users\kate\PycharmProjects\member-management\management\views.py", line 4042, in associate_mother_to_individual
    mother_birthday = datetime.strptime(mother_birthday_str, '%Y-%m-%d')
  File "C:\Users\kate\AppData\Local\Programs\Python\Python39\lib\_strptime.py", line 568, in _strptime_datetime
    tt, fraction, gmtoff_fraction = _strptime(data_string, format)
  File "C:\Users\kate\AppData\Local\Programs\Python\Python39\lib\_strptime.py", line 349, in _strptime
    raise ValueError("time data %r does not match format %r" %
ValueError: time data '' does not match format '%Y-%m-%d'
"POST /individual-tag-mother/43/ HTTP/1.1" 500 80303
Internal Server Error: /individual-tag-mother/43/
Traceback (most recent call last):
  File "C:\Users\kate\PycharmProjects\member-management\venv\lib\site-packages\django\core\handlers\exception.py", line 55, in inner
    response = get_response(request)
  File "C:\Users\kate\PycharmProjects\member-management\venv\lib\site-packages\django\core\handlers\base.py", line 197, in _get_response
    response = wrapped_callback(request, *callback_args, **callback_kwargs)
  File "C:\Users\kate\PycharmProjects\member-management\management\views.py", line 4042, in associate_mother_to_individual
    mother_birthday = datetime.strptime(mother_birthday_str, '%Y-%m-%d')
  File "C:\Users\kate\AppData\Local\Programs\Python\Python39\lib\_strptime.py", line 568, in _strptime_datetime
    tt, fraction, gmtoff_fraction = _strptime(data_string, format)
  File "C:\Users\kate\AppData\Local\Programs\Python\Python39\lib\_strptime.py", line 349, in _strptime
    raise ValueError("time data %r does not match format %r" %
ValueError: time data '' does not match format '%Y-%m-%d'
"POST /individual-tag-mother/43/ HTTP/1.1" 500 80303
Internal Server Error: /individual-tag-mother/43/
Traceback (most recent call last):
  File "C:\Users\kate\PycharmProjects\member-management\venv\lib\site-packages\django\core\handlers\exception.py", line 55, in inner
    response = get_response(request)
  File "C:\Users\kate\PycharmProjects\member-management\venv\lib\site-packages\django\core\handlers\base.py", line 197, in _get_response
    response = wrapped_callback(request, *callback_args, **callback_kwargs)
  File "C:\Users\kate\PycharmProjects\member-management\management\views.py", line 4042, in associate_mother_to_individual
    mother_birthday = datetime.strptime(mother_birthday_str, '%Y-%m-%d')
  File "C:\Users\kate\AppData\Local\Programs\Python\Python39\lib\_strptime.py", line 568, in _strptime_datetime
    tt, fraction, gmtoff_fraction = _strptime(data_string, format)
  File "C:\Users\kate\AppData\Local\Programs\Python\Python39\lib\_strptime.py", line 349, in _strptime
    raise ValueError("time data %r does not match format %r" %
ValueError: time data '' does not match format '%Y-%m-%d'
"POST /individual-tag-mother/43/ HTTP/1.1" 500 80303
C:\Users\kate\PycharmProjects\member-management\management\views.py changed, reloading.
Watching for file changes with StatReloader
C:\Users\kate\PycharmProjects\member-management\management\views.py changed, reloading.
Watching for file changes with StatReloader
Internal Server Error: /individual-tag-mother/43/
Traceback (most recent call last):
  File "C:\Users\kate\PycharmProjects\member-management\venv\lib\site-packages\django\db\models\fields\__init__.py", line 2053, in get_prep_value
    return int(value)
ValueError: invalid literal for int() with base 10: ''

The above exception was the direct cause of the following exception:

Traceback (most recent call last):
  File "C:\Users\kate\PycharmProjects\member-management\venv\lib\site-packages\django\core\handlers\exception.py", line 55, in inner
    response = get_response(request)
  File "C:\Users\kate\PycharmProjects\member-management\venv\lib\site-packages\django\core\handlers\base.py", line 197, in _get_response
    response = wrapped_callback(request, *callback_args, **callback_kwargs)
  File "C:\Users\kate\PycharmProjects\member-management\management\views.py", line 4038, in associate_mother_to_individual
    sitio = Sitio.objects.get(id=mother_sitio)
  File "C:\Users\kate\PycharmProjects\member-management\venv\lib\site-packages\django\db\models\manager.py", line 87, in manager_method
    return getattr(self.get_queryset(), name)(*args, **kwargs)
  File "C:\Users\kate\PycharmProjects\member-management\venv\lib\site-packages\django\db\models\query.py", line 623, in get
    clone = self._chain() if self.query.combinator else self.filter(*args, **kwargs)
  File "C:\Users\kate\PycharmProjects\member-management\venv\lib\site-packages\django\db\models\query.py", line 1436, in filter
    return self._filter_or_exclude(False, args, kwargs)
  File "C:\Users\kate\PycharmProjects\member-management\venv\lib\site-packages\django\db\models\query.py", line 1454, in _filter_or_exclude
    clone._filter_or_exclude_inplace(negate, args, kwargs)
  File "C:\Users\kate\PycharmProjects\member-management\venv\lib\site-packages\django\db\models\query.py", line 1461, in _filter_or_exclude_inplace
    self._query.add_q(Q(*args, **kwargs))
  File "C:\Users\kate\PycharmProjects\member-management\venv\lib\site-packages\django\db\models\sql\query.py", line 1546, in add_q
    clause, _ = self._add_q(q_object, self.used_aliases)
  File "C:\Users\kate\PycharmProjects\member-management\venv\lib\site-packages\django\db\models\sql\query.py", line 1577, in _add_q
    child_clause, needed_inner = self.build_filter(
  File "C:\Users\kate\PycharmProjects\member-management\venv\lib\site-packages\django\db\models\sql\query.py", line 1492, in build_filter
    condition = self.build_lookup(lookups, col, value)
  File "C:\Users\kate\PycharmProjects\member-management\venv\lib\site-packages\django\db\models\sql\query.py", line 1319, in build_lookup
    lookup = lookup_class(lhs, rhs)
  File "C:\Users\kate\PycharmProjects\member-management\venv\lib\site-packages\django\db\models\lookups.py", line 27, in __init__
    self.rhs = self.get_prep_lookup()
  File "C:\Users\kate\PycharmProjects\member-management\venv\lib\site-packages\django\db\models\lookups.py", line 341, in get_prep_lookup
    return super().get_prep_lookup()
  File "C:\Users\kate\PycharmProjects\member-management\venv\lib\site-packages\django\db\models\lookups.py", line 85, in get_prep_lookup
    return self.lhs.output_field.get_prep_value(self.rhs)
  File "C:\Users\kate\PycharmProjects\member-management\venv\lib\site-packages\django\db\models\fields\__init__.py", line 2055, in get_prep_value
    raise e.__class__(
ValueError: Field 'id' expected a number but got ''.
"POST /individual-tag-mother/43/ HTTP/1.1" 500 136389
C:\Users\kate\PycharmProjects\member-management\management\views.py changed, reloading.
Watching for file changes with StatReloader
Internal Server Error: /individual-tag-mother/43/
Traceback (most recent call last):
  File "C:\Users\kate\PycharmProjects\member-management\venv\lib\site-packages\django\core\handlers\exception.py", line 55, in inner
    response = get_response(request)
  File "C:\Users\kate\PycharmProjects\member-management\venv\lib\site-packages\django\core\handlers\base.py", line 197, in _get_response
    response = wrapped_callback(request, *callback_args, **callback_kwargs)
  File "C:\Users\kate\PycharmProjects\member-management\management\views.py", line 4058, in associate_mother_to_individual
    lat=float(mother_latitude),
ValueError: could not convert string to float: ''
"POST /individual-tag-mother/43/ HTTP/1.1" 500 71648
Internal Server Error: /individual-tag-mother/43/
Traceback (most recent call last):
  File "C:\Users\kate\PycharmProjects\member-management\venv\lib\site-packages\django\core\handlers\exception.py", line 55, in inner
    response = get_response(request)
  File "C:\Users\kate\PycharmProjects\member-management\venv\lib\site-packages\django\core\handlers\base.py", line 197, in _get_response
    response = wrapped_callback(request, *callback_args, **callback_kwargs)
  File "C:\Users\kate\PycharmProjects\member-management\management\views.py", line 4058, in associate_mother_to_individual
    lat=float(mother_latitude),
ValueError: could not convert string to float: ''
"POST /individual-tag-mother/43/ HTTP/1.1" 500 72498
Internal Server Error: /individual-tag-mother/43/
Traceback (most recent call last):
  File "C:\Users\kate\PycharmProjects\member-management\venv\lib\site-packages\django\core\handlers\exception.py", line 55, in inner
    response = get_response(request)
  File "C:\Users\kate\PycharmProjects\member-management\venv\lib\site-packages\django\core\handlers\base.py", line 197, in _get_response
    response = wrapped_callback(request, *callback_args, **callback_kwargs)
  File "C:\Users\kate\PycharmProjects\member-management\management\views.py", line 4058, in associate_mother_to_individual
    lat=float(mother_latitude),
ValueError: could not convert string to float: ''
"POST /individual-tag-mother/43/ HTTP/1.1" 500 72498
Internal Server Error: /individual-tag-mother/43/
Traceback (most recent call last):
  File "C:\Users\kate\PycharmProjects\member-management\venv\lib\site-packages\django\db\models\fields\__init__.py", line 2053, in get_prep_value
    return int(value)
ValueError: invalid literal for int() with base 10: ''

The above exception was the direct cause of the following exception:

Traceback (most recent call last):
  File "C:\Users\kate\PycharmProjects\member-management\venv\lib\site-packages\django\core\handlers\exception.py", line 55, in inner
    response = get_response(request)
  File "C:\Users\kate\PycharmProjects\member-management\venv\lib\site-packages\django\core\handlers\base.py", line 197, in _get_response
    response = wrapped_callback(request, *callback_args, **callback_kwargs)
  File "C:\Users\kate\PycharmProjects\member-management\management\views.py", line 4036, in associate_mother_to_individual
    brgy = Barangay.objects.get(id=mother_brgy)
  File "C:\Users\kate\PycharmProjects\member-management\venv\lib\site-packages\django\db\models\manager.py", line 87, in manager_method
    return getattr(self.get_queryset(), name)(*args, **kwargs)
  File "C:\Users\kate\PycharmProjects\member-management\venv\lib\site-packages\django\db\models\query.py", line 623, in get
    clone = self._chain() if self.query.combinator else self.filter(*args, **kwargs)
  File "C:\Users\kate\PycharmProjects\member-management\venv\lib\site-packages\django\db\models\query.py", line 1436, in filter
    return self._filter_or_exclude(False, args, kwargs)
  File "C:\Users\kate\PycharmProjects\member-management\venv\lib\site-packages\django\db\models\query.py", line 1454, in _filter_or_exclude
    clone._filter_or_exclude_inplace(negate, args, kwargs)
  File "C:\Users\kate\PycharmProjects\member-management\venv\lib\site-packages\django\db\models\query.py", line 1461, in _filter_or_exclude_inplace
    self._query.add_q(Q(*args, **kwargs))
  File "C:\Users\kate\PycharmProjects\member-management\venv\lib\site-packages\django\db\models\sql\query.py", line 1546, in add_q
    clause, _ = self._add_q(q_object, self.used_aliases)
  File "C:\Users\kate\PycharmProjects\member-management\venv\lib\site-packages\django\db\models\sql\query.py", line 1577, in _add_q
    child_clause, needed_inner = self.build_filter(
  File "C:\Users\kate\PycharmProjects\member-management\venv\lib\site-packages\django\db\models\sql\query.py", line 1492, in build_filter
    condition = self.build_lookup(lookups, col, value)
  File "C:\Users\kate\PycharmProjects\member-management\venv\lib\site-packages\django\db\models\sql\query.py", line 1319, in build_lookup
    lookup = lookup_class(lhs, rhs)
  File "C:\Users\kate\PycharmProjects\member-management\venv\lib\site-packages\django\db\models\lookups.py", line 27, in __init__
    self.rhs = self.get_prep_lookup()
  File "C:\Users\kate\PycharmProjects\member-management\venv\lib\site-packages\django\db\models\lookups.py", line 341, in get_prep_lookup
    return super().get_prep_lookup()
  File "C:\Users\kate\PycharmProjects\member-management\venv\lib\site-packages\django\db\models\lookups.py", line 85, in get_prep_lookup
    return self.lhs.output_field.get_prep_value(self.rhs)
  File "C:\Users\kate\PycharmProjects\member-management\venv\lib\site-packages\django\db\models\fields\__init__.py", line 2055, in get_prep_value
    raise e.__class__(
ValueError: Field 'id' expected a number but got ''.
"POST /individual-tag-mother/43/ HTTP/1.1" 500 139317
C:\Users\kate\PycharmProjects\member-management\management\views.py changed, reloading.
Watching for file changes with StatReloader
Internal Server Error: /individual-tag-mother/43/
Traceback (most recent call last):
  File "C:\Users\kate\PycharmProjects\member-management\venv\lib\site-packages\django\core\handlers\exception.py", line 55, in inner
    response = get_response(request)
  File "C:\Users\kate\PycharmProjects\member-management\venv\lib\site-packages\django\core\handlers\base.py", line 197, in _get_response
    response = wrapped_callback(request, *callback_args, **callback_kwargs)
  File "C:\Users\kate\PycharmProjects\member-management\management\views.py", line 4058, in associate_mother_to_individual
    lat=float(mother_latitude),
ValueError: could not convert string to float: ''
"POST /individual-tag-mother/43/ HTTP/1.1" 500 72338
C:\Users\kate\PycharmProjects\member-management\management\views.py changed, reloading.
Watching for file changes with StatReloader
Internal Server Error: /individual-tag-mother/43/
Traceback (most recent call last):
  File "C:\Users\kate\PycharmProjects\member-management\venv\lib\site-packages\django\core\handlers\exception.py", line 55, in inner
    response = get_response(request)
  File "C:\Users\kate\PycharmProjects\member-management\venv\lib\site-packages\django\core\handlers\base.py", line 197, in _get_response
    response = wrapped_callback(request, *callback_args, **callback_kwargs)
  File "C:\Users\kate\PycharmProjects\member-management\management\views.py", line 4060, in associate_mother_to_individual
    lat=float(mother_latitude),
ValueError: could not convert string to float: ''
"POST /individual-tag-mother/43/ HTTP/1.1" 500 72338
C:\Users\kate\PycharmProjects\member-management\management\views.py changed, reloading.
Watching for file changes with StatReloader
Internal Server Error: /individual-tag-mother/43/
Traceback (most recent call last):
  File "C:\Users\kate\PycharmProjects\member-management\venv\lib\site-packages\django\core\handlers\exception.py", line 55, in inner
    response = get_response(request)
  File "C:\Users\kate\PycharmProjects\member-management\venv\lib\site-packages\django\core\handlers\base.py", line 197, in _get_response
    response = wrapped_callback(request, *callback_args, **callback_kwargs)
  File "C:\Users\kate\PycharmProjects\member-management\management\views.py", line 4027, in associate_mother_to_individual
    mother_leader_status = int(request.POST.get('individual-mother-leader-status'))
ValueError: invalid literal for int() with base 10: 'False'
"POST /individual-tag-mother/43/ HTTP/1.1" 500 71502
C:\Users\kate\PycharmProjects\member-management\management\views.py changed, reloading.
Watching for file changes with StatReloader
Internal Server Error: /individual-tag-mother/43/
Traceback (most recent call last):
  File "C:\Users\kate\PycharmProjects\member-management\venv\lib\site-packages\django\core\handlers\exception.py", line 55, in inner
    response = get_response(request)
  File "C:\Users\kate\PycharmProjects\member-management\venv\lib\site-packages\django\core\handlers\base.py", line 197, in _get_response
    response = wrapped_callback(request, *callback_args, **callback_kwargs)
  File "C:\Users\kate\PycharmProjects\member-management\management\views.py", line 4060, in associate_mother_to_individual
    lat=float(mother_latitude),
ValueError: could not convert string to float: ''
"POST /individual-tag-mother/43/ HTTP/1.1" 500 72338
C:\Users\kate\PycharmProjects\member-management\management\views.py changed, reloading.
Watching for file changes with StatReloader
Internal Server Error: /individual-tag-mother/43/
Traceback (most recent call last):
  File "C:\Users\kate\PycharmProjects\member-management\venv\lib\site-packages\django\core\handlers\exception.py", line 55, in inner
    response = get_response(request)
  File "C:\Users\kate\PycharmProjects\member-management\venv\lib\site-packages\django\core\handlers\base.py", line 197, in _get_response
    response = wrapped_callback(request, *callback_args, **callback_kwargs)
  File "C:\Users\kate\PycharmProjects\member-management\management\views.py", line 4027, in associate_mother_to_individual
    mother_leader_status = float(request.POST.get('individual-mother-leader-status'))
ValueError: could not convert string to float: 'False'
"POST /individual-tag-mother/43/ HTTP/1.1" 500 71494
C:\Users\kate\PycharmProjects\member-management\management\views.py changed, reloading.
Watching for file changes with StatReloader
Internal Server Error: /individual-tag-mother/43/
Traceback (most recent call last):
  File "C:\Users\kate\PycharmProjects\member-management\venv\lib\site-packages\django\core\handlers\exception.py", line 55, in inner
    response = get_response(request)
  File "C:\Users\kate\PycharmProjects\member-management\venv\lib\site-packages\django\core\handlers\base.py", line 197, in _get_response
    response = wrapped_callback(request, *callback_args, **callback_kwargs)
  File "C:\Users\kate\PycharmProjects\member-management\management\views.py", line 4064, in associate_mother_to_individual
    lat=float(mother_latitude),
ValueError: could not convert string to float: ''
"POST /individual-tag-mother/43/ HTTP/1.1" 500 72338
C:\Users\kate\PycharmProjects\member-management\management\views.py changed, reloading.
Watching for file changes with StatReloader
Internal Server Error: /individual-tag-mother/43/
Traceback (most recent call last):
  File "C:\Users\kate\PycharmProjects\member-management\venv\lib\site-packages\django\core\handlers\exception.py", line 55, in inner
    response = get_response(request)
  File "C:\Users\kate\PycharmProjects\member-management\venv\lib\site-packages\django\core\handlers\base.py", line 197, in _get_response
    response = wrapped_callback(request, *callback_args, **callback_kwargs)
  File "C:\Users\kate\PycharmProjects\member-management\management\views.py", line 4064, in associate_mother_to_individual
    lat=float(mother_latitude),
ValueError: could not convert string to float: ''
"POST /individual-tag-mother/43/ HTTP/1.1" 500 72338
C:\Users\kate\PycharmProjects\member-management\management\views.py changed, reloading.
Watching for file changes with StatReloader
Internal Server Error: /individual-tag-mother/43/
Traceback (most recent call last):
  File "C:\Users\kate\PycharmProjects\member-management\venv\lib\site-packages\django\core\handlers\exception.py", line 55, in inner
    response = get_response(request)
  File "C:\Users\kate\PycharmProjects\member-management\venv\lib\site-packages\django\core\handlers\base.py", line 197, in _get_response
    response = wrapped_callback(request, *callback_args, **callback_kwargs)
  File "C:\Users\kate\PycharmProjects\member-management\management\views.py", line 4065, in associate_mother_to_individual
    lat=float(mother_latitude),
ValueError: could not convert string to float: ''
"POST /individual-tag-mother/43/ HTTP/1.1" 500 72300
C:\Users\kate\PycharmProjects\member-management\management\views.py changed, reloading.
Watching for file changes with StatReloader
Internal Server Error: /individual-tag-mother/43/
Traceback (most recent call last):
  File "C:\Users\kate\PycharmProjects\member-management\venv\lib\site-packages\django\core\handlers\exception.py", line 55, in inner
    response = get_response(request)
  File "C:\Users\kate\PycharmProjects\member-management\venv\lib\site-packages\django\core\handlers\base.py", line 197, in _get_response
    response = wrapped_callback(request, *callback_args, **callback_kwargs)
  File "C:\Users\kate\PycharmProjects\member-management\management\views.py", line 4063, in associate_mother_to_individual
    lat=float(mother_latitude),
ValueError: could not convert string to float: ''
"POST /individual-tag-mother/43/ HTTP/1.1" 500 72288
C:\Users\kate\PycharmProjects\member-management\management\views.py changed, reloading.
Watching for file changes with StatReloader
Internal Server Error: /individual-tag-mother/43/
Traceback (most recent call last):
  File "C:\Users\kate\PycharmProjects\member-management\venv\lib\site-packages\django\core\handlers\exception.py", line 55, in inner
    response = get_response(request)
  File "C:\Users\kate\PycharmProjects\member-management\venv\lib\site-packages\django\core\handlers\base.py", line 197, in _get_response
    response = wrapped_callback(request, *callback_args, **callback_kwargs)
  File "C:\Users\kate\PycharmProjects\member-management\management\views.py", line 4063, in associate_mother_to_individual
    lat=float(mother_latitude),
ValueError: could not convert string to float: ''
"POST /individual-tag-mother/43/ HTTP/1.1" 500 72288
C:\Users\kate\PycharmProjects\member-management\management\views.py changed, reloading.
Watching for file changes with StatReloader
Internal Server Error: /individual-tag-mother/43/
Traceback (most recent call last):
  File "C:\Users\kate\PycharmProjects\member-management\venv\lib\site-packages\django\core\handlers\exception.py", line 55, in inner
    response = get_response(request)
  File "C:\Users\kate\PycharmProjects\member-management\venv\lib\site-packages\django\core\handlers\base.py", line 197, in _get_response
    response = wrapped_callback(request, *callback_args, **callback_kwargs)
  File "C:\Users\kate\PycharmProjects\member-management\management\views.py", line 4063, in associate_mother_to_individual
    lat=float(mother_latitude),
ValueError: could not convert string to float: ''
"POST /individual-tag-mother/43/ HTTP/1.1" 500 72240
C:\Users\kate\PycharmProjects\member-management\management\views.py changed, reloading.
Watching for file changes with StatReloader
Internal Server Error: /individual-tag-mother/43/
Traceback (most recent call last):
  File "C:\Users\kate\PycharmProjects\member-management\venv\lib\site-packages\django\core\handlers\exception.py", line 55, in inner
    response = get_response(request)
  File "C:\Users\kate\PycharmProjects\member-management\venv\lib\site-packages\django\core\handlers\base.py", line 197, in _get_response
    response = wrapped_callback(request, *callback_args, **callback_kwargs)
  File "C:\Users\kate\PycharmProjects\member-management\management\views.py", line 4063, in associate_mother_to_individual
    lat=float(mother_latitude),
ValueError: could not convert string to float: ''
"POST /individual-tag-mother/43/ HTTP/1.1" 500 72240
C:\Users\kate\PycharmProjects\member-management\management\views.py changed, reloading.
Watching for file changes with StatReloader
Internal Server Error: /individual-tag-mother/43/
Traceback (most recent call last):
  File "C:\Users\kate\PycharmProjects\member-management\venv\lib\site-packages\django\core\handlers\exception.py", line 55, in inner
    response = get_response(request)
  File "C:\Users\kate\PycharmProjects\member-management\venv\lib\site-packages\django\core\handlers\base.py", line 197, in _get_response
    response = wrapped_callback(request, *callback_args, **callback_kwargs)
  File "C:\Users\kate\PycharmProjects\member-management\management\views.py", line 4064, in associate_mother_to_individual
    lat=float(mother_latitude),
ValueError: could not convert string to float: ''
"POST /individual-tag-mother/43/ HTTP/1.1" 500 72396
Internal Server Error: /individual-tag-mother/43/
Traceback (most recent call last):
  File "C:\Users\kate\PycharmProjects\member-management\venv\lib\site-packages\django\core\handlers\exception.py", line 55, in inner
    response = get_response(request)
  File "C:\Users\kate\PycharmProjects\member-management\venv\lib\site-packages\django\core\handlers\base.py", line 197, in _get_response
    response = wrapped_callback(request, *callback_args, **callback_kwargs)
  File "C:\Users\kate\PycharmProjects\member-management\management\views.py", line 4064, in associate_mother_to_individual
    lat=float(mother_latitude),
ValueError: could not convert string to float: ''
"POST /individual-tag-mother/43/ HTTP/1.1" 500 72397
C:\Users\kate\PycharmProjects\member-management\management\views.py changed, reloading.
Watching for file changes with StatReloader
Internal Server Error: /individual-tag-mother/43/
Traceback (most recent call last):
  File "C:\Users\kate\PycharmProjects\member-management\venv\lib\site-packages\django\core\handlers\exception.py", line 55, in inner
    response = get_response(request)
  File "C:\Users\kate\PycharmProjects\member-management\venv\lib\site-packages\django\core\handlers\base.py", line 197, in _get_response
    response = wrapped_callback(request, *callback_args, **callback_kwargs)
  File "C:\Users\kate\PycharmProjects\member-management\management\views.py", line 4064, in associate_mother_to_individual
    lat=float(mother_latitude),
ValueError: could not convert string to float: ''
"POST /individual-tag-mother/43/ HTTP/1.1" 500 72988
C:\Users\kate\PycharmProjects\member-management\management\views.py changed, reloading.
Watching for file changes with StatReloader
Internal Server Error: /individual-tag-mother/43/
Traceback (most recent call last):
  File "C:\Users\kate\PycharmProjects\member-management\venv\lib\site-packages\django\core\handlers\exception.py", line 55, in inner
    response = get_response(request)
  File "C:\Users\kate\PycharmProjects\member-management\venv\lib\site-packages\django\core\handlers\base.py", line 197, in _get_response
    response = wrapped_callback(request, *callback_args, **callback_kwargs)
  File "C:\Users\kate\PycharmProjects\member-management\management\views.py", line 4064, in associate_mother_to_individual
    lat=float(mother_latitude),
ValueError: could not convert string to float: ''
"POST /individual-tag-mother/43/ HTTP/1.1" 500 73031
C:\Users\kate\PycharmProjects\member-management\management\views.py changed, reloading.
Watching for file changes with StatReloader
Internal Server Error: /individual-tag-mother/43/
Traceback (most recent call last):
  File "C:\Users\kate\PycharmProjects\member-management\venv\lib\site-packages\django\core\handlers\exception.py", line 55, in inner
    response = get_response(request)
  File "C:\Users\kate\PycharmProjects\member-management\venv\lib\site-packages\django\core\handlers\base.py", line 197, in _get_response
    response = wrapped_callback(request, *callback_args, **callback_kwargs)
  File "C:\Users\kate\PycharmProjects\member-management\management\views.py", line 4025, in associate_mother_to_individual
    mother_latitude = float(request.POST.get('individual-mother-latitude'))
ValueError: could not convert string to float: ''
"POST /individual-tag-mother/43/ HTTP/1.1" 500 71176
C:\Users\kate\PycharmProjects\member-management\management\views.py changed, reloading.
Watching for file changes with StatReloader
Internal Server Error: /individual-tag-mother/43/
Traceback (most recent call last):
  File "C:\Users\kate\PycharmProjects\member-management\venv\lib\site-packages\django\core\handlers\exception.py", line 55, in inner
    response = get_response(request)
  File "C:\Users\kate\PycharmProjects\member-management\venv\lib\site-packages\django\core\handlers\base.py", line 197, in _get_response
    response = wrapped_callback(request, *callback_args, **callback_kwargs)
  File "C:\Users\kate\PycharmProjects\member-management\management\views.py", line 4070, in associate_mother_to_individual
    lat=float(mother_latitude),
TypeError: float() argument must be a string or a number, not 'NoneType'
"POST /individual-tag-mother/43/ HTTP/1.1" 500 73105
C:\Users\kate\PycharmProjects\member-management\management\views.py changed, reloading.
Watching for file changes with StatReloader
C:\Users\kate\PycharmProjects\member-management\management\views.py changed, reloading.
Watching for file changes with StatReloader
C:\Users\kate\PycharmProjects\member-management\management\views.py changed, reloading.
Watching for file changes with StatReloader
C:\Users\kate\PycharmProjects\member-management\management\views.py changed, reloading.
Watching for file changes with StatReloader
C:\Users\kate\PycharmProjects\member-management\management\views.py changed, reloading.
Watching for file changes with StatReloader
C:\Users\kate\PycharmProjects\member-management\management\views.py changed, reloading.
Watching for file changes with StatReloader
C:\Users\kate\PycharmProjects\member-management\management\views.py changed, reloading.
Watching for file changes with StatReloader
C:\Users\kate\PycharmProjects\member-management\management\urls.py changed, reloading.
Watching for file changes with StatReloader
Internal Server Error: /individual-family-conf/43/
Traceback (most recent call last):
  File "C:\Users\kate\PycharmProjects\member-management\venv\lib\site-packages\django\core\handlers\exception.py", line 55, in inner
    response = get_response(request)
  File "C:\Users\kate\PycharmProjects\member-management\venv\lib\site-packages\django\core\handlers\base.py", line 197, in _get_response
    response = wrapped_callback(request, *callback_args, **callback_kwargs)
  File "C:\Users\kate\PycharmProjects\member-management\management\views.py", line 3959, in individual_family_input
    return render(request, 'individual_family_conf.html', {
  File "C:\Users\kate\PycharmProjects\member-management\venv\lib\site-packages\django\shortcuts.py", line 24, in render
    content = loader.render_to_string(template_name, context, request, using=using)
  File "C:\Users\kate\PycharmProjects\member-management\venv\lib\site-packages\django\template\loader.py", line 62, in render_to_string
    return template.render(context, request)
  File "C:\Users\kate\PycharmProjects\member-management\venv\lib\site-packages\django\template\backends\django.py", line 61, in render
    return self.template.render(context)
  File "C:\Users\kate\PycharmProjects\member-management\venv\lib\site-packages\django\template\base.py", line 175, in render
    return self._render(context)
  File "C:\Users\kate\PycharmProjects\member-management\venv\lib\site-packages\django\template\base.py", line 167, in _render
    return self.nodelist.render(context)
  File "C:\Users\kate\PycharmProjects\member-management\venv\lib\site-packages\django\template\base.py", line 1005, in render
    return SafeString("".join([node.render_annotated(context) for node in self]))
  File "C:\Users\kate\PycharmProjects\member-management\venv\lib\site-packages\django\template\base.py", line 1005, in <listcomp>
    return SafeString("".join([node.render_annotated(context) for node in self]))
  File "C:\Users\kate\PycharmProjects\member-management\venv\lib\site-packages\django\template\base.py", line 966, in render_annotated
    return self.render(context)
  File "C:\Users\kate\PycharmProjects\member-management\venv\lib\site-packages\django\template\loader_tags.py", line 157, in render
    return compiled_parent._render(context)
  File "C:\Users\kate\PycharmProjects\member-management\venv\lib\site-packages\django\template\base.py", line 167, in _render
    return self.nodelist.render(context)
  File "C:\Users\kate\PycharmProjects\member-management\venv\lib\site-packages\django\template\base.py", line 1005, in render
    return SafeString("".join([node.render_annotated(context) for node in self]))
  File "C:\Users\kate\PycharmProjects\member-management\venv\lib\site-packages\django\template\base.py", line 1005, in <listcomp>
    return SafeString("".join([node.render_annotated(context) for node in self]))
  File "C:\Users\kate\PycharmProjects\member-management\venv\lib\site-packages\django\template\base.py", line 966, in render_annotated
    return self.render(context)
  File "C:\Users\kate\PycharmProjects\member-management\venv\lib\site-packages\django\template\loader_tags.py", line 63, in render
    result = block.nodelist.render(context)
  File "C:\Users\kate\PycharmProjects\member-management\venv\lib\site-packages\django\template\base.py", line 1005, in render
    return SafeString("".join([node.render_annotated(context) for node in self]))
  File "C:\Users\kate\PycharmProjects\member-management\venv\lib\site-packages\django\template\base.py", line 1005, in <listcomp>
    return SafeString("".join([node.render_annotated(context) for node in self]))
  File "C:\Users\kate\PycharmProjects\member-management\venv\lib\site-packages\django\template\base.py", line 966, in render_annotated
    return self.render(context)
  File "C:\Users\kate\PycharmProjects\member-management\venv\lib\site-packages\django\template\defaulttags.py", line 471, in render
    url = reverse(view_name, args=args, kwargs=kwargs, current_app=current_app)
  File "C:\Users\kate\PycharmProjects\member-management\venv\lib\site-packages\django\urls\base.py", line 88, in reverse
    return resolver._reverse_with_prefix(view, prefix, *args, **kwargs)
  File "C:\Users\kate\PycharmProjects\member-management\venv\lib\site-packages\django\urls\resolvers.py", line 828, in _reverse_with_prefix
    raise NoReverseMatch(msg)
django.urls.exceptions.NoReverseMatch: Reverse for 'htmx-sitio-options-children' not found. 'htmx-sitio-options-children' is not a valid view function or pattern name.
"GET /individual-family-conf/43/ HTTP/1.1" 500 187822
Internal Server Error: /individual-family-conf/43/
Traceback (most recent call last):
  File "C:\Users\kate\PycharmProjects\member-management\venv\lib\site-packages\django\core\handlers\exception.py", line 55, in inner
    response = get_response(request)
  File "C:\Users\kate\PycharmProjects\member-management\venv\lib\site-packages\django\core\handlers\base.py", line 197, in _get_response
    response = wrapped_callback(request, *callback_args, **callback_kwargs)
  File "C:\Users\kate\PycharmProjects\member-management\management\views.py", line 3959, in individual_family_input
    return render(request, 'individual_family_conf.html', {
  File "C:\Users\kate\PycharmProjects\member-management\venv\lib\site-packages\django\shortcuts.py", line 24, in render
    content = loader.render_to_string(template_name, context, request, using=using)
  File "C:\Users\kate\PycharmProjects\member-management\venv\lib\site-packages\django\template\loader.py", line 62, in render_to_string
    return template.render(context, request)
  File "C:\Users\kate\PycharmProjects\member-management\venv\lib\site-packages\django\template\backends\django.py", line 61, in render
    return self.template.render(context)
  File "C:\Users\kate\PycharmProjects\member-management\venv\lib\site-packages\django\template\base.py", line 175, in render
    return self._render(context)
  File "C:\Users\kate\PycharmProjects\member-management\venv\lib\site-packages\django\template\base.py", line 167, in _render
    return self.nodelist.render(context)
  File "C:\Users\kate\PycharmProjects\member-management\venv\lib\site-packages\django\template\base.py", line 1005, in render
    return SafeString("".join([node.render_annotated(context) for node in self]))
  File "C:\Users\kate\PycharmProjects\member-management\venv\lib\site-packages\django\template\base.py", line 1005, in <listcomp>
    return SafeString("".join([node.render_annotated(context) for node in self]))
  File "C:\Users\kate\PycharmProjects\member-management\venv\lib\site-packages\django\template\base.py", line 966, in render_annotated
    return self.render(context)
  File "C:\Users\kate\PycharmProjects\member-management\venv\lib\site-packages\django\template\loader_tags.py", line 157, in render
    return compiled_parent._render(context)
  File "C:\Users\kate\PycharmProjects\member-management\venv\lib\site-packages\django\template\base.py", line 167, in _render
    return self.nodelist.render(context)
  File "C:\Users\kate\PycharmProjects\member-management\venv\lib\site-packages\django\template\base.py", line 1005, in render
    return SafeString("".join([node.render_annotated(context) for node in self]))
  File "C:\Users\kate\PycharmProjects\member-management\venv\lib\site-packages\django\template\base.py", line 1005, in <listcomp>
    return SafeString("".join([node.render_annotated(context) for node in self]))
  File "C:\Users\kate\PycharmProjects\member-management\venv\lib\site-packages\django\template\base.py", line 966, in render_annotated
    return self.render(context)
  File "C:\Users\kate\PycharmProjects\member-management\venv\lib\site-packages\django\template\loader_tags.py", line 63, in render
    result = block.nodelist.render(context)
  File "C:\Users\kate\PycharmProjects\member-management\venv\lib\site-packages\django\template\base.py", line 1005, in render
    return SafeString("".join([node.render_annotated(context) for node in self]))
  File "C:\Users\kate\PycharmProjects\member-management\venv\lib\site-packages\django\template\base.py", line 1005, in <listcomp>
    return SafeString("".join([node.render_annotated(context) for node in self]))
  File "C:\Users\kate\PycharmProjects\member-management\venv\lib\site-packages\django\template\base.py", line 966, in render_annotated
    return self.render(context)
  File "C:\Users\kate\PycharmProjects\member-management\venv\lib\site-packages\django\template\defaulttags.py", line 471, in render
    url = reverse(view_name, args=args, kwargs=kwargs, current_app=current_app)
  File "C:\Users\kate\PycharmProjects\member-management\venv\lib\site-packages\django\urls\base.py", line 88, in reverse
    return resolver._reverse_with_prefix(view, prefix, *args, **kwargs)
  File "C:\Users\kate\PycharmProjects\member-management\venv\lib\site-packages\django\urls\resolvers.py", line 828, in _reverse_with_prefix
    raise NoReverseMatch(msg)
django.urls.exceptions.NoReverseMatch: Reverse for 'htmx-sitio-options-children' not found. 'htmx-sitio-options-children' is not a valid view function or pattern name.
"GET /individual-family-conf/43/ HTTP/1.1" 500 187822
C:\Users\kate\PycharmProjects\member-management\management\views.py changed, reloading.
Watching for file changes with StatReloader
C:\Users\kate\PycharmProjects\member-management\management\views.py changed, reloading.
Watching for file changes with StatReloader
C:\Users\kate\PycharmProjects\member-management\management\views.py changed, reloading.
Watching for file changes with StatReloader
C:\Users\kate\PycharmProjects\member-management\management\views.py changed, reloading.
Watching for file changes with StatReloader
C:\Users\kate\PycharmProjects\member-management\management\views.py changed, reloading.
Watching for file changes with StatReloader
C:\Users\kate\PycharmProjects\member-management\management\views.py changed, reloading.
Watching for file changes with StatReloader
C:\Users\kate\PycharmProjects\member-management\management\views.py changed, reloading.
Watching for file changes with StatReloader
Internal Server Error: /individual-tag-mother/43/
Traceback (most recent call last):
  File "C:\Users\kate\PycharmProjects\member-management\venv\lib\site-packages\django\core\handlers\exception.py", line 55, in inner
    response = get_response(request)
  File "C:\Users\kate\PycharmProjects\member-management\venv\lib\site-packages\django\core\handlers\base.py", line 197, in _get_response
    response = wrapped_callback(request, *callback_args, **callback_kwargs)
  File "C:\Users\kate\PycharmProjects\member-management\management\views.py", line 4032, in associate_mother_to_individual
    mother_leader_status = int(request.POST.get('individual-mother-leader-status'))
TypeError: int() argument must be a string, a bytes-like object or a number, not 'NoneType'
"POST /individual-tag-mother/43/ HTTP/1.1" 500 72415
C:\Users\kate\PycharmProjects\member-management\management\urls.py changed, reloading.
Watching for file changes with StatReloader
C:\Users\kate\PycharmProjects\member-management\management\views.py changed, reloading.
Watching for file changes with StatReloader
C:\Users\kate\PycharmProjects\member-management\management\urls.py changed, reloading.
Watching for file changes with StatReloader
Internal Server Error: /individual-tag-sibling/43/
Traceback (most recent call last):
  File "C:\Users\kate\PycharmProjects\member-management\venv\lib\site-packages\django\core\handlers\exception.py", line 55, in inner
    response = get_response(request)
  File "C:\Users\kate\PycharmProjects\member-management\venv\lib\site-packages\django\core\handlers\base.py", line 197, in _get_response
    response = wrapped_callback(request, *callback_args, **callback_kwargs)
  File "C:\Users\kate\PycharmProjects\member-management\management\views.py", line 4223, in associate_sibling_to_individual
    brgy = Barangay.objects.get(sibling_brgy)
  File "C:\Users\kate\PycharmProjects\member-management\venv\lib\site-packages\django\db\models\manager.py", line 87, in manager_method
    return getattr(self.get_queryset(), name)(*args, **kwargs)
  File "C:\Users\kate\PycharmProjects\member-management\venv\lib\site-packages\django\db\models\query.py", line 623, in get
    clone = self._chain() if self.query.combinator else self.filter(*args, **kwargs)
  File "C:\Users\kate\PycharmProjects\member-management\venv\lib\site-packages\django\db\models\query.py", line 1436, in filter
    return self._filter_or_exclude(False, args, kwargs)
  File "C:\Users\kate\PycharmProjects\member-management\venv\lib\site-packages\django\db\models\query.py", line 1454, in _filter_or_exclude
    clone._filter_or_exclude_inplace(negate, args, kwargs)
  File "C:\Users\kate\PycharmProjects\member-management\venv\lib\site-packages\django\db\models\query.py", line 1461, in _filter_or_exclude_inplace
    self._query.add_q(Q(*args, **kwargs))
  File "C:\Users\kate\PycharmProjects\member-management\venv\lib\site-packages\django\db\models\sql\query.py", line 1546, in add_q
    clause, _ = self._add_q(q_object, self.used_aliases)
  File "C:\Users\kate\PycharmProjects\member-management\venv\lib\site-packages\django\db\models\sql\query.py", line 1577, in _add_q
    child_clause, needed_inner = self.build_filter(
  File "C:\Users\kate\PycharmProjects\member-management\venv\lib\site-packages\django\db\models\sql\query.py", line 1424, in build_filter
    arg, value = filter_expr
ValueError: not enough values to unpack (expected 2, got 1)
"POST /individual-tag-sibling/43/ HTTP/1.1" 500 112251
C:\Users\kate\PycharmProjects\member-management\management\views.py changed, reloading.
Watching for file changes with StatReloader
Internal Server Error: /individual-tag-sibling/43/
Traceback (most recent call last):
  File "C:\Users\kate\PycharmProjects\member-management\venv\lib\site-packages\django\core\handlers\exception.py", line 55, in inner
    response = get_response(request)
  File "C:\Users\kate\PycharmProjects\member-management\venv\lib\site-packages\django\core\handlers\base.py", line 197, in _get_response
    response = wrapped_callback(request, *callback_args, **callback_kwargs)
  File "C:\Users\kate\PycharmProjects\member-management\management\views.py", line 4223, in associate_sibling_to_individual
    brgy = Barangay.objects.get(sibling_brgy)
  File "C:\Users\kate\PycharmProjects\member-management\venv\lib\site-packages\django\db\models\manager.py", line 87, in manager_method
    return getattr(self.get_queryset(), name)(*args, **kwargs)
  File "C:\Users\kate\PycharmProjects\member-management\venv\lib\site-packages\django\db\models\query.py", line 623, in get
    clone = self._chain() if self.query.combinator else self.filter(*args, **kwargs)
  File "C:\Users\kate\PycharmProjects\member-management\venv\lib\site-packages\django\db\models\query.py", line 1436, in filter
    return self._filter_or_exclude(False, args, kwargs)
  File "C:\Users\kate\PycharmProjects\member-management\venv\lib\site-packages\django\db\models\query.py", line 1454, in _filter_or_exclude
    clone._filter_or_exclude_inplace(negate, args, kwargs)
  File "C:\Users\kate\PycharmProjects\member-management\venv\lib\site-packages\django\db\models\query.py", line 1461, in _filter_or_exclude_inplace
    self._query.add_q(Q(*args, **kwargs))
  File "C:\Users\kate\PycharmProjects\member-management\venv\lib\site-packages\django\db\models\sql\query.py", line 1546, in add_q
    clause, _ = self._add_q(q_object, self.used_aliases)
  File "C:\Users\kate\PycharmProjects\member-management\venv\lib\site-packages\django\db\models\sql\query.py", line 1577, in _add_q
    child_clause, needed_inner = self.build_filter(
  File "C:\Users\kate\PycharmProjects\member-management\venv\lib\site-packages\django\db\models\sql\query.py", line 1424, in build_filter
    arg, value = filter_expr
ValueError: not enough values to unpack (expected 2, got 1)
"POST /individual-tag-sibling/43/ HTTP/1.1" 500 112251
Internal Server Error: /individual-tag-child/43/
Traceback (most recent call last):
  File "C:\Users\kate\PycharmProjects\member-management\venv\lib\site-packages\django\db\models\fields\__init__.py", line 2053, in get_prep_value
    return int(value)
ValueError: invalid literal for int() with base 10: ''

The above exception was the direct cause of the following exception:

Traceback (most recent call last):
  File "C:\Users\kate\PycharmProjects\member-management\venv\lib\site-packages\django\core\handlers\exception.py", line 55, in inner
    response = get_response(request)
  File "C:\Users\kate\PycharmProjects\member-management\venv\lib\site-packages\django\core\handlers\base.py", line 197, in _get_response
    response = wrapped_callback(request, *callback_args, **callback_kwargs)
  File "C:\Users\kate\PycharmProjects\member-management\management\views.py", line 4422, in associate_child_to_individual
    gender = Gender.objects.get(id=child_gender)
  File "C:\Users\kate\PycharmProjects\member-management\venv\lib\site-packages\django\db\models\manager.py", line 87, in manager_method
    return getattr(self.get_queryset(), name)(*args, **kwargs)
  File "C:\Users\kate\PycharmProjects\member-management\venv\lib\site-packages\django\db\models\query.py", line 623, in get
    clone = self._chain() if self.query.combinator else self.filter(*args, **kwargs)
  File "C:\Users\kate\PycharmProjects\member-management\venv\lib\site-packages\django\db\models\query.py", line 1436, in filter
    return self._filter_or_exclude(False, args, kwargs)
  File "C:\Users\kate\PycharmProjects\member-management\venv\lib\site-packages\django\db\models\query.py", line 1454, in _filter_or_exclude
    clone._filter_or_exclude_inplace(negate, args, kwargs)
  File "C:\Users\kate\PycharmProjects\member-management\venv\lib\site-packages\django\db\models\query.py", line 1461, in _filter_or_exclude_inplace
    self._query.add_q(Q(*args, **kwargs))
  File "C:\Users\kate\PycharmProjects\member-management\venv\lib\site-packages\django\db\models\sql\query.py", line 1546, in add_q
    clause, _ = self._add_q(q_object, self.used_aliases)
  File "C:\Users\kate\PycharmProjects\member-management\venv\lib\site-packages\django\db\models\sql\query.py", line 1577, in _add_q
    child_clause, needed_inner = self.build_filter(
  File "C:\Users\kate\PycharmProjects\member-management\venv\lib\site-packages\django\db\models\sql\query.py", line 1492, in build_filter
    condition = self.build_lookup(lookups, col, value)
  File "C:\Users\kate\PycharmProjects\member-management\venv\lib\site-packages\django\db\models\sql\query.py", line 1319, in build_lookup
    lookup = lookup_class(lhs, rhs)
  File "C:\Users\kate\PycharmProjects\member-management\venv\lib\site-packages\django\db\models\lookups.py", line 27, in __init__
    self.rhs = self.get_prep_lookup()
  File "C:\Users\kate\PycharmProjects\member-management\venv\lib\site-packages\django\db\models\lookups.py", line 341, in get_prep_lookup
    return super().get_prep_lookup()
  File "C:\Users\kate\PycharmProjects\member-management\venv\lib\site-packages\django\db\models\lookups.py", line 85, in get_prep_lookup
    return self.lhs.output_field.get_prep_value(self.rhs)
  File "C:\Users\kate\PycharmProjects\member-management\venv\lib\site-packages\django\db\models\fields\__init__.py", line 2055, in get_prep_value
    raise e.__class__(
ValueError: Field 'id' expected a number but got ''.
"POST /individual-tag-child/43/ HTTP/1.1" 500 137689
Internal Server Error: /individual-tag-child/43/
Traceback (most recent call last):
  File "C:\Users\kate\PycharmProjects\member-management\venv\lib\site-packages\django\core\handlers\exception.py", line 55, in inner
    response = get_response(request)
  File "C:\Users\kate\PycharmProjects\member-management\venv\lib\site-packages\django\core\handlers\base.py", line 197, in _get_response
    response = wrapped_callback(request, *callback_args, **callback_kwargs)
  File "C:\Users\kate\PycharmProjects\member-management\management\views.py", line 4401, in associate_child_to_individual
    brgy = Barangay.objects.get(child_brgy)
  File "C:\Users\kate\PycharmProjects\member-management\venv\lib\site-packages\django\db\models\manager.py", line 87, in manager_method
    return getattr(self.get_queryset(), name)(*args, **kwargs)
  File "C:\Users\kate\PycharmProjects\member-management\venv\lib\site-packages\django\db\models\query.py", line 623, in get
    clone = self._chain() if self.query.combinator else self.filter(*args, **kwargs)
  File "C:\Users\kate\PycharmProjects\member-management\venv\lib\site-packages\django\db\models\query.py", line 1436, in filter
    return self._filter_or_exclude(False, args, kwargs)
  File "C:\Users\kate\PycharmProjects\member-management\venv\lib\site-packages\django\db\models\query.py", line 1454, in _filter_or_exclude
    clone._filter_or_exclude_inplace(negate, args, kwargs)
  File "C:\Users\kate\PycharmProjects\member-management\venv\lib\site-packages\django\db\models\query.py", line 1461, in _filter_or_exclude_inplace
    self._query.add_q(Q(*args, **kwargs))
  File "C:\Users\kate\PycharmProjects\member-management\venv\lib\site-packages\django\db\models\sql\query.py", line 1546, in add_q
    clause, _ = self._add_q(q_object, self.used_aliases)
  File "C:\Users\kate\PycharmProjects\member-management\venv\lib\site-packages\django\db\models\sql\query.py", line 1577, in _add_q
    child_clause, needed_inner = self.build_filter(
  File "C:\Users\kate\PycharmProjects\member-management\venv\lib\site-packages\django\db\models\sql\query.py", line 1424, in build_filter
    arg, value = filter_expr
ValueError: not enough values to unpack (expected 2, got 1)
"POST /individual-tag-child/43/ HTTP/1.1" 500 112123
Internal Server Error: /individual-tag-sibling/43/
Traceback (most recent call last):
  File "C:\Users\kate\PycharmProjects\member-management\venv\lib\site-packages\django\db\models\fields\__init__.py", line 2053, in get_prep_value
    return int(value)
ValueError: invalid literal for int() with base 10: ''

The above exception was the direct cause of the following exception:

Traceback (most recent call last):
  File "C:\Users\kate\PycharmProjects\member-management\venv\lib\site-packages\django\core\handlers\exception.py", line 55, in inner
    response = get_response(request)
  File "C:\Users\kate\PycharmProjects\member-management\venv\lib\site-packages\django\core\handlers\base.py", line 197, in _get_response
    response = wrapped_callback(request, *callback_args, **callback_kwargs)
  File "C:\Users\kate\PycharmProjects\member-management\management\views.py", line 4244, in associate_sibling_to_individual
    gender = Gender.objects.get(id=sibling_gender)
  File "C:\Users\kate\PycharmProjects\member-management\venv\lib\site-packages\django\db\models\manager.py", line 87, in manager_method
    return getattr(self.get_queryset(), name)(*args, **kwargs)
  File "C:\Users\kate\PycharmProjects\member-management\venv\lib\site-packages\django\db\models\query.py", line 623, in get
    clone = self._chain() if self.query.combinator else self.filter(*args, **kwargs)
  File "C:\Users\kate\PycharmProjects\member-management\venv\lib\site-packages\django\db\models\query.py", line 1436, in filter
    return self._filter_or_exclude(False, args, kwargs)
  File "C:\Users\kate\PycharmProjects\member-management\venv\lib\site-packages\django\db\models\query.py", line 1454, in _filter_or_exclude
    clone._filter_or_exclude_inplace(negate, args, kwargs)
  File "C:\Users\kate\PycharmProjects\member-management\venv\lib\site-packages\django\db\models\query.py", line 1461, in _filter_or_exclude_inplace
    self._query.add_q(Q(*args, **kwargs))
  File "C:\Users\kate\PycharmProjects\member-management\venv\lib\site-packages\django\db\models\sql\query.py", line 1546, in add_q
    clause, _ = self._add_q(q_object, self.used_aliases)
  File "C:\Users\kate\PycharmProjects\member-management\venv\lib\site-packages\django\db\models\sql\query.py", line 1577, in _add_q
    child_clause, needed_inner = self.build_filter(
  File "C:\Users\kate\PycharmProjects\member-management\venv\lib\site-packages\django\db\models\sql\query.py", line 1492, in build_filter
    condition = self.build_lookup(lookups, col, value)
  File "C:\Users\kate\PycharmProjects\member-management\venv\lib\site-packages\django\db\models\sql\query.py", line 1319, in build_lookup
    lookup = lookup_class(lhs, rhs)
  File "C:\Users\kate\PycharmProjects\member-management\venv\lib\site-packages\django\db\models\lookups.py", line 27, in __init__
    self.rhs = self.get_prep_lookup()
  File "C:\Users\kate\PycharmProjects\member-management\venv\lib\site-packages\django\db\models\lookups.py", line 341, in get_prep_lookup
    return super().get_prep_lookup()
  File "C:\Users\kate\PycharmProjects\member-management\venv\lib\site-packages\django\db\models\lookups.py", line 85, in get_prep_lookup
    return self.lhs.output_field.get_prep_value(self.rhs)
  File "C:\Users\kate\PycharmProjects\member-management\venv\lib\site-packages\django\db\models\fields\__init__.py", line 2055, in get_prep_value
    raise e.__class__(
ValueError: Field 'id' expected a number but got ''.
"POST /individual-tag-sibling/43/ HTTP/1.1" 500 137824
Internal Server Error: /individual-tag-sibling/43/
Traceback (most recent call last):
  File "C:\Users\kate\PycharmProjects\member-management\venv\lib\site-packages\django\db\models\fields\__init__.py", line 2053, in get_prep_value
    return int(value)
ValueError: invalid literal for int() with base 10: ''

The above exception was the direct cause of the following exception:

Traceback (most recent call last):
  File "C:\Users\kate\PycharmProjects\member-management\venv\lib\site-packages\django\core\handlers\exception.py", line 55, in inner
    response = get_response(request)
  File "C:\Users\kate\PycharmProjects\member-management\venv\lib\site-packages\django\core\handlers\base.py", line 197, in _get_response
    response = wrapped_callback(request, *callback_args, **callback_kwargs)
  File "C:\Users\kate\PycharmProjects\member-management\management\views.py", line 4244, in associate_sibling_to_individual
    gender = Gender.objects.get(id=sibling_gender)
  File "C:\Users\kate\PycharmProjects\member-management\venv\lib\site-packages\django\db\models\manager.py", line 87, in manager_method
    return getattr(self.get_queryset(), name)(*args, **kwargs)
  File "C:\Users\kate\PycharmProjects\member-management\venv\lib\site-packages\django\db\models\query.py", line 623, in get
    clone = self._chain() if self.query.combinator else self.filter(*args, **kwargs)
  File "C:\Users\kate\PycharmProjects\member-management\venv\lib\site-packages\django\db\models\query.py", line 1436, in filter
    return self._filter_or_exclude(False, args, kwargs)
  File "C:\Users\kate\PycharmProjects\member-management\venv\lib\site-packages\django\db\models\query.py", line 1454, in _filter_or_exclude
    clone._filter_or_exclude_inplace(negate, args, kwargs)
  File "C:\Users\kate\PycharmProjects\member-management\venv\lib\site-packages\django\db\models\query.py", line 1461, in _filter_or_exclude_inplace
    self._query.add_q(Q(*args, **kwargs))
  File "C:\Users\kate\PycharmProjects\member-management\venv\lib\site-packages\django\db\models\sql\query.py", line 1546, in add_q
    clause, _ = self._add_q(q_object, self.used_aliases)
  File "C:\Users\kate\PycharmProjects\member-management\venv\lib\site-packages\django\db\models\sql\query.py", line 1577, in _add_q
    child_clause, needed_inner = self.build_filter(
  File "C:\Users\kate\PycharmProjects\member-management\venv\lib\site-packages\django\db\models\sql\query.py", line 1492, in build_filter
    condition = self.build_lookup(lookups, col, value)
  File "C:\Users\kate\PycharmProjects\member-management\venv\lib\site-packages\django\db\models\sql\query.py", line 1319, in build_lookup
    lookup = lookup_class(lhs, rhs)
  File "C:\Users\kate\PycharmProjects\member-management\venv\lib\site-packages\django\db\models\lookups.py", line 27, in __init__
    self.rhs = self.get_prep_lookup()
  File "C:\Users\kate\PycharmProjects\member-management\venv\lib\site-packages\django\db\models\lookups.py", line 341, in get_prep_lookup
    return super().get_prep_lookup()
  File "C:\Users\kate\PycharmProjects\member-management\venv\lib\site-packages\django\db\models\lookups.py", line 85, in get_prep_lookup
    return self.lhs.output_field.get_prep_value(self.rhs)
  File "C:\Users\kate\PycharmProjects\member-management\venv\lib\site-packages\django\db\models\fields\__init__.py", line 2055, in get_prep_value
    raise e.__class__(
ValueError: Field 'id' expected a number but got ''.
"POST /individual-tag-sibling/43/ HTTP/1.1" 500 137824
Internal Server Error: /individual-tag-child/43/
Traceback (most recent call last):
  File "C:\Users\kate\PycharmProjects\member-management\venv\lib\site-packages\django\core\handlers\exception.py", line 55, in inner
    response = get_response(request)
  File "C:\Users\kate\PycharmProjects\member-management\venv\lib\site-packages\django\core\handlers\base.py", line 197, in _get_response
    response = wrapped_callback(request, *callback_args, **callback_kwargs)
  File "C:\Users\kate\PycharmProjects\member-management\management\views.py", line 4401, in associate_child_to_individual
    brgy = Barangay.objects.get(child_brgy)
  File "C:\Users\kate\PycharmProjects\member-management\venv\lib\site-packages\django\db\models\manager.py", line 87, in manager_method
    return getattr(self.get_queryset(), name)(*args, **kwargs)
  File "C:\Users\kate\PycharmProjects\member-management\venv\lib\site-packages\django\db\models\query.py", line 623, in get
    clone = self._chain() if self.query.combinator else self.filter(*args, **kwargs)
  File "C:\Users\kate\PycharmProjects\member-management\venv\lib\site-packages\django\db\models\query.py", line 1436, in filter
    return self._filter_or_exclude(False, args, kwargs)
  File "C:\Users\kate\PycharmProjects\member-management\venv\lib\site-packages\django\db\models\query.py", line 1454, in _filter_or_exclude
    clone._filter_or_exclude_inplace(negate, args, kwargs)
  File "C:\Users\kate\PycharmProjects\member-management\venv\lib\site-packages\django\db\models\query.py", line 1461, in _filter_or_exclude_inplace
    self._query.add_q(Q(*args, **kwargs))
  File "C:\Users\kate\PycharmProjects\member-management\venv\lib\site-packages\django\db\models\sql\query.py", line 1546, in add_q
    clause, _ = self._add_q(q_object, self.used_aliases)
  File "C:\Users\kate\PycharmProjects\member-management\venv\lib\site-packages\django\db\models\sql\query.py", line 1577, in _add_q
    child_clause, needed_inner = self.build_filter(
  File "C:\Users\kate\PycharmProjects\member-management\venv\lib\site-packages\django\db\models\sql\query.py", line 1424, in build_filter
    arg, value = filter_expr
ValueError: not enough values to unpack (expected 2, got 1)
"POST /individual-tag-child/43/ HTTP/1.1" 500 112109
Internal Server Error: /individual-tag-child/43/
Traceback (most recent call last):
  File "C:\Users\kate\PycharmProjects\member-management\venv\lib\site-packages\django\core\handlers\exception.py", line 55, in inner
    response = get_response(request)
  File "C:\Users\kate\PycharmProjects\member-management\venv\lib\site-packages\django\core\handlers\base.py", line 197, in _get_response
    response = wrapped_callback(request, *callback_args, **callback_kwargs)
  File "C:\Users\kate\PycharmProjects\member-management\management\views.py", line 4401, in associate_child_to_individual
    brgy = Barangay.objects.get(child_brgy)
  File "C:\Users\kate\PycharmProjects\member-management\venv\lib\site-packages\django\db\models\manager.py", line 87, in manager_method
    return getattr(self.get_queryset(), name)(*args, **kwargs)
  File "C:\Users\kate\PycharmProjects\member-management\venv\lib\site-packages\django\db\models\query.py", line 623, in get
    clone = self._chain() if self.query.combinator else self.filter(*args, **kwargs)
  File "C:\Users\kate\PycharmProjects\member-management\venv\lib\site-packages\django\db\models\query.py", line 1436, in filter
    return self._filter_or_exclude(False, args, kwargs)
  File "C:\Users\kate\PycharmProjects\member-management\venv\lib\site-packages\django\db\models\query.py", line 1454, in _filter_or_exclude
    clone._filter_or_exclude_inplace(negate, args, kwargs)
  File "C:\Users\kate\PycharmProjects\member-management\venv\lib\site-packages\django\db\models\query.py", line 1461, in _filter_or_exclude_inplace
    self._query.add_q(Q(*args, **kwargs))
  File "C:\Users\kate\PycharmProjects\member-management\venv\lib\site-packages\django\db\models\sql\query.py", line 1546, in add_q
    clause, _ = self._add_q(q_object, self.used_aliases)
  File "C:\Users\kate\PycharmProjects\member-management\venv\lib\site-packages\django\db\models\sql\query.py", line 1577, in _add_q
    child_clause, needed_inner = self.build_filter(
  File "C:\Users\kate\PycharmProjects\member-management\venv\lib\site-packages\django\db\models\sql\query.py", line 1424, in build_filter
    arg, value = filter_expr
ValueError: not enough values to unpack (expected 2, got 1)
"POST /individual-tag-child/43/ HTTP/1.1" 500 112117
Internal Server Error: /individual-tag-child/43/
Traceback (most recent call last):
  File "C:\Users\kate\PycharmProjects\member-management\venv\lib\site-packages\django\core\handlers\exception.py", line 55, in inner
    response = get_response(request)
  File "C:\Users\kate\PycharmProjects\member-management\venv\lib\site-packages\django\core\handlers\base.py", line 197, in _get_response
    response = wrapped_callback(request, *callback_args, **callback_kwargs)
  File "C:\Users\kate\PycharmProjects\member-management\management\views.py", line 4401, in associate_child_to_individual
    brgy = Barangay.objects.get(child_brgy)
  File "C:\Users\kate\PycharmProjects\member-management\venv\lib\site-packages\django\db\models\manager.py", line 87, in manager_method
    return getattr(self.get_queryset(), name)(*args, **kwargs)
  File "C:\Users\kate\PycharmProjects\member-management\venv\lib\site-packages\django\db\models\query.py", line 623, in get
    clone = self._chain() if self.query.combinator else self.filter(*args, **kwargs)
  File "C:\Users\kate\PycharmProjects\member-management\venv\lib\site-packages\django\db\models\query.py", line 1436, in filter
    return self._filter_or_exclude(False, args, kwargs)
  File "C:\Users\kate\PycharmProjects\member-management\venv\lib\site-packages\django\db\models\query.py", line 1454, in _filter_or_exclude
    clone._filter_or_exclude_inplace(negate, args, kwargs)
  File "C:\Users\kate\PycharmProjects\member-management\venv\lib\site-packages\django\db\models\query.py", line 1461, in _filter_or_exclude_inplace
    self._query.add_q(Q(*args, **kwargs))
  File "C:\Users\kate\PycharmProjects\member-management\venv\lib\site-packages\django\db\models\sql\query.py", line 1546, in add_q
    clause, _ = self._add_q(q_object, self.used_aliases)
  File "C:\Users\kate\PycharmProjects\member-management\venv\lib\site-packages\django\db\models\sql\query.py", line 1577, in _add_q
    child_clause, needed_inner = self.build_filter(
  File "C:\Users\kate\PycharmProjects\member-management\venv\lib\site-packages\django\db\models\sql\query.py", line 1424, in build_filter
    arg, value = filter_expr
ValueError: not enough values to unpack (expected 2, got 1)
"POST /individual-tag-child/43/ HTTP/1.1" 500 112109
C:\Users\kate\PycharmProjects\member-management\management\views.py changed, reloading.
Watching for file changes with StatReloader
Internal Server Error: /individual-tag-child/43/
Traceback (most recent call last):
  File "C:\Users\kate\PycharmProjects\member-management\venv\lib\site-packages\django\core\handlers\exception.py", line 55, in inner
    response = get_response(request)
  File "C:\Users\kate\PycharmProjects\member-management\venv\lib\site-packages\django\core\handlers\base.py", line 197, in _get_response
    response = wrapped_callback(request, *callback_args, **callback_kwargs)
  File "C:\Users\kate\PycharmProjects\member-management\management\views.py", line 4401, in associate_child_to_individual
    brgy = Barangay.objects.get(child_brgy)
  File "C:\Users\kate\PycharmProjects\member-management\venv\lib\site-packages\django\db\models\manager.py", line 87, in manager_method
    return getattr(self.get_queryset(), name)(*args, **kwargs)
  File "C:\Users\kate\PycharmProjects\member-management\venv\lib\site-packages\django\db\models\query.py", line 623, in get
    clone = self._chain() if self.query.combinator else self.filter(*args, **kwargs)
  File "C:\Users\kate\PycharmProjects\member-management\venv\lib\site-packages\django\db\models\query.py", line 1436, in filter
    return self._filter_or_exclude(False, args, kwargs)
  File "C:\Users\kate\PycharmProjects\member-management\venv\lib\site-packages\django\db\models\query.py", line 1454, in _filter_or_exclude
    clone._filter_or_exclude_inplace(negate, args, kwargs)
  File "C:\Users\kate\PycharmProjects\member-management\venv\lib\site-packages\django\db\models\query.py", line 1461, in _filter_or_exclude_inplace
    self._query.add_q(Q(*args, **kwargs))
  File "C:\Users\kate\PycharmProjects\member-management\venv\lib\site-packages\django\db\models\sql\query.py", line 1546, in add_q
    clause, _ = self._add_q(q_object, self.used_aliases)
  File "C:\Users\kate\PycharmProjects\member-management\venv\lib\site-packages\django\db\models\sql\query.py", line 1577, in _add_q
    child_clause, needed_inner = self.build_filter(
  File "C:\Users\kate\PycharmProjects\member-management\venv\lib\site-packages\django\db\models\sql\query.py", line 1424, in build_filter
    arg, value = filter_expr
ValueError: not enough values to unpack (expected 2, got 1)
"POST /individual-tag-child/43/ HTTP/1.1" 500 112109
Internal Server Error: /individual-tag-child/43/
Traceback (most recent call last):
  File "C:\Users\kate\PycharmProjects\member-management\venv\lib\site-packages\django\core\handlers\exception.py", line 55, in inner
    response = get_response(request)
  File "C:\Users\kate\PycharmProjects\member-management\venv\lib\site-packages\django\core\handlers\base.py", line 197, in _get_response
    response = wrapped_callback(request, *callback_args, **callback_kwargs)
  File "C:\Users\kate\PycharmProjects\member-management\management\views.py", line 4401, in associate_child_to_individual
    brgy = Barangay.objects.get(child_brgy)
  File "C:\Users\kate\PycharmProjects\member-management\venv\lib\site-packages\django\db\models\manager.py", line 87, in manager_method
    return getattr(self.get_queryset(), name)(*args, **kwargs)
  File "C:\Users\kate\PycharmProjects\member-management\venv\lib\site-packages\django\db\models\query.py", line 623, in get
    clone = self._chain() if self.query.combinator else self.filter(*args, **kwargs)
  File "C:\Users\kate\PycharmProjects\member-management\venv\lib\site-packages\django\db\models\query.py", line 1436, in filter
    return self._filter_or_exclude(False, args, kwargs)
  File "C:\Users\kate\PycharmProjects\member-management\venv\lib\site-packages\django\db\models\query.py", line 1454, in _filter_or_exclude
    clone._filter_or_exclude_inplace(negate, args, kwargs)
  File "C:\Users\kate\PycharmProjects\member-management\venv\lib\site-packages\django\db\models\query.py", line 1461, in _filter_or_exclude_inplace
    self._query.add_q(Q(*args, **kwargs))
  File "C:\Users\kate\PycharmProjects\member-management\venv\lib\site-packages\django\db\models\sql\query.py", line 1546, in add_q
    clause, _ = self._add_q(q_object, self.used_aliases)
  File "C:\Users\kate\PycharmProjects\member-management\venv\lib\site-packages\django\db\models\sql\query.py", line 1577, in _add_q
    child_clause, needed_inner = self.build_filter(
  File "C:\Users\kate\PycharmProjects\member-management\venv\lib\site-packages\django\db\models\sql\query.py", line 1424, in build_filter
    arg, value = filter_expr
ValueError: not enough values to unpack (expected 2, got 1)
"POST /individual-tag-child/43/ HTTP/1.1" 500 112109
C:\Users\kate\PycharmProjects\member-management\management\views.py changed, reloading.
Watching for file changes with StatReloader
C:\Users\kate\PycharmProjects\member-management\management\views.py changed, reloading.
Watching for file changes with StatReloader
C:\Users\kate\PycharmProjects\member-management\management\views.py changed, reloading.
Watching for file changes with StatReloader
C:\Users\kate\PycharmProjects\member-management\management\views.py changed, reloading.
Watching for file changes with StatReloader
C:\Users\kate\PycharmProjects\member-management\management\views.py changed, reloading.
Watching for file changes with StatReloader
C:\Users\kate\PycharmProjects\member-management\management\views.py changed, reloading.
Watching for file changes with StatReloader
C:\Users\kate\PycharmProjects\member-management\management\views.py changed, reloading.
Watching for file changes with StatReloader
C:\Users\kate\PycharmProjects\member-management\management\views.py changed, reloading.
Watching for file changes with StatReloader
C:\Users\kate\PycharmProjects\member-management\management\views.py changed, reloading.
Watching for file changes with StatReloader
Internal Server Error: /individual-family-conf/43/
Traceback (most recent call last):
  File "C:\Users\kate\PycharmProjects\member-management\venv\lib\site-packages\django\core\handlers\exception.py", line 55, in inner
    response = get_response(request)
  File "C:\Users\kate\PycharmProjects\member-management\venv\lib\site-packages\django\core\handlers\base.py", line 197, in _get_response
    response = wrapped_callback(request, *callback_args, **callback_kwargs)
  File "C:\Users\kate\PycharmProjects\member-management\management\views.py", line 3961, in individual_family_input
    father_exists = IndividualParents.objects.filter(is_father=True).exists()
  File "C:\Users\kate\PycharmProjects\member-management\venv\lib\site-packages\django\db\models\manager.py", line 87, in manager_method
    return getattr(self.get_queryset(), name)(*args, **kwargs)
  File "C:\Users\kate\PycharmProjects\member-management\venv\lib\site-packages\django\db\models\query.py", line 1436, in filter
    return self._filter_or_exclude(False, args, kwargs)
  File "C:\Users\kate\PycharmProjects\member-management\venv\lib\site-packages\django\db\models\query.py", line 1454, in _filter_or_exclude
    clone._filter_or_exclude_inplace(negate, args, kwargs)
  File "C:\Users\kate\PycharmProjects\member-management\venv\lib\site-packages\django\db\models\query.py", line 1461, in _filter_or_exclude_inplace
    self._query.add_q(Q(*args, **kwargs))
  File "C:\Users\kate\PycharmProjects\member-management\venv\lib\site-packages\django\db\models\sql\query.py", line 1546, in add_q
    clause, _ = self._add_q(q_object, self.used_aliases)
  File "C:\Users\kate\PycharmProjects\member-management\venv\lib\site-packages\django\db\models\sql\query.py", line 1577, in _add_q
    child_clause, needed_inner = self.build_filter(
  File "C:\Users\kate\PycharmProjects\member-management\venv\lib\site-packages\django\db\models\sql\query.py", line 1427, in build_filter
    lookups, parts, reffed_expression = self.solve_lookup_type(arg, summarize)
  File "C:\Users\kate\PycharmProjects\member-management\venv\lib\site-packages\django\db\models\sql\query.py", line 1237, in solve_lookup_type
    _, field, _, lookup_parts = self.names_to_path(lookup_splitted, self.get_meta())
  File "C:\Users\kate\PycharmProjects\member-management\venv\lib\site-packages\django\db\models\sql\query.py", line 1725, in names_to_path
    raise FieldError(
django.core.exceptions.FieldError: Cannot resolve keyword 'is_father' into field. Choices are: id, individual, individual_id, parents
"GET /individual-family-conf/43/ HTTP/1.1" 500 110668
Internal Server Error: /individual-family-conf/43/
Traceback (most recent call last):
  File "C:\Users\kate\PycharmProjects\member-management\venv\lib\site-packages\django\core\handlers\exception.py", line 55, in inner
    response = get_response(request)
  File "C:\Users\kate\PycharmProjects\member-management\venv\lib\site-packages\django\core\handlers\base.py", line 197, in _get_response
    response = wrapped_callback(request, *callback_args, **callback_kwargs)
  File "C:\Users\kate\PycharmProjects\member-management\management\views.py", line 3961, in individual_family_input
    father_exists = IndividualParents.objects.filter(is_father=True).exists()
  File "C:\Users\kate\PycharmProjects\member-management\venv\lib\site-packages\django\db\models\manager.py", line 87, in manager_method
    return getattr(self.get_queryset(), name)(*args, **kwargs)
  File "C:\Users\kate\PycharmProjects\member-management\venv\lib\site-packages\django\db\models\query.py", line 1436, in filter
    return self._filter_or_exclude(False, args, kwargs)
  File "C:\Users\kate\PycharmProjects\member-management\venv\lib\site-packages\django\db\models\query.py", line 1454, in _filter_or_exclude
    clone._filter_or_exclude_inplace(negate, args, kwargs)
  File "C:\Users\kate\PycharmProjects\member-management\venv\lib\site-packages\django\db\models\query.py", line 1461, in _filter_or_exclude_inplace
    self._query.add_q(Q(*args, **kwargs))
  File "C:\Users\kate\PycharmProjects\member-management\venv\lib\site-packages\django\db\models\sql\query.py", line 1546, in add_q
    clause, _ = self._add_q(q_object, self.used_aliases)
  File "C:\Users\kate\PycharmProjects\member-management\venv\lib\site-packages\django\db\models\sql\query.py", line 1577, in _add_q
    child_clause, needed_inner = self.build_filter(
  File "C:\Users\kate\PycharmProjects\member-management\venv\lib\site-packages\django\db\models\sql\query.py", line 1427, in build_filter
    lookups, parts, reffed_expression = self.solve_lookup_type(arg, summarize)
  File "C:\Users\kate\PycharmProjects\member-management\venv\lib\site-packages\django\db\models\sql\query.py", line 1237, in solve_lookup_type
    _, field, _, lookup_parts = self.names_to_path(lookup_splitted, self.get_meta())
  File "C:\Users\kate\PycharmProjects\member-management\venv\lib\site-packages\django\db\models\sql\query.py", line 1725, in names_to_path
    raise FieldError(
django.core.exceptions.FieldError: Cannot resolve keyword 'is_father' into field. Choices are: id, individual, individual_id, parents
"GET /individual-family-conf/43/ HTTP/1.1" 500 110668
C:\Users\kate\PycharmProjects\member-management\management\views.py changed, reloading.
Watching for file changes with StatReloader
C:\Users\kate\PycharmProjects\member-management\management\views.py changed, reloading.
Watching for file changes with StatReloader
Internal Server Error: /individual-family-conf/43/
Traceback (most recent call last):
  File "C:\Users\kate\PycharmProjects\member-management\venv\lib\site-packages\django\core\handlers\exception.py", line 55, in inner
    response = get_response(request)
  File "C:\Users\kate\PycharmProjects\member-management\venv\lib\site-packages\django\core\handlers\base.py", line 197, in _get_response
    response = wrapped_callback(request, *callback_args, **callback_kwargs)
  File "C:\Users\kate\PycharmProjects\member-management\management\views.py", line 3964, in individual_family_input
    return render(request, 'individual_family_conf.html', {
  File "C:\Users\kate\PycharmProjects\member-management\venv\lib\site-packages\django\shortcuts.py", line 24, in render
    content = loader.render_to_string(template_name, context, request, using=using)
  File "C:\Users\kate\PycharmProjects\member-management\venv\lib\site-packages\django\template\loader.py", line 62, in render_to_string
    return template.render(context, request)
  File "C:\Users\kate\PycharmProjects\member-management\venv\lib\site-packages\django\template\backends\django.py", line 61, in render
    return self.template.render(context)
  File "C:\Users\kate\PycharmProjects\member-management\venv\lib\site-packages\django\template\base.py", line 175, in render
    return self._render(context)
  File "C:\Users\kate\PycharmProjects\member-management\venv\lib\site-packages\django\template\base.py", line 167, in _render
    return self.nodelist.render(context)
  File "C:\Users\kate\PycharmProjects\member-management\venv\lib\site-packages\django\template\base.py", line 1005, in render
    return SafeString("".join([node.render_annotated(context) for node in self]))
  File "C:\Users\kate\PycharmProjects\member-management\venv\lib\site-packages\django\template\base.py", line 1005, in <listcomp>
    return SafeString("".join([node.render_annotated(context) for node in self]))
  File "C:\Users\kate\PycharmProjects\member-management\venv\lib\site-packages\django\template\base.py", line 966, in render_annotated
    return self.render(context)
  File "C:\Users\kate\PycharmProjects\member-management\venv\lib\site-packages\django\template\loader_tags.py", line 157, in render
    return compiled_parent._render(context)
  File "C:\Users\kate\PycharmProjects\member-management\venv\lib\site-packages\django\template\base.py", line 167, in _render
    return self.nodelist.render(context)
  File "C:\Users\kate\PycharmProjects\member-management\venv\lib\site-packages\django\template\base.py", line 1005, in render
    return SafeString("".join([node.render_annotated(context) for node in self]))
  File "C:\Users\kate\PycharmProjects\member-management\venv\lib\site-packages\django\template\base.py", line 1005, in <listcomp>
    return SafeString("".join([node.render_annotated(context) for node in self]))
  File "C:\Users\kate\PycharmProjects\member-management\venv\lib\site-packages\django\template\base.py", line 966, in render_annotated
    return self.render(context)
  File "C:\Users\kate\PycharmProjects\member-management\venv\lib\site-packages\django\template\loader_tags.py", line 63, in render
    result = block.nodelist.render(context)
  File "C:\Users\kate\PycharmProjects\member-management\venv\lib\site-packages\django\template\base.py", line 1005, in render
    return SafeString("".join([node.render_annotated(context) for node in self]))
  File "C:\Users\kate\PycharmProjects\member-management\venv\lib\site-packages\django\template\base.py", line 1005, in <listcomp>
    return SafeString("".join([node.render_annotated(context) for node in self]))
  File "C:\Users\kate\PycharmProjects\member-management\venv\lib\site-packages\django\template\base.py", line 966, in render_annotated
    return self.render(context)
  File "C:\Users\kate\PycharmProjects\member-management\venv\lib\site-packages\django\template\defaulttags.py", line 321, in render
    return nodelist.render(context)
  File "C:\Users\kate\PycharmProjects\member-management\venv\lib\site-packages\django\template\base.py", line 1005, in render
    return SafeString("".join([node.render_annotated(context) for node in self]))
  File "C:\Users\kate\PycharmProjects\member-management\venv\lib\site-packages\django\template\base.py", line 1005, in <listcomp>
    return SafeString("".join([node.render_annotated(context) for node in self]))
  File "C:\Users\kate\PycharmProjects\member-management\venv\lib\site-packages\django\template\base.py", line 966, in render_annotated
    return self.render(context)
  File "C:\Users\kate\PycharmProjects\member-management\venv\lib\site-packages\django\template\defaulttags.py", line 193, in render
    values = list(values)
TypeError: 'IndividualParents' object is not iterable
"GET /individual-family-conf/43/ HTTP/1.1" 500 198665
Internal Server Error: /individual-family-conf/43/
Traceback (most recent call last):
  File "C:\Users\kate\PycharmProjects\member-management\venv\lib\site-packages\django\core\handlers\exception.py", line 55, in inner
    response = get_response(request)
  File "C:\Users\kate\PycharmProjects\member-management\venv\lib\site-packages\django\core\handlers\base.py", line 197, in _get_response
    response = wrapped_callback(request, *callback_args, **callback_kwargs)
  File "C:\Users\kate\PycharmProjects\member-management\management\views.py", line 3964, in individual_family_input
    return render(request, 'individual_family_conf.html', {
  File "C:\Users\kate\PycharmProjects\member-management\venv\lib\site-packages\django\shortcuts.py", line 24, in render
    content = loader.render_to_string(template_name, context, request, using=using)
  File "C:\Users\kate\PycharmProjects\member-management\venv\lib\site-packages\django\template\loader.py", line 62, in render_to_string
    return template.render(context, request)
  File "C:\Users\kate\PycharmProjects\member-management\venv\lib\site-packages\django\template\backends\django.py", line 61, in render
    return self.template.render(context)
  File "C:\Users\kate\PycharmProjects\member-management\venv\lib\site-packages\django\template\base.py", line 175, in render
    return self._render(context)
  File "C:\Users\kate\PycharmProjects\member-management\venv\lib\site-packages\django\template\base.py", line 167, in _render
    return self.nodelist.render(context)
  File "C:\Users\kate\PycharmProjects\member-management\venv\lib\site-packages\django\template\base.py", line 1005, in render
    return SafeString("".join([node.render_annotated(context) for node in self]))
  File "C:\Users\kate\PycharmProjects\member-management\venv\lib\site-packages\django\template\base.py", line 1005, in <listcomp>
    return SafeString("".join([node.render_annotated(context) for node in self]))
  File "C:\Users\kate\PycharmProjects\member-management\venv\lib\site-packages\django\template\base.py", line 966, in render_annotated
    return self.render(context)
  File "C:\Users\kate\PycharmProjects\member-management\venv\lib\site-packages\django\template\loader_tags.py", line 157, in render
    return compiled_parent._render(context)
  File "C:\Users\kate\PycharmProjects\member-management\venv\lib\site-packages\django\template\base.py", line 167, in _render
    return self.nodelist.render(context)
  File "C:\Users\kate\PycharmProjects\member-management\venv\lib\site-packages\django\template\base.py", line 1005, in render
    return SafeString("".join([node.render_annotated(context) for node in self]))
  File "C:\Users\kate\PycharmProjects\member-management\venv\lib\site-packages\django\template\base.py", line 1005, in <listcomp>
    return SafeString("".join([node.render_annotated(context) for node in self]))
  File "C:\Users\kate\PycharmProjects\member-management\venv\lib\site-packages\django\template\base.py", line 966, in render_annotated
    return self.render(context)
  File "C:\Users\kate\PycharmProjects\member-management\venv\lib\site-packages\django\template\loader_tags.py", line 63, in render
    result = block.nodelist.render(context)
  File "C:\Users\kate\PycharmProjects\member-management\venv\lib\site-packages\django\template\base.py", line 1005, in render
    return SafeString("".join([node.render_annotated(context) for node in self]))
  File "C:\Users\kate\PycharmProjects\member-management\venv\lib\site-packages\django\template\base.py", line 1005, in <listcomp>
    return SafeString("".join([node.render_annotated(context) for node in self]))
  File "C:\Users\kate\PycharmProjects\member-management\venv\lib\site-packages\django\template\base.py", line 966, in render_annotated
    return self.render(context)
  File "C:\Users\kate\PycharmProjects\member-management\venv\lib\site-packages\django\template\defaulttags.py", line 321, in render
    return nodelist.render(context)
  File "C:\Users\kate\PycharmProjects\member-management\venv\lib\site-packages\django\template\base.py", line 1005, in render
    return SafeString("".join([node.render_annotated(context) for node in self]))
  File "C:\Users\kate\PycharmProjects\member-management\venv\lib\site-packages\django\template\base.py", line 1005, in <listcomp>
    return SafeString("".join([node.render_annotated(context) for node in self]))
  File "C:\Users\kate\PycharmProjects\member-management\venv\lib\site-packages\django\template\base.py", line 966, in render_annotated
    return self.render(context)
  File "C:\Users\kate\PycharmProjects\member-management\venv\lib\site-packages\django\template\defaulttags.py", line 193, in render
    values = list(values)
TypeError: 'IndividualParents' object is not iterable
"GET /individual-family-conf/43/ HTTP/1.1" 500 198665
C:\Users\kate\PycharmProjects\member-management\management\views.py changed, reloading.
Watching for file changes with StatReloader
C:\Users\kate\PycharmProjects\member-management\management\views.py changed, reloading.
Watching for file changes with StatReloader
C:\Users\kate\PycharmProjects\member-management\management\views.py changed, reloading.
Watching for file changes with StatReloader
Internal Server Error: /individual-family-conf/43/
Traceback (most recent call last):
  File "C:\Users\kate\PycharmProjects\member-management\venv\lib\site-packages\django\core\handlers\exception.py", line 55, in inner
    response = get_response(request)
  File "C:\Users\kate\PycharmProjects\member-management\venv\lib\site-packages\django\core\handlers\base.py", line 197, in _get_response
    response = wrapped_callback(request, *callback_args, **callback_kwargs)
  File "C:\Users\kate\PycharmProjects\member-management\management\views.py", line 3963, in individual_family_input
    individual_spouse = IndividualSpouse.objects.get(individual=individual)
  File "C:\Users\kate\PycharmProjects\member-management\venv\lib\site-packages\django\db\models\manager.py", line 87, in manager_method
    return getattr(self.get_queryset(), name)(*args, **kwargs)
  File "C:\Users\kate\PycharmProjects\member-management\venv\lib\site-packages\django\db\models\query.py", line 637, in get
    raise self.model.DoesNotExist(
management.models.IndividualSpouse.DoesNotExist: IndividualSpouse matching query does not exist.
"GET /individual-family-conf/43/ HTTP/1.1" 500 76675
C:\Users\kate\PycharmProjects\member-management\management\views.py changed, reloading.
Watching for file changes with StatReloader
Internal Server Error: /individual-family-conf/43/
Traceback (most recent call last):
  File "C:\Users\kate\PycharmProjects\member-management\venv\lib\site-packages\django\core\handlers\exception.py", line 55, in inner
    response = get_response(request)
  File "C:\Users\kate\PycharmProjects\member-management\venv\lib\site-packages\django\core\handlers\base.py", line 197, in _get_response
    response = wrapped_callback(request, *callback_args, **callback_kwargs)
  File "C:\Users\kate\PycharmProjects\member-management\management\views.py", line 3963, in individual_family_input
    individual_spouse = IndividualSpouse.objects.get(individual=individual)
  File "C:\Users\kate\PycharmProjects\member-management\venv\lib\site-packages\django\db\models\manager.py", line 87, in manager_method
    return getattr(self.get_queryset(), name)(*args, **kwargs)
  File "C:\Users\kate\PycharmProjects\member-management\venv\lib\site-packages\django\db\models\query.py", line 637, in get
    raise self.model.DoesNotExist(
management.models.IndividualSpouse.DoesNotExist: IndividualSpouse matching query does not exist.
"GET /individual-family-conf/43/ HTTP/1.1" 500 76675
Internal Server Error: /individual-family-conf/43/
Traceback (most recent call last):
  File "C:\Users\kate\PycharmProjects\member-management\venv\lib\site-packages\django\core\handlers\exception.py", line 55, in inner
    response = get_response(request)
  File "C:\Users\kate\PycharmProjects\member-management\venv\lib\site-packages\django\core\handlers\base.py", line 197, in _get_response
    response = wrapped_callback(request, *callback_args, **callback_kwargs)
  File "C:\Users\kate\PycharmProjects\member-management\management\views.py", line 3963, in individual_family_input
    individual_spouse = IndividualSpouse.objects.get(individual=individual)
  File "C:\Users\kate\PycharmProjects\member-management\venv\lib\site-packages\django\db\models\manager.py", line 87, in manager_method
    return getattr(self.get_queryset(), name)(*args, **kwargs)
  File "C:\Users\kate\PycharmProjects\member-management\venv\lib\site-packages\django\db\models\query.py", line 637, in get
    raise self.model.DoesNotExist(
management.models.IndividualSpouse.DoesNotExist: IndividualSpouse matching query does not exist.
"GET /individual-family-conf/43/ HTTP/1.1" 500 76675
C:\Users\kate\PycharmProjects\member-management\management\views.py changed, reloading.
Watching for file changes with StatReloader
Internal Server Error: /individual-tag-spouse/43/
Traceback (most recent call last):
  File "C:\Users\kate\PycharmProjects\member-management\venv\lib\site-packages\django\core\handlers\exception.py", line 55, in inner
    response = get_response(request)
  File "C:\Users\kate\PycharmProjects\member-management\venv\lib\site-packages\django\core\handlers\base.py", line 197, in _get_response
    response = wrapped_callback(request, *callback_args, **callback_kwargs)
  File "C:\Users\kate\PycharmProjects\member-management\management\views.py", line 4326, in associate_spouse_to_individual
    brgy = Barangay.objects.get(spouse_brgy)
  File "C:\Users\kate\PycharmProjects\member-management\venv\lib\site-packages\django\db\models\manager.py", line 87, in manager_method
    return getattr(self.get_queryset(), name)(*args, **kwargs)
  File "C:\Users\kate\PycharmProjects\member-management\venv\lib\site-packages\django\db\models\query.py", line 623, in get
    clone = self._chain() if self.query.combinator else self.filter(*args, **kwargs)
  File "C:\Users\kate\PycharmProjects\member-management\venv\lib\site-packages\django\db\models\query.py", line 1436, in filter
    return self._filter_or_exclude(False, args, kwargs)
  File "C:\Users\kate\PycharmProjects\member-management\venv\lib\site-packages\django\db\models\query.py", line 1454, in _filter_or_exclude
    clone._filter_or_exclude_inplace(negate, args, kwargs)
  File "C:\Users\kate\PycharmProjects\member-management\venv\lib\site-packages\django\db\models\query.py", line 1461, in _filter_or_exclude_inplace
    self._query.add_q(Q(*args, **kwargs))
  File "C:\Users\kate\PycharmProjects\member-management\venv\lib\site-packages\django\db\models\sql\query.py", line 1546, in add_q
    clause, _ = self._add_q(q_object, self.used_aliases)
  File "C:\Users\kate\PycharmProjects\member-management\venv\lib\site-packages\django\db\models\sql\query.py", line 1577, in _add_q
    child_clause, needed_inner = self.build_filter(
  File "C:\Users\kate\PycharmProjects\member-management\venv\lib\site-packages\django\db\models\sql\query.py", line 1424, in build_filter
    arg, value = filter_expr
ValueError: not enough values to unpack (expected 2, got 1)
"POST /individual-tag-spouse/43/ HTTP/1.1" 500 112182
C:\Users\kate\PycharmProjects\member-management\management\views.py changed, reloading.
Watching for file changes with StatReloader
Internal Server Error: /individual-tag-spouse/43/
Traceback (most recent call last):
  File "C:\Users\kate\PycharmProjects\member-management\venv\lib\site-packages\django\core\handlers\exception.py", line 55, in inner
    response = get_response(request)
  File "C:\Users\kate\PycharmProjects\member-management\venv\lib\site-packages\django\core\handlers\base.py", line 197, in _get_response
    response = wrapped_callback(request, *callback_args, **callback_kwargs)
  File "C:\Users\kate\PycharmProjects\member-management\management\views.py", line 4326, in associate_spouse_to_individual
    brgy = Barangay.objects.get(spouse_brgy)
  File "C:\Users\kate\PycharmProjects\member-management\venv\lib\site-packages\django\db\models\manager.py", line 87, in manager_method
    return getattr(self.get_queryset(), name)(*args, **kwargs)
  File "C:\Users\kate\PycharmProjects\member-management\venv\lib\site-packages\django\db\models\query.py", line 623, in get
    clone = self._chain() if self.query.combinator else self.filter(*args, **kwargs)
  File "C:\Users\kate\PycharmProjects\member-management\venv\lib\site-packages\django\db\models\query.py", line 1436, in filter
    return self._filter_or_exclude(False, args, kwargs)
  File "C:\Users\kate\PycharmProjects\member-management\venv\lib\site-packages\django\db\models\query.py", line 1454, in _filter_or_exclude
    clone._filter_or_exclude_inplace(negate, args, kwargs)
  File "C:\Users\kate\PycharmProjects\member-management\venv\lib\site-packages\django\db\models\query.py", line 1461, in _filter_or_exclude_inplace
    self._query.add_q(Q(*args, **kwargs))
  File "C:\Users\kate\PycharmProjects\member-management\venv\lib\site-packages\django\db\models\sql\query.py", line 1546, in add_q
    clause, _ = self._add_q(q_object, self.used_aliases)
  File "C:\Users\kate\PycharmProjects\member-management\venv\lib\site-packages\django\db\models\sql\query.py", line 1577, in _add_q
    child_clause, needed_inner = self.build_filter(
  File "C:\Users\kate\PycharmProjects\member-management\venv\lib\site-packages\django\db\models\sql\query.py", line 1424, in build_filter
    arg, value = filter_expr
ValueError: not enough values to unpack (expected 2, got 1)
"POST /individual-tag-spouse/43/ HTTP/1.1" 500 112182
Internal Server Error: /individual-tag-spouse/43/
Traceback (most recent call last):
  File "C:\Users\kate\PycharmProjects\member-management\venv\lib\site-packages\django\core\handlers\exception.py", line 55, in inner
    response = get_response(request)
  File "C:\Users\kate\PycharmProjects\member-management\venv\lib\site-packages\django\core\handlers\base.py", line 197, in _get_response
    response = wrapped_callback(request, *callback_args, **callback_kwargs)
  File "C:\Users\kate\PycharmProjects\member-management\management\views.py", line 4326, in associate_spouse_to_individual
    brgy = Barangay.objects.get(spouse_brgy)
  File "C:\Users\kate\PycharmProjects\member-management\venv\lib\site-packages\django\db\models\manager.py", line 87, in manager_method
    return getattr(self.get_queryset(), name)(*args, **kwargs)
  File "C:\Users\kate\PycharmProjects\member-management\venv\lib\site-packages\django\db\models\query.py", line 623, in get
    clone = self._chain() if self.query.combinator else self.filter(*args, **kwargs)
  File "C:\Users\kate\PycharmProjects\member-management\venv\lib\site-packages\django\db\models\query.py", line 1436, in filter
    return self._filter_or_exclude(False, args, kwargs)
  File "C:\Users\kate\PycharmProjects\member-management\venv\lib\site-packages\django\db\models\query.py", line 1454, in _filter_or_exclude
    clone._filter_or_exclude_inplace(negate, args, kwargs)
  File "C:\Users\kate\PycharmProjects\member-management\venv\lib\site-packages\django\db\models\query.py", line 1461, in _filter_or_exclude_inplace
    self._query.add_q(Q(*args, **kwargs))
  File "C:\Users\kate\PycharmProjects\member-management\venv\lib\site-packages\django\db\models\sql\query.py", line 1546, in add_q
    clause, _ = self._add_q(q_object, self.used_aliases)
  File "C:\Users\kate\PycharmProjects\member-management\venv\lib\site-packages\django\db\models\sql\query.py", line 1577, in _add_q
    child_clause, needed_inner = self.build_filter(
  File "C:\Users\kate\PycharmProjects\member-management\venv\lib\site-packages\django\db\models\sql\query.py", line 1424, in build_filter
    arg, value = filter_expr
ValueError: not enough values to unpack (expected 2, got 1)
"POST /individual-tag-spouse/43/ HTTP/1.1" 500 112182
C:\Users\kate\PycharmProjects\member-management\management\views.py changed, reloading.
Watching for file changes with StatReloader
C:\Users\kate\PycharmProjects\member-management\management\views.py changed, reloading.
Watching for file changes with StatReloader
Internal Server Error: /individual-family-conf/43/
Traceback (most recent call last):
  File "C:\Users\kate\PycharmProjects\member-management\venv\lib\site-packages\django\template\base.py", line 505, in parse
    compile_func = self.tags[command]
KeyError: 'endif'

During handling of the above exception, another exception occurred:

Traceback (most recent call last):
  File "C:\Users\kate\PycharmProjects\member-management\venv\lib\site-packages\django\core\handlers\exception.py", line 55, in inner
    response = get_response(request)
  File "C:\Users\kate\PycharmProjects\member-management\venv\lib\site-packages\django\core\handlers\base.py", line 197, in _get_response
    response = wrapped_callback(request, *callback_args, **callback_kwargs)
  File "C:\Users\kate\PycharmProjects\member-management\management\views.py", line 3968, in individual_family_input
    return render(request, 'individual_family_conf.html', {
  File "C:\Users\kate\PycharmProjects\member-management\venv\lib\site-packages\django\shortcuts.py", line 24, in render
    content = loader.render_to_string(template_name, context, request, using=using)
  File "C:\Users\kate\PycharmProjects\member-management\venv\lib\site-packages\django\template\loader.py", line 61, in render_to_string
    template = get_template(template_name, using=using)
  File "C:\Users\kate\PycharmProjects\member-management\venv\lib\site-packages\django\template\loader.py", line 15, in get_template
    return engine.get_template(template_name)
  File "C:\Users\kate\PycharmProjects\member-management\venv\lib\site-packages\django\template\backends\django.py", line 33, in get_template
    return Template(self.engine.get_template(template_name), self)
  File "C:\Users\kate\PycharmProjects\member-management\venv\lib\site-packages\django\template\engine.py", line 175, in get_template
    template, origin = self.find_template(template_name)
  File "C:\Users\kate\PycharmProjects\member-management\venv\lib\site-packages\django\template\engine.py", line 157, in find_template
    template = loader.get_template(name, skip=skip)
  File "C:\Users\kate\PycharmProjects\member-management\venv\lib\site-packages\django\template\loaders\cached.py", line 57, in get_template
    template = super().get_template(template_name, skip)
  File "C:\Users\kate\PycharmProjects\member-management\venv\lib\site-packages\django\template\loaders\base.py", line 28, in get_template
    return Template(
  File "C:\Users\kate\PycharmProjects\member-management\venv\lib\site-packages\django\template\base.py", line 154, in __init__
    self.nodelist = self.compile_nodelist()
  File "C:\Users\kate\PycharmProjects\member-management\venv\lib\site-packages\django\template\base.py", line 200, in compile_nodelist
    return parser.parse()
  File "C:\Users\kate\PycharmProjects\member-management\venv\lib\site-packages\django\template\base.py", line 513, in parse
    raise self.error(token, e)
  File "C:\Users\kate\PycharmProjects\member-management\venv\lib\site-packages\django\template\base.py", line 511, in parse
    compiled_result = compile_func(self, token)
  File "C:\Users\kate\PycharmProjects\member-management\venv\lib\site-packages\django\template\loader_tags.py", line 293, in do_extends
    nodelist = parser.parse()
  File "C:\Users\kate\PycharmProjects\member-management\venv\lib\site-packages\django\template\base.py", line 513, in parse
    raise self.error(token, e)
  File "C:\Users\kate\PycharmProjects\member-management\venv\lib\site-packages\django\template\base.py", line 511, in parse
    compiled_result = compile_func(self, token)
  File "C:\Users\kate\PycharmProjects\member-management\venv\lib\site-packages\django\template\loader_tags.py", line 232, in do_block
    nodelist = parser.parse(("endblock",))
  File "C:\Users\kate\PycharmProjects\member-management\venv\lib\site-packages\django\template\base.py", line 507, in parse
    self.invalid_block_tag(token, command, parse_until)
  File "C:\Users\kate\PycharmProjects\member-management\venv\lib\site-packages\django\template\base.py", line 558, in invalid_block_tag
    raise self.error(
django.template.exceptions.TemplateSyntaxError: Invalid block tag on line 530: 'endif', expected 'endblock'. Did you forget to register or load this tag?
"GET /individual-family-conf/43/ HTTP/1.1" 500 191693
Internal Server Error: /individual-tag-sibling/43/
Traceback (most recent call last):
  File "C:\Users\kate\PycharmProjects\member-management\venv\lib\site-packages\django\core\handlers\exception.py", line 55, in inner
    response = get_response(request)
  File "C:\Users\kate\PycharmProjects\member-management\venv\lib\site-packages\django\core\handlers\base.py", line 197, in _get_response
    response = wrapped_callback(request, *callback_args, **callback_kwargs)
  File "C:\Users\kate\PycharmProjects\member-management\management\views.py", line 4237, in associate_sibling_to_individual
    brgy = Barangay.objects.get(sibling_brgy)
  File "C:\Users\kate\PycharmProjects\member-management\venv\lib\site-packages\django\db\models\manager.py", line 87, in manager_method
    return getattr(self.get_queryset(), name)(*args, **kwargs)
  File "C:\Users\kate\PycharmProjects\member-management\venv\lib\site-packages\django\db\models\query.py", line 623, in get
    clone = self._chain() if self.query.combinator else self.filter(*args, **kwargs)
  File "C:\Users\kate\PycharmProjects\member-management\venv\lib\site-packages\django\db\models\query.py", line 1436, in filter
    return self._filter_or_exclude(False, args, kwargs)
  File "C:\Users\kate\PycharmProjects\member-management\venv\lib\site-packages\django\db\models\query.py", line 1454, in _filter_or_exclude
    clone._filter_or_exclude_inplace(negate, args, kwargs)
  File "C:\Users\kate\PycharmProjects\member-management\venv\lib\site-packages\django\db\models\query.py", line 1461, in _filter_or_exclude_inplace
    self._query.add_q(Q(*args, **kwargs))
  File "C:\Users\kate\PycharmProjects\member-management\venv\lib\site-packages\django\db\models\sql\query.py", line 1546, in add_q
    clause, _ = self._add_q(q_object, self.used_aliases)
  File "C:\Users\kate\PycharmProjects\member-management\venv\lib\site-packages\django\db\models\sql\query.py", line 1577, in _add_q
    child_clause, needed_inner = self.build_filter(
  File "C:\Users\kate\PycharmProjects\member-management\venv\lib\site-packages\django\db\models\sql\query.py", line 1424, in build_filter
    arg, value = filter_expr
ValueError: not enough values to unpack (expected 2, got 1)
"POST /individual-tag-sibling/43/ HTTP/1.1" 500 112251
C:\Users\kate\PycharmProjects\member-management\management\views.py changed, reloading.
Watching for file changes with StatReloader
Internal Server Error: /individual-encode/
Traceback (most recent call last):
  File "C:\Users\kate\PycharmProjects\member-management\venv\lib\site-packages\django\core\handlers\exception.py", line 55, in inner
    response = get_response(request)
  File "C:\Users\kate\PycharmProjects\member-management\venv\lib\site-packages\django\core\handlers\base.py", line 197, in _get_response
    response = wrapped_callback(request, *callback_args, **callback_kwargs)
  File "C:\Users\kate\PycharmProjects\member-management\management\views.py", line 3874, in individual_input
    individual_oot_status = int(request.POST.get('individual-oot'))
TypeError: int() argument must be a string, a bytes-like object or a number, not 'NoneType'
"GET /individual-encode/ HTTP/1.1" 500 71357
Internal Server Error: /individual-encode/
Traceback (most recent call last):
  File "C:\Users\kate\PycharmProjects\member-management\venv\lib\site-packages\django\core\handlers\exception.py", line 55, in inner
    response = get_response(request)
  File "C:\Users\kate\PycharmProjects\member-management\venv\lib\site-packages\django\core\handlers\base.py", line 197, in _get_response
    response = wrapped_callback(request, *callback_args, **callback_kwargs)
  File "C:\Users\kate\PycharmProjects\member-management\management\views.py", line 3874, in individual_input
    individual_oot_status = int(request.POST.get('individual-oot'))
TypeError: int() argument must be a string, a bytes-like object or a number, not 'NoneType'
"GET /individual-encode/ HTTP/1.1" 500 71494
C:\Users\kate\PycharmProjects\member-management\management\views.py changed, reloading.
Watching for file changes with StatReloader
Internal Server Error: /individual-encode/
Traceback (most recent call last):
  File "C:\Users\kate\PycharmProjects\member-management\venv\lib\site-packages\django\core\handlers\exception.py", line 55, in inner
    response = get_response(request)
  File "C:\Users\kate\PycharmProjects\member-management\venv\lib\site-packages\django\core\handlers\base.py", line 197, in _get_response
    response = wrapped_callback(request, *callback_args, **callback_kwargs)
  File "C:\Users\kate\PycharmProjects\member-management\management\views.py", line 3875, in individual_input
    individual_swing_voter_status = int(request.POST.get('individual-swing-voter'))
TypeError: int() argument must be a string, a bytes-like object or a number, not 'NoneType'
"GET /individual-encode/ HTTP/1.1" 500 71638
C:\Users\kate\PycharmProjects\member-management\management\views.py changed, reloading.
Watching for file changes with StatReloader
C:\Users\kate\PycharmProjects\member-management\management\views.py changed, reloading.
Watching for file changes with StatReloader
Internal Server Error: /individual-encode/
Traceback (most recent call last):
  File "C:\Users\kate\PycharmProjects\member-management\venv\lib\site-packages\django\core\handlers\exception.py", line 55, in inner
    response = get_response(request)
  File "C:\Users\kate\PycharmProjects\member-management\venv\lib\site-packages\django\core\handlers\base.py", line 197, in _get_response
    response = wrapped_callback(request, *callback_args, **callback_kwargs)
  File "C:\Users\kate\PycharmProjects\member-management\management\views.py", line 3875, in individual_input
    individual_swing_voter_status = int(request.POST.get('individual-swing-voter'))
TypeError: int() argument must be a string, a bytes-like object or a number, not 'NoneType'
"GET /individual-encode/ HTTP/1.1" 500 71623
C:\Users\kate\PycharmProjects\member-management\management\views.py changed, reloading.
Watching for file changes with StatReloader
C:\Users\kate\PycharmProjects\member-management\management\views.py changed, reloading.
Watching for file changes with StatReloader
Internal Server Error: /individual-encode/
Traceback (most recent call last):
  File "C:\Users\kate\PycharmProjects\member-management\venv\lib\site-packages\django\core\handlers\exception.py", line 55, in inner
    response = get_response(request)
  File "C:\Users\kate\PycharmProjects\member-management\venv\lib\site-packages\django\core\handlers\base.py", line 197, in _get_response
    response = wrapped_callback(request, *callback_args, **callback_kwargs)
  File "C:\Users\kate\PycharmProjects\member-management\management\views.py", line 3874, in individual_input
    individual_oot_status = int(request.POST.get('individual-oot'))
TypeError: int() argument must be a string, a bytes-like object or a number, not 'NoneType'
"GET /individual-encode/ HTTP/1.1" 500 71474
Internal Server Error: /individual-encode/
Traceback (most recent call last):
  File "C:\Users\kate\PycharmProjects\member-management\venv\lib\site-packages\django\core\handlers\exception.py", line 55, in inner
    response = get_response(request)
  File "C:\Users\kate\PycharmProjects\member-management\venv\lib\site-packages\django\core\handlers\base.py", line 197, in _get_response
    response = wrapped_callback(request, *callback_args, **callback_kwargs)
  File "C:\Users\kate\PycharmProjects\member-management\management\views.py", line 3874, in individual_input
    individual_oot_status = int(request.POST.get('individual-oot'))
TypeError: int() argument must be a string, a bytes-like object or a number, not 'NoneType'
"GET /individual-encode/ HTTP/1.1" 500 71474
C:\Users\kate\PycharmProjects\member-management\management\views.py changed, reloading.
Watching for file changes with StatReloader
C:\Users\kate\PycharmProjects\member-management\management\views.py changed, reloading.
Watching for file changes with StatReloader
Internal Server Error: /individual-family-conf/55/
Traceback (most recent call last):
  File "C:\Users\kate\PycharmProjects\member-management\venv\lib\site-packages\django\core\handlers\exception.py", line 55, in inner
    response = get_response(request)
  File "C:\Users\kate\PycharmProjects\member-management\venv\lib\site-packages\django\core\handlers\base.py", line 197, in _get_response
    response = wrapped_callback(request, *callback_args, **callback_kwargs)
  File "C:\Users\kate\PycharmProjects\member-management\management\views.py", line 3961, in individual_family_input
    individual_parents = IndividualParents.objects.get(individual=individual)
  File "C:\Users\kate\PycharmProjects\member-management\venv\lib\site-packages\django\db\models\manager.py", line 87, in manager_method
    return getattr(self.get_queryset(), name)(*args, **kwargs)
  File "C:\Users\kate\PycharmProjects\member-management\venv\lib\site-packages\django\db\models\query.py", line 637, in get
    raise self.model.DoesNotExist(
management.models.IndividualParents.DoesNotExist: IndividualParents matching query does not exist.
"GET /individual-family-conf/55/ HTTP/1.1" 500 76180
C:\Users\kate\PycharmProjects\member-management\management\views.py changed, reloading.
Watching for file changes with StatReloader
C:\Users\kate\PycharmProjects\member-management\management\views.py changed, reloading.
Watching for file changes with StatReloader
Internal Server Error: /individual-family-conf/56/
Traceback (most recent call last):
  File "C:\Users\kate\PycharmProjects\member-management\venv\lib\site-packages\django\core\handlers\exception.py", line 55, in inner
    response = get_response(request)
  File "C:\Users\kate\PycharmProjects\member-management\venv\lib\site-packages\django\core\handlers\base.py", line 197, in _get_response
    response = wrapped_callback(request, *callback_args, **callback_kwargs)
  File "C:\Users\kate\PycharmProjects\member-management\management\views.py", line 3977, in individual_family_input
    individual_spouse = IndividualSpouse.objects.get(individual=individual)
  File "C:\Users\kate\PycharmProjects\member-management\venv\lib\site-packages\django\db\models\manager.py", line 87, in manager_method
    return getattr(self.get_queryset(), name)(*args, **kwargs)
  File "C:\Users\kate\PycharmProjects\member-management\venv\lib\site-packages\django\db\models\query.py", line 637, in get
    raise self.model.DoesNotExist(
management.models.IndividualSpouse.DoesNotExist: IndividualSpouse matching query does not exist.
"GET /individual-family-conf/56/ HTTP/1.1" 500 76903
Internal Server Error: /individual-family-conf/57/
Traceback (most recent call last):
  File "C:\Users\kate\PycharmProjects\member-management\venv\lib\site-packages\django\core\handlers\exception.py", line 55, in inner
    response = get_response(request)
  File "C:\Users\kate\PycharmProjects\member-management\venv\lib\site-packages\django\core\handlers\base.py", line 197, in _get_response
    response = wrapped_callback(request, *callback_args, **callback_kwargs)
  File "C:\Users\kate\PycharmProjects\member-management\management\views.py", line 3977, in individual_family_input
    individual_spouse = IndividualSpouse.objects.get(individual=individual)
  File "C:\Users\kate\PycharmProjects\member-management\venv\lib\site-packages\django\db\models\manager.py", line 87, in manager_method
    return getattr(self.get_queryset(), name)(*args, **kwargs)
  File "C:\Users\kate\PycharmProjects\member-management\venv\lib\site-packages\django\db\models\query.py", line 637, in get
    raise self.model.DoesNotExist(
management.models.IndividualSpouse.DoesNotExist: IndividualSpouse matching query does not exist.
"GET /individual-family-conf/57/ HTTP/1.1" 500 76903
C:\Users\kate\PycharmProjects\member-management\management\views.py changed, reloading.
Watching for file changes with StatReloader
C:\Users\kate\PycharmProjects\member-management\management\views.py changed, reloading.
Watching for file changes with StatReloader
C:\Users\kate\PycharmProjects\member-management\management\views.py changed, reloading.
Watching for file changes with StatReloader
Watching for file changes with StatReloader
Not Found: /favicon.ico
"GET /favicon.ico HTTP/1.1" 404 21076
C:\Users\kate\PycharmProjects\member-management\management\views.py changed, reloading.
Watching for file changes with StatReloader
Internal Server Error: /individual-tag-sibling/60/
Traceback (most recent call last):
  File "C:\Users\kate\PycharmProjects\member-management\venv\lib\site-packages\django\db\models\fields\__init__.py", line 2053, in get_prep_value
    return int(value)
ValueError: invalid literal for int() with base 10: ''

The above exception was the direct cause of the following exception:

Traceback (most recent call last):
  File "C:\Users\kate\PycharmProjects\member-management\venv\lib\site-packages\django\core\handlers\exception.py", line 55, in inner
    response = get_response(request)
  File "C:\Users\kate\PycharmProjects\member-management\venv\lib\site-packages\django\core\handlers\base.py", line 197, in _get_response
    response = wrapped_callback(request, *callback_args, **callback_kwargs)
  File "C:\Users\kate\PycharmProjects\member-management\management\views.py", line 4280, in associate_sibling_to_individual
    sibling, created = Individual.objects.get_or_create(
  File "C:\Users\kate\PycharmProjects\member-management\venv\lib\site-packages\django\db\models\manager.py", line 87, in manager_method
    return getattr(self.get_queryset(), name)(*args, **kwargs)
  File "C:\Users\kate\PycharmProjects\member-management\venv\lib\site-packages\django\db\models\query.py", line 916, in get_or_create
    return self.get(**kwargs), False
  File "C:\Users\kate\PycharmProjects\member-management\venv\lib\site-packages\django\db\models\query.py", line 623, in get
    clone = self._chain() if self.query.combinator else self.filter(*args, **kwargs)
  File "C:\Users\kate\PycharmProjects\member-management\venv\lib\site-packages\django\db\models\query.py", line 1436, in filter
    return self._filter_or_exclude(False, args, kwargs)
  File "C:\Users\kate\PycharmProjects\member-management\venv\lib\site-packages\django\db\models\query.py", line 1454, in _filter_or_exclude
    clone._filter_or_exclude_inplace(negate, args, kwargs)
  File "C:\Users\kate\PycharmProjects\member-management\venv\lib\site-packages\django\db\models\query.py", line 1461, in _filter_or_exclude_inplace
    self._query.add_q(Q(*args, **kwargs))
  File "C:\Users\kate\PycharmProjects\member-management\venv\lib\site-packages\django\db\models\sql\query.py", line 1546, in add_q
    clause, _ = self._add_q(q_object, self.used_aliases)
  File "C:\Users\kate\PycharmProjects\member-management\venv\lib\site-packages\django\db\models\sql\query.py", line 1577, in _add_q
    child_clause, needed_inner = self.build_filter(
  File "C:\Users\kate\PycharmProjects\member-management\venv\lib\site-packages\django\db\models\sql\query.py", line 1492, in build_filter
    condition = self.build_lookup(lookups, col, value)
  File "C:\Users\kate\PycharmProjects\member-management\venv\lib\site-packages\django\db\models\sql\query.py", line 1319, in build_lookup
    lookup = lookup_class(lhs, rhs)
  File "C:\Users\kate\PycharmProjects\member-management\venv\lib\site-packages\django\db\models\lookups.py", line 27, in __init__
    self.rhs = self.get_prep_lookup()
  File "C:\Users\kate\PycharmProjects\member-management\venv\lib\site-packages\django\db\models\lookups.py", line 341, in get_prep_lookup
    return super().get_prep_lookup()
  File "C:\Users\kate\PycharmProjects\member-management\venv\lib\site-packages\django\db\models\lookups.py", line 85, in get_prep_lookup
    return self.lhs.output_field.get_prep_value(self.rhs)
  File "C:\Users\kate\PycharmProjects\member-management\venv\lib\site-packages\django\db\models\fields\__init__.py", line 2055, in get_prep_value
    raise e.__class__(
ValueError: Field 'age' expected a number but got ''.
"POST /individual-tag-sibling/60/ HTTP/1.1" 500 152204
C:\Users\kate\PycharmProjects\member-management\management\views.py changed, reloading.
Watching for file changes with StatReloader
C:\Users\kate\PycharmProjects\member-management\management\views.py changed, reloading.
Watching for file changes with StatReloader
Internal Server Error: /individual/65/
Traceback (most recent call last):
  File "C:\Users\kate\PycharmProjects\member-management\venv\lib\site-packages\django\core\handlers\exception.py", line 55, in inner
    response = get_response(request)
  File "C:\Users\kate\PycharmProjects\member-management\venv\lib\site-packages\django\core\handlers\base.py", line 197, in _get_response
    response = wrapped_callback(request, *callback_args, **callback_kwargs)
  File "C:\Users\kate\PycharmProjects\member-management\management\views.py", line 3847, in individual_view
    individual_parents = IndividualParents.objects.get(individual=individual)
  File "C:\Users\kate\PycharmProjects\member-management\venv\lib\site-packages\django\db\models\manager.py", line 87, in manager_method
    return getattr(self.get_queryset(), name)(*args, **kwargs)
  File "C:\Users\kate\PycharmProjects\member-management\venv\lib\site-packages\django\db\models\query.py", line 637, in get
    raise self.model.DoesNotExist(
management.models.IndividualParents.DoesNotExist: IndividualParents matching query does not exist.
"GET /individual/65/ HTTP/1.1" 500 74948
Internal Server Error: /individual/65/
Traceback (most recent call last):
  File "C:\Users\kate\PycharmProjects\member-management\venv\lib\site-packages\django\core\handlers\exception.py", line 55, in inner
    response = get_response(request)
  File "C:\Users\kate\PycharmProjects\member-management\venv\lib\site-packages\django\core\handlers\base.py", line 197, in _get_response
    response = wrapped_callback(request, *callback_args, **callback_kwargs)
  File "C:\Users\kate\PycharmProjects\member-management\management\views.py", line 3847, in individual_view
    individual_parents = IndividualParents.objects.get(individual=individual)
  File "C:\Users\kate\PycharmProjects\member-management\venv\lib\site-packages\django\db\models\manager.py", line 87, in manager_method
    return getattr(self.get_queryset(), name)(*args, **kwargs)
  File "C:\Users\kate\PycharmProjects\member-management\venv\lib\site-packages\django\db\models\query.py", line 637, in get
    raise self.model.DoesNotExist(
management.models.IndividualParents.DoesNotExist: IndividualParents matching query does not exist.
"GET /individual/65/ HTTP/1.1" 500 74948
C:\Users\kate\PycharmProjects\member-management\management\views.py changed, reloading.
Watching for file changes with StatReloader
C:\Users\kate\PycharmProjects\member-management\management\urls.py changed, reloading.
Watching for file changes with StatReloader
Internal Server Error: /individual-family-conf/43/
Traceback (most recent call last):
  File "C:\Users\kate\PycharmProjects\member-management\venv\lib\site-packages\django\core\handlers\exception.py", line 55, in inner
    response = get_response(request)
  File "C:\Users\kate\PycharmProjects\member-management\venv\lib\site-packages\django\core\handlers\base.py", line 197, in _get_response
    response = wrapped_callback(request, *callback_args, **callback_kwargs)
  File "C:\Users\kate\PycharmProjects\member-management\management\views.py", line 4537, in one_ring
    return render(request, 'individual_family_conf.html', {
  File "C:\Users\kate\PycharmProjects\member-management\venv\lib\site-packages\django\shortcuts.py", line 24, in render
    content = loader.render_to_string(template_name, context, request, using=using)
  File "C:\Users\kate\PycharmProjects\member-management\venv\lib\site-packages\django\template\loader.py", line 62, in render_to_string
    return template.render(context, request)
  File "C:\Users\kate\PycharmProjects\member-management\venv\lib\site-packages\django\template\backends\django.py", line 61, in render
    return self.template.render(context)
  File "C:\Users\kate\PycharmProjects\member-management\venv\lib\site-packages\django\template\base.py", line 175, in render
    return self._render(context)
  File "C:\Users\kate\PycharmProjects\member-management\venv\lib\site-packages\django\template\base.py", line 167, in _render
    return self.nodelist.render(context)
  File "C:\Users\kate\PycharmProjects\member-management\venv\lib\site-packages\django\template\base.py", line 1005, in render
    return SafeString("".join([node.render_annotated(context) for node in self]))
  File "C:\Users\kate\PycharmProjects\member-management\venv\lib\site-packages\django\template\base.py", line 1005, in <listcomp>
    return SafeString("".join([node.render_annotated(context) for node in self]))
  File "C:\Users\kate\PycharmProjects\member-management\venv\lib\site-packages\django\template\base.py", line 966, in render_annotated
    return self.render(context)
  File "C:\Users\kate\PycharmProjects\member-management\venv\lib\site-packages\django\template\loader_tags.py", line 157, in render
    return compiled_parent._render(context)
  File "C:\Users\kate\PycharmProjects\member-management\venv\lib\site-packages\django\template\base.py", line 167, in _render
    return self.nodelist.render(context)
  File "C:\Users\kate\PycharmProjects\member-management\venv\lib\site-packages\django\template\base.py", line 1005, in render
    return SafeString("".join([node.render_annotated(context) for node in self]))
  File "C:\Users\kate\PycharmProjects\member-management\venv\lib\site-packages\django\template\base.py", line 1005, in <listcomp>
    return SafeString("".join([node.render_annotated(context) for node in self]))
  File "C:\Users\kate\PycharmProjects\member-management\venv\lib\site-packages\django\template\base.py", line 966, in render_annotated
    return self.render(context)
  File "C:\Users\kate\PycharmProjects\member-management\venv\lib\site-packages\django\template\loader_tags.py", line 63, in render
    result = block.nodelist.render(context)
  File "C:\Users\kate\PycharmProjects\member-management\venv\lib\site-packages\django\template\base.py", line 1005, in render
    return SafeString("".join([node.render_annotated(context) for node in self]))
  File "C:\Users\kate\PycharmProjects\member-management\venv\lib\site-packages\django\template\base.py", line 1005, in <listcomp>
    return SafeString("".join([node.render_annotated(context) for node in self]))
  File "C:\Users\kate\PycharmProjects\member-management\venv\lib\site-packages\django\template\base.py", line 966, in render_annotated
    return self.render(context)
  File "C:\Users\kate\PycharmProjects\member-management\venv\lib\site-packages\django\template\defaulttags.py", line 321, in render
    return nodelist.render(context)
  File "C:\Users\kate\PycharmProjects\member-management\venv\lib\site-packages\django\template\base.py", line 1005, in render
    return SafeString("".join([node.render_annotated(context) for node in self]))
  File "C:\Users\kate\PycharmProjects\member-management\venv\lib\site-packages\django\template\base.py", line 1005, in <listcomp>
    return SafeString("".join([node.render_annotated(context) for node in self]))
  File "C:\Users\kate\PycharmProjects\member-management\venv\lib\site-packages\django\template\base.py", line 966, in render_annotated
    return self.render(context)
  File "C:\Users\kate\PycharmProjects\member-management\venv\lib\site-packages\django\template\defaulttags.py", line 471, in render
    url = reverse(view_name, args=args, kwargs=kwargs, current_app=current_app)
  File "C:\Users\kate\PycharmProjects\member-management\venv\lib\site-packages\django\urls\base.py", line 88, in reverse
    return resolver._reverse_with_prefix(view, prefix, *args, **kwargs)
  File "C:\Users\kate\PycharmProjects\member-management\venv\lib\site-packages\django\urls\resolvers.py", line 828, in _reverse_with_prefix
    raise NoReverseMatch(msg)
django.urls.exceptions.NoReverseMatch: Reverse for 'associate-mother' with arguments '('',)' not found. 1 pattern(s) tried: ['individual\\-tag\\-mother/(?P<individual_id>[0-9]+)/\\Z']
"GET /individual-family-conf/43/ HTTP/1.1" 500 195654
C:\Users\kate\PycharmProjects\member-management\management\views.py changed, reloading.
Watching for file changes with StatReloader
C:\Users\kate\PycharmProjects\member-management\management\views.py changed, reloading.
Watching for file changes with StatReloader
C:\Users\kate\PycharmProjects\member-management\management\views.py changed, reloading.
Watching for file changes with StatReloader
C:\Users\kate\PycharmProjects\member-management\management\views.py changed, reloading.
Watching for file changes with StatReloader
C:\Users\kate\PycharmProjects\member-management\management\views.py changed, reloading.
Watching for file changes with StatReloader
C:\Users\kate\PycharmProjects\member-management\management\views.py changed, reloading.
Watching for file changes with StatReloader
C:\Users\kate\PycharmProjects\member-management\management\views.py changed, reloading.
Watching for file changes with StatReloader
C:\Users\kate\PycharmProjects\member-management\management\urls.py changed, reloading.
Watching for file changes with StatReloader
C:\Users\kate\PycharmProjects\member-management\management\views.py changed, reloading.
Watching for file changes with StatReloader
C:\Users\kate\PycharmProjects\member-management\management\views.py changed, reloading.
Watching for file changes with StatReloader
C:\Users\kate\PycharmProjects\member-management\management\urls.py changed, reloading.
Watching for file changes with StatReloader
Internal Server Error: /one-ring/43/
Traceback (most recent call last):
  File "C:\Users\kate\PycharmProjects\member-management\venv\lib\site-packages\django\core\handlers\exception.py", line 55, in inner
    response = get_response(request)
  File "C:\Users\kate\PycharmProjects\member-management\venv\lib\site-packages\django\core\handlers\base.py", line 197, in _get_response
    response = wrapped_callback(request, *callback_args, **callback_kwargs)
  File "C:\Users\kate\PycharmProjects\member-management\management\views.py", line 4542, in one_ring
    individual_oot_status = int(request.POST.get('individual-oot'))
TypeError: int() argument must be a string, a bytes-like object or a number, not 'NoneType'
"POST /one-ring/43/ HTTP/1.1" 500 72136
Internal Server Error: /one-ring/43/
Traceback (most recent call last):
  File "C:\Users\kate\PycharmProjects\member-management\venv\lib\site-packages\django\core\handlers\exception.py", line 55, in inner
    response = get_response(request)
  File "C:\Users\kate\PycharmProjects\member-management\venv\lib\site-packages\django\core\handlers\base.py", line 197, in _get_response
    response = wrapped_callback(request, *callback_args, **callback_kwargs)
  File "C:\Users\kate\PycharmProjects\member-management\management\views.py", line 4542, in one_ring
    individual_oot_status = int(request.POST.get('individual-oot'))
TypeError: int() argument must be a string, a bytes-like object or a number, not 'NoneType'
"POST /one-ring/43/ HTTP/1.1" 500 72136
C:\Users\kate\PycharmProjects\member-management\management\views.py changed, reloading.
Watching for file changes with StatReloader
C:\Users\kate\PycharmProjects\member-management\management\views.py changed, reloading.
Watching for file changes with StatReloader
C:\Users\kate\PycharmProjects\member-management\management\views.py changed, reloading.
Watching for file changes with StatReloader
C:\Users\kate\PycharmProjects\member-management\management\views.py changed, reloading.
Watching for file changes with StatReloader
C:\Users\kate\PycharmProjects\member-management\management\views.py changed, reloading.
Watching for file changes with StatReloader
C:\Users\kate\PycharmProjects\member-management\management\views.py changed, reloading.
Watching for file changes with StatReloader
C:\Users\kate\PycharmProjects\member-management\management\views.py changed, reloading.
Watching for file changes with StatReloader
C:\Users\kate\PycharmProjects\member-management\management\views.py changed, reloading.
Watching for file changes with StatReloader
Internal Server Error: /one-ring/43/
Traceback (most recent call last):
  File "C:\Users\kate\PycharmProjects\member-management\venv\lib\site-packages\django\core\handlers\exception.py", line 55, in inner
    response = get_response(request)
  File "C:\Users\kate\PycharmProjects\member-management\venv\lib\site-packages\django\core\handlers\base.py", line 197, in _get_response
    response = wrapped_callback(request, *callback_args, **callback_kwargs)
  File "C:\Users\kate\PycharmProjects\member-management\management\views.py", line 4552, in one_ring
    print(int((timezone.now().date() - individual.birthday)) / 365.25)
TypeError: int() argument must be a string, a bytes-like object or a number, not 'datetime.timedelta'
"POST /one-ring/43/ HTTP/1.1" 500 68603
C:\Users\kate\PycharmProjects\member-management\management\views.py changed, reloading.
Watching for file changes with StatReloader
C:\Users\kate\PycharmProjects\member-management\management\views.py changed, reloading.
Watching for file changes with StatReloader
C:\Users\kate\PycharmProjects\member-management\management\views.py changed, reloading.
Watching for file changes with StatReloader
C:\Users\kate\PycharmProjects\member-management\management\urls.py changed, reloading.
Watching for file changes with StatReloader
C:\Users\kate\PycharmProjects\member-management\management\views.py changed, reloading.
Watching for file changes with StatReloader
C:\Users\kate\PycharmProjects\member-management\management\urls.py changed, reloading.
Watching for file changes with StatReloader
Internal Server Error: /individual-family-conf/43/
Traceback (most recent call last):
  File "C:\Users\kate\PycharmProjects\member-management\venv\lib\site-packages\django\core\handlers\exception.py", line 55, in inner
    response = get_response(request)
  File "C:\Users\kate\PycharmProjects\member-management\venv\lib\site-packages\django\core\handlers\base.py", line 197, in _get_response
    response = wrapped_callback(request, *callback_args, **callback_kwargs)
  File "C:\Users\kate\PycharmProjects\member-management\management\views.py", line 4006, in individual_family_input
    return render(request, 'individual_family_conf.html', {
  File "C:\Users\kate\PycharmProjects\member-management\venv\lib\site-packages\django\shortcuts.py", line 24, in render
    content = loader.render_to_string(template_name, context, request, using=using)
  File "C:\Users\kate\PycharmProjects\member-management\venv\lib\site-packages\django\template\loader.py", line 62, in render_to_string
    return template.render(context, request)
  File "C:\Users\kate\PycharmProjects\member-management\venv\lib\site-packages\django\template\backends\django.py", line 61, in render
    return self.template.render(context)
  File "C:\Users\kate\PycharmProjects\member-management\venv\lib\site-packages\django\template\base.py", line 175, in render
    return self._render(context)
  File "C:\Users\kate\PycharmProjects\member-management\venv\lib\site-packages\django\template\base.py", line 167, in _render
    return self.nodelist.render(context)
  File "C:\Users\kate\PycharmProjects\member-management\venv\lib\site-packages\django\template\base.py", line 1005, in render
    return SafeString("".join([node.render_annotated(context) for node in self]))
  File "C:\Users\kate\PycharmProjects\member-management\venv\lib\site-packages\django\template\base.py", line 1005, in <listcomp>
    return SafeString("".join([node.render_annotated(context) for node in self]))
  File "C:\Users\kate\PycharmProjects\member-management\venv\lib\site-packages\django\template\base.py", line 966, in render_annotated
    return self.render(context)
  File "C:\Users\kate\PycharmProjects\member-management\venv\lib\site-packages\django\template\loader_tags.py", line 157, in render
    return compiled_parent._render(context)
  File "C:\Users\kate\PycharmProjects\member-management\venv\lib\site-packages\django\template\base.py", line 167, in _render
    return self.nodelist.render(context)
  File "C:\Users\kate\PycharmProjects\member-management\venv\lib\site-packages\django\template\base.py", line 1005, in render
    return SafeString("".join([node.render_annotated(context) for node in self]))
  File "C:\Users\kate\PycharmProjects\member-management\venv\lib\site-packages\django\template\base.py", line 1005, in <listcomp>
    return SafeString("".join([node.render_annotated(context) for node in self]))
  File "C:\Users\kate\PycharmProjects\member-management\venv\lib\site-packages\django\template\base.py", line 966, in render_annotated
    return self.render(context)
  File "C:\Users\kate\PycharmProjects\member-management\venv\lib\site-packages\django\template\loader_tags.py", line 63, in render
    result = block.nodelist.render(context)
  File "C:\Users\kate\PycharmProjects\member-management\venv\lib\site-packages\django\template\base.py", line 1005, in render
    return SafeString("".join([node.render_annotated(context) for node in self]))
  File "C:\Users\kate\PycharmProjects\member-management\venv\lib\site-packages\django\template\base.py", line 1005, in <listcomp>
    return SafeString("".join([node.render_annotated(context) for node in self]))
  File "C:\Users\kate\PycharmProjects\member-management\venv\lib\site-packages\django\template\base.py", line 966, in render_annotated
    return self.render(context)
  File "C:\Users\kate\PycharmProjects\member-management\venv\lib\site-packages\django\template\defaulttags.py", line 471, in render
    url = reverse(view_name, args=args, kwargs=kwargs, current_app=current_app)
  File "C:\Users\kate\PycharmProjects\member-management\venv\lib\site-packages\django\urls\base.py", line 88, in reverse
    return resolver._reverse_with_prefix(view, prefix, *args, **kwargs)
  File "C:\Users\kate\PycharmProjects\member-management\venv\lib\site-packages\django\urls\resolvers.py", line 828, in _reverse_with_prefix
    raise NoReverseMatch(msg)
django.urls.exceptions.NoReverseMatch: Reverse for 'htmx-sitio-options-sibling' not found. 'htmx-sitio-options-sibling' is not a valid view function or pattern name.
"GET /individual-family-conf/43/ HTTP/1.1" 500 199412
Internal Server Error: /individual-family-conf/43/
Traceback (most recent call last):
  File "C:\Users\kate\PycharmProjects\member-management\venv\lib\site-packages\django\core\handlers\exception.py", line 55, in inner
    response = get_response(request)
  File "C:\Users\kate\PycharmProjects\member-management\venv\lib\site-packages\django\core\handlers\base.py", line 197, in _get_response
    response = wrapped_callback(request, *callback_args, **callback_kwargs)
  File "C:\Users\kate\PycharmProjects\member-management\management\views.py", line 4006, in individual_family_input
    return render(request, 'individual_family_conf.html', {
  File "C:\Users\kate\PycharmProjects\member-management\venv\lib\site-packages\django\shortcuts.py", line 24, in render
    content = loader.render_to_string(template_name, context, request, using=using)
  File "C:\Users\kate\PycharmProjects\member-management\venv\lib\site-packages\django\template\loader.py", line 62, in render_to_string
    return template.render(context, request)
  File "C:\Users\kate\PycharmProjects\member-management\venv\lib\site-packages\django\template\backends\django.py", line 61, in render
    return self.template.render(context)
  File "C:\Users\kate\PycharmProjects\member-management\venv\lib\site-packages\django\template\base.py", line 175, in render
    return self._render(context)
  File "C:\Users\kate\PycharmProjects\member-management\venv\lib\site-packages\django\template\base.py", line 167, in _render
    return self.nodelist.render(context)
  File "C:\Users\kate\PycharmProjects\member-management\venv\lib\site-packages\django\template\base.py", line 1005, in render
    return SafeString("".join([node.render_annotated(context) for node in self]))
  File "C:\Users\kate\PycharmProjects\member-management\venv\lib\site-packages\django\template\base.py", line 1005, in <listcomp>
    return SafeString("".join([node.render_annotated(context) for node in self]))
  File "C:\Users\kate\PycharmProjects\member-management\venv\lib\site-packages\django\template\base.py", line 966, in render_annotated
    return self.render(context)
  File "C:\Users\kate\PycharmProjects\member-management\venv\lib\site-packages\django\template\loader_tags.py", line 157, in render
    return compiled_parent._render(context)
  File "C:\Users\kate\PycharmProjects\member-management\venv\lib\site-packages\django\template\base.py", line 167, in _render
    return self.nodelist.render(context)
  File "C:\Users\kate\PycharmProjects\member-management\venv\lib\site-packages\django\template\base.py", line 1005, in render
    return SafeString("".join([node.render_annotated(context) for node in self]))
  File "C:\Users\kate\PycharmProjects\member-management\venv\lib\site-packages\django\template\base.py", line 1005, in <listcomp>
    return SafeString("".join([node.render_annotated(context) for node in self]))
  File "C:\Users\kate\PycharmProjects\member-management\venv\lib\site-packages\django\template\base.py", line 966, in render_annotated
    return self.render(context)
  File "C:\Users\kate\PycharmProjects\member-management\venv\lib\site-packages\django\template\loader_tags.py", line 63, in render
    result = block.nodelist.render(context)
  File "C:\Users\kate\PycharmProjects\member-management\venv\lib\site-packages\django\template\base.py", line 1005, in render
    return SafeString("".join([node.render_annotated(context) for node in self]))
  File "C:\Users\kate\PycharmProjects\member-management\venv\lib\site-packages\django\template\base.py", line 1005, in <listcomp>
    return SafeString("".join([node.render_annotated(context) for node in self]))
  File "C:\Users\kate\PycharmProjects\member-management\venv\lib\site-packages\django\template\base.py", line 966, in render_annotated
    return self.render(context)
  File "C:\Users\kate\PycharmProjects\member-management\venv\lib\site-packages\django\template\defaulttags.py", line 471, in render
    url = reverse(view_name, args=args, kwargs=kwargs, current_app=current_app)
  File "C:\Users\kate\PycharmProjects\member-management\venv\lib\site-packages\django\urls\base.py", line 88, in reverse
    return resolver._reverse_with_prefix(view, prefix, *args, **kwargs)
  File "C:\Users\kate\PycharmProjects\member-management\venv\lib\site-packages\django\urls\resolvers.py", line 828, in _reverse_with_prefix
    raise NoReverseMatch(msg)
django.urls.exceptions.NoReverseMatch: Reverse for 'htmx-sitio-options-sibling' not found. 'htmx-sitio-options-sibling' is not a valid view function or pattern name.
"GET /individual-family-conf/43/ HTTP/1.1" 500 199412
C:\Users\kate\PycharmProjects\member-management\management\views.py changed, reloading.
Watching for file changes with StatReloader
Forbidden (CSRF token missing.): /one-ring/43/
"POST /one-ring/43/ HTTP/1.1" 403 2506
Forbidden (CSRF token missing.): /one-ring/43/
"POST /one-ring/43/ HTTP/1.1" 403 2506
Forbidden (CSRF token missing.): /one-ring/43/
"POST /one-ring/43/ HTTP/1.1" 403 2506
Internal Server Error: /one-ring/43/
Traceback (most recent call last):
  File "C:\Users\kate\PycharmProjects\member-management\venv\lib\site-packages\django\core\handlers\exception.py", line 55, in inner
    response = get_response(request)
  File "C:\Users\kate\PycharmProjects\member-management\venv\lib\site-packages\django\core\handlers\base.py", line 197, in _get_response
    response = wrapped_callback(request, *callback_args, **callback_kwargs)
  File "C:\Users\kate\PycharmProjects\member-management\management\views.py", line 4508, in one_ring
    individual_oot_status = int(request.POST.get('individual-oot'))
TypeError: int() argument must be a string, a bytes-like object or a number, not 'NoneType'
"POST /one-ring/43/ HTTP/1.1" 500 71943
Internal Server Error: /one-ring/43/
Traceback (most recent call last):
  File "C:\Users\kate\PycharmProjects\member-management\venv\lib\site-packages\django\core\handlers\exception.py", line 55, in inner
    response = get_response(request)
  File "C:\Users\kate\PycharmProjects\member-management\venv\lib\site-packages\django\core\handlers\base.py", line 197, in _get_response
    response = wrapped_callback(request, *callback_args, **callback_kwargs)
  File "C:\Users\kate\PycharmProjects\member-management\management\views.py", line 4508, in one_ring
    individual_oot_status = int(request.POST.get('individual-oot'))
TypeError: int() argument must be a string, a bytes-like object or a number, not 'NoneType'
"POST /one-ring/43/ HTTP/1.1" 500 73657
C:\Users\kate\PycharmProjects\member-management\management\views.py changed, reloading.
Watching for file changes with StatReloader
C:\Users\kate\PycharmProjects\member-management\management\views.py changed, reloading.
Watching for file changes with StatReloader
C:\Users\kate\PycharmProjects\member-management\management\views.py changed, reloading.
Watching for file changes with StatReloader
C:\Users\kate\PycharmProjects\member-management\management\views.py changed, reloading.
Watching for file changes with StatReloader
C:\Users\kate\PycharmProjects\member-management\management\views.py changed, reloading.
Watching for file changes with StatReloader
C:\Users\kate\PycharmProjects\member-management\management\views.py changed, reloading.
Watching for file changes with StatReloader
C:\Users\kate\PycharmProjects\member-management\management\views.py changed, reloading.
Watching for file changes with StatReloader
C:\Users\kate\PycharmProjects\member-management\management\views.py changed, reloading.
Watching for file changes with StatReloader
C:\Users\kate\PycharmProjects\member-management\management\views.py changed, reloading.
Watching for file changes with StatReloader
C:\Users\kate\PycharmProjects\member-management\management\views.py changed, reloading.
Watching for file changes with StatReloader
C:\Users\kate\PycharmProjects\member-management\management\views.py changed, reloading.
Watching for file changes with StatReloader
C:\Users\kate\PycharmProjects\member-management\management\views.py changed, reloading.
Watching for file changes with StatReloader
C:\Users\kate\PycharmProjects\member-management\management\views.py changed, reloading.
Watching for file changes with StatReloader
Watching for file changes with StatReloader
Not Found: /favicon.ico
"GET /favicon.ico HTTP/1.1" 404 20455
Internal Server Error: /individual-family-conf/43/
Traceback (most recent call last):
  File "C:\Users\kate\PycharmProjects\member-management\venv\lib\site-packages\django\core\handlers\exception.py", line 55, in inner
    response = get_response(request)
  File "C:\Users\kate\PycharmProjects\member-management\venv\lib\site-packages\django\core\handlers\base.py", line 197, in _get_response
    response = wrapped_callback(request, *callback_args, **callback_kwargs)
  File "C:\Users\kate\PycharmProjects\member-management\management\views.py", line 4006, in individual_family_input
    return render(request, 'individual_family_conf.html', {
  File "C:\Users\kate\PycharmProjects\member-management\venv\lib\site-packages\django\shortcuts.py", line 24, in render
    content = loader.render_to_string(template_name, context, request, using=using)
  File "C:\Users\kate\PycharmProjects\member-management\venv\lib\site-packages\django\template\loader.py", line 61, in render_to_string
    template = get_template(template_name, using=using)
  File "C:\Users\kate\PycharmProjects\member-management\venv\lib\site-packages\django\template\loader.py", line 15, in get_template
    return engine.get_template(template_name)
  File "C:\Users\kate\PycharmProjects\member-management\venv\lib\site-packages\django\template\backends\django.py", line 33, in get_template
    return Template(self.engine.get_template(template_name), self)
  File "C:\Users\kate\PycharmProjects\member-management\venv\lib\site-packages\django\template\engine.py", line 175, in get_template
    template, origin = self.find_template(template_name)
  File "C:\Users\kate\PycharmProjects\member-management\venv\lib\site-packages\django\template\engine.py", line 157, in find_template
    template = loader.get_template(name, skip=skip)
  File "C:\Users\kate\PycharmProjects\member-management\venv\lib\site-packages\django\template\loaders\cached.py", line 57, in get_template
    template = super().get_template(template_name, skip)
  File "C:\Users\kate\PycharmProjects\member-management\venv\lib\site-packages\django\template\loaders\base.py", line 28, in get_template
    return Template(
  File "C:\Users\kate\PycharmProjects\member-management\venv\lib\site-packages\django\template\base.py", line 154, in __init__
    self.nodelist = self.compile_nodelist()
  File "C:\Users\kate\PycharmProjects\member-management\venv\lib\site-packages\django\template\base.py", line 200, in compile_nodelist
    return parser.parse()
  File "C:\Users\kate\PycharmProjects\member-management\venv\lib\site-packages\django\template\base.py", line 513, in parse
    raise self.error(token, e)
  File "C:\Users\kate\PycharmProjects\member-management\venv\lib\site-packages\django\template\base.py", line 511, in parse
    compiled_result = compile_func(self, token)
  File "C:\Users\kate\PycharmProjects\member-management\venv\lib\site-packages\django\template\loader_tags.py", line 293, in do_extends
    nodelist = parser.parse()
  File "C:\Users\kate\PycharmProjects\member-management\venv\lib\site-packages\django\template\base.py", line 513, in parse
    raise self.error(token, e)
  File "C:\Users\kate\PycharmProjects\member-management\venv\lib\site-packages\django\template\base.py", line 511, in parse
    compiled_result = compile_func(self, token)
  File "C:\Users\kate\PycharmProjects\member-management\venv\lib\site-packages\django\template\loader_tags.py", line 232, in do_block
    nodelist = parser.parse(("endblock",))
  File "C:\Users\kate\PycharmProjects\member-management\venv\lib\site-packages\django\template\base.py", line 513, in parse
    raise self.error(token, e)
  File "C:\Users\kate\PycharmProjects\member-management\venv\lib\site-packages\django\template\base.py", line 511, in parse
    compiled_result = compile_func(self, token)
  File "C:\Users\kate\PycharmProjects\member-management\venv\lib\site-packages\django\template\defaulttags.py", line 853, in do_for
    nodelist_loop = parser.parse(
  File "C:\Users\kate\PycharmProjects\member-management\venv\lib\site-packages\django\template\base.py", line 513, in parse
    raise self.error(token, e)
  File "C:\Users\kate\PycharmProjects\member-management\venv\lib\site-packages\django\template\base.py", line 511, in parse
    compiled_result = compile_func(self, token)
  File "C:\Users\kate\PycharmProjects\member-management\venv\lib\site-packages\django\template\defaulttags.py", line 952, in do_if
    condition = TemplateIfParser(parser, bits).parse()
  File "C:\Users\kate\PycharmProjects\member-management\venv\lib\site-packages\django\template\smartif.py", line 197, in parse
    raise self.error_class(
django.template.exceptions.TemplateSyntaxError: Unused 'header' at end of if expression.
"GET /individual-family-conf/43/ HTTP/1.1" 500 225413
Internal Server Error: /individual-family-conf/43/
Traceback (most recent call last):
  File "C:\Users\kate\PycharmProjects\member-management\venv\lib\site-packages\django\core\handlers\exception.py", line 55, in inner
    response = get_response(request)
  File "C:\Users\kate\PycharmProjects\member-management\venv\lib\site-packages\django\core\handlers\base.py", line 197, in _get_response
    response = wrapped_callback(request, *callback_args, **callback_kwargs)
  File "C:\Users\kate\PycharmProjects\member-management\management\views.py", line 4006, in individual_family_input
    return render(request, 'individual_family_conf.html', {
  File "C:\Users\kate\PycharmProjects\member-management\venv\lib\site-packages\django\shortcuts.py", line 24, in render
    content = loader.render_to_string(template_name, context, request, using=using)
  File "C:\Users\kate\PycharmProjects\member-management\venv\lib\site-packages\django\template\loader.py", line 61, in render_to_string
    template = get_template(template_name, using=using)
  File "C:\Users\kate\PycharmProjects\member-management\venv\lib\site-packages\django\template\loader.py", line 15, in get_template
    return engine.get_template(template_name)
  File "C:\Users\kate\PycharmProjects\member-management\venv\lib\site-packages\django\template\backends\django.py", line 33, in get_template
    return Template(self.engine.get_template(template_name), self)
  File "C:\Users\kate\PycharmProjects\member-management\venv\lib\site-packages\django\template\engine.py", line 175, in get_template
    template, origin = self.find_template(template_name)
  File "C:\Users\kate\PycharmProjects\member-management\venv\lib\site-packages\django\template\engine.py", line 157, in find_template
    template = loader.get_template(name, skip=skip)
  File "C:\Users\kate\PycharmProjects\member-management\venv\lib\site-packages\django\template\loaders\cached.py", line 57, in get_template
    template = super().get_template(template_name, skip)
  File "C:\Users\kate\PycharmProjects\member-management\venv\lib\site-packages\django\template\loaders\base.py", line 28, in get_template
    return Template(
  File "C:\Users\kate\PycharmProjects\member-management\venv\lib\site-packages\django\template\base.py", line 154, in __init__
    self.nodelist = self.compile_nodelist()
  File "C:\Users\kate\PycharmProjects\member-management\venv\lib\site-packages\django\template\base.py", line 200, in compile_nodelist
    return parser.parse()
  File "C:\Users\kate\PycharmProjects\member-management\venv\lib\site-packages\django\template\base.py", line 513, in parse
    raise self.error(token, e)
  File "C:\Users\kate\PycharmProjects\member-management\venv\lib\site-packages\django\template\base.py", line 511, in parse
    compiled_result = compile_func(self, token)
  File "C:\Users\kate\PycharmProjects\member-management\venv\lib\site-packages\django\template\loader_tags.py", line 293, in do_extends
    nodelist = parser.parse()
  File "C:\Users\kate\PycharmProjects\member-management\venv\lib\site-packages\django\template\base.py", line 513, in parse
    raise self.error(token, e)
  File "C:\Users\kate\PycharmProjects\member-management\venv\lib\site-packages\django\template\base.py", line 511, in parse
    compiled_result = compile_func(self, token)
  File "C:\Users\kate\PycharmProjects\member-management\venv\lib\site-packages\django\template\loader_tags.py", line 232, in do_block
    nodelist = parser.parse(("endblock",))
  File "C:\Users\kate\PycharmProjects\member-management\venv\lib\site-packages\django\template\base.py", line 513, in parse
    raise self.error(token, e)
  File "C:\Users\kate\PycharmProjects\member-management\venv\lib\site-packages\django\template\base.py", line 511, in parse
    compiled_result = compile_func(self, token)
  File "C:\Users\kate\PycharmProjects\member-management\venv\lib\site-packages\django\template\defaulttags.py", line 853, in do_for
    nodelist_loop = parser.parse(
  File "C:\Users\kate\PycharmProjects\member-management\venv\lib\site-packages\django\template\base.py", line 513, in parse
    raise self.error(token, e)
  File "C:\Users\kate\PycharmProjects\member-management\venv\lib\site-packages\django\template\base.py", line 511, in parse
    compiled_result = compile_func(self, token)
  File "C:\Users\kate\PycharmProjects\member-management\venv\lib\site-packages\django\template\defaulttags.py", line 952, in do_if
    condition = TemplateIfParser(parser, bits).parse()
  File "C:\Users\kate\PycharmProjects\member-management\venv\lib\site-packages\django\template\smartif.py", line 197, in parse
    raise self.error_class(
django.template.exceptions.TemplateSyntaxError: Unused 'header' at end of if expression.
"GET /individual-family-conf/43/ HTTP/1.1" 500 225469
C:\Users\kate\PycharmProjects\member-management\management\views.py changed, reloading.
Watching for file changes with StatReloader
C:\Users\kate\PycharmProjects\member-management\management\views.py changed, reloading.
Watching for file changes with StatReloader
C:\Users\kate\PycharmProjects\member-management\management\views.py changed, reloading.
Watching for file changes with StatReloader
C:\Users\kate\PycharmProjects\member-management\management\views.py changed, reloading.
Watching for file changes with StatReloader
C:\Users\kate\PycharmProjects\member-management\management\views.py changed, reloading.
Watching for file changes with StatReloader
C:\Users\kate\PycharmProjects\member-management\management\views.py changed, reloading.
Watching for file changes with StatReloader
C:\Users\kate\PycharmProjects\member-management\management\views.py changed, reloading.
Watching for file changes with StatReloader
C:\Users\kate\PycharmProjects\member-management\management\views.py changed, reloading.
Watching for file changes with StatReloader
C:\Users\kate\PycharmProjects\member-management\management\views.py changed, reloading.
Watching for file changes with StatReloader
C:\Users\kate\PycharmProjects\member-management\management\views.py changed, reloading.
Watching for file changes with StatReloader
Internal Server Error: /one-ring/43/
Traceback (most recent call last):
  File "C:\Users\kate\PycharmProjects\member-management\venv\lib\site-packages\django\core\handlers\exception.py", line 55, in inner
    response = get_response(request)
  File "C:\Users\kate\PycharmProjects\member-management\venv\lib\site-packages\django\core\handlers\base.py", line 197, in _get_response
    response = wrapped_callback(request, *callback_args, **callback_kwargs)
  File "C:\Users\kate\PycharmProjects\member-management\management\views.py", line 4508, in one_ring
    individual_oot_status = int(request.POST.get('individual-oot'))
TypeError: int() argument must be a string, a bytes-like object or a number, not 'NoneType'
"POST /one-ring/43/ HTTP/1.1" 500 73620
Internal Server Error: /one-ring/43/
Traceback (most recent call last):
  File "C:\Users\kate\PycharmProjects\member-management\venv\lib\site-packages\django\core\handlers\exception.py", line 55, in inner
    response = get_response(request)
  File "C:\Users\kate\PycharmProjects\member-management\venv\lib\site-packages\django\core\handlers\base.py", line 197, in _get_response
    response = wrapped_callback(request, *callback_args, **callback_kwargs)
  File "C:\Users\kate\PycharmProjects\member-management\management\views.py", line 4508, in one_ring
    individual_oot_status = int(request.POST.get('individual-oot'))
TypeError: int() argument must be a string, a bytes-like object or a number, not 'NoneType'
"POST /one-ring/43/ HTTP/1.1" 500 73622
C:\Users\kate\PycharmProjects\member-management\management\views.py changed, reloading.
Watching for file changes with StatReloader
Internal Server Error: /one-ring/43/
Traceback (most recent call last):
  File "C:\Users\kate\PycharmProjects\member-management\venv\lib\site-packages\django\core\handlers\exception.py", line 55, in inner
    response = get_response(request)
  File "C:\Users\kate\PycharmProjects\member-management\venv\lib\site-packages\django\core\handlers\base.py", line 197, in _get_response
    response = wrapped_callback(request, *callback_args, **callback_kwargs)
  File "C:\Users\kate\PycharmProjects\member-management\management\views.py", line 4508, in one_ring
    individual_leader_bool = int(request.POST.get('individual-leader-status'))
TypeError: int() argument must be a string, a bytes-like object or a number, not 'NoneType'
"POST /one-ring/43/ HTTP/1.1" 500 73633
C:\Users\kate\PycharmProjects\member-management\management\views.py changed, reloading.
Watching for file changes with StatReloader
Internal Server Error: /one-ring/43/
Traceback (most recent call last):
  File "C:\Users\kate\PycharmProjects\member-management\venv\lib\site-packages\django\core\handlers\exception.py", line 55, in inner
    response = get_response(request)
  File "C:\Users\kate\PycharmProjects\member-management\venv\lib\site-packages\django\core\handlers\base.py", line 197, in _get_response
    response = wrapped_callback(request, *callback_args, **callback_kwargs)
  File "C:\Users\kate\PycharmProjects\member-management\management\views.py", line 4508, in one_ring
    individual_leader_bool = int(request.POST.get('individual-leader-status'))
TypeError: int() argument must be a string, a bytes-like object or a number, not 'NoneType'
"POST /one-ring/43/ HTTP/1.1" 500 73633
C:\Users\kate\PycharmProjects\member-management\management\views.py changed, reloading.
Watching for file changes with StatReloader
Internal Server Error: /one-ring/43/
Traceback (most recent call last):
  File "C:\Users\kate\PycharmProjects\member-management\venv\lib\site-packages\django\core\handlers\exception.py", line 55, in inner
    response = get_response(request)
  File "C:\Users\kate\PycharmProjects\member-management\venv\lib\site-packages\django\core\handlers\base.py", line 197, in _get_response
    response = wrapped_callback(request, *callback_args, **callback_kwargs)
  File "C:\Users\kate\PycharmProjects\member-management\management\views.py", line 4513, in one_ring
    individual_birthday = datetime.strptime(individual_birthday_str, '%Y-%m-%d')
TypeError: strptime() argument 1 must be str, not None
"POST /one-ring/43/ HTTP/1.1" 500 74109
C:\Users\kate\PycharmProjects\member-management\management\views.py changed, reloading.
Watching for file changes with StatReloader
Internal Server Error: /one-ring/43/
Traceback (most recent call last):
  File "C:\Users\kate\PycharmProjects\member-management\venv\lib\site-packages\django\core\handlers\exception.py", line 55, in inner
    response = get_response(request)
  File "C:\Users\kate\PycharmProjects\member-management\venv\lib\site-packages\django\core\handlers\base.py", line 197, in _get_response
    response = wrapped_callback(request, *callback_args, **callback_kwargs)
  File "C:\Users\kate\PycharmProjects\member-management\management\views.py", line 4513, in one_ring
    individual_birthday = datetime.strptime(individual_birthday_str, '%Y-%m-%d')
TypeError: strptime() argument 1 must be str, not None
"POST /one-ring/43/ HTTP/1.1" 500 74108
Internal Server Error: /one-ring/43/
Traceback (most recent call last):
  File "C:\Users\kate\PycharmProjects\member-management\venv\lib\site-packages\django\core\handlers\exception.py", line 55, in inner
    response = get_response(request)
  File "C:\Users\kate\PycharmProjects\member-management\venv\lib\site-packages\django\core\handlers\base.py", line 197, in _get_response
    response = wrapped_callback(request, *callback_args, **callback_kwargs)
  File "C:\Users\kate\PycharmProjects\member-management\management\views.py", line 4513, in one_ring
    individual_birthday = datetime.strptime(individual_birthday_str, '%Y-%m-%d')
TypeError: strptime() argument 1 must be str, not None
"POST /one-ring/43/ HTTP/1.1" 500 74108
C:\Users\kate\PycharmProjects\member-management\management\views.py changed, reloading.
Watching for file changes with StatReloader
Internal Server Error: /one-ring/43/
Traceback (most recent call last):
  File "C:\Users\kate\PycharmProjects\member-management\venv\lib\site-packages\django\core\handlers\exception.py", line 55, in inner
    response = get_response(request)
  File "C:\Users\kate\PycharmProjects\member-management\venv\lib\site-packages\django\core\handlers\base.py", line 197, in _get_response
    response = wrapped_callback(request, *callback_args, **callback_kwargs)
  File "C:\Users\kate\PycharmProjects\member-management\management\views.py", line 4524, in one_ring
    age = int((timezone.now().date() - individual_birthday) / 365.25)
TypeError: unsupported operand type(s) for -: 'datetime.date' and 'datetime.datetime'
"POST /one-ring/43/ HTTP/1.1" 500 73498
C:\Users\kate\PycharmProjects\member-management\management\views.py changed, reloading.
Watching for file changes with StatReloader
C:\Users\kate\PycharmProjects\member-management\management\views.py changed, reloading.
Watching for file changes with StatReloader
Internal Server Error: /one-ring/43/
Traceback (most recent call last):
  File "C:\Users\kate\PycharmProjects\member-management\venv\lib\site-packages\django\core\handlers\exception.py", line 55, in inner
    response = get_response(request)
  File "C:\Users\kate\PycharmProjects\member-management\venv\lib\site-packages\django\core\handlers\base.py", line 197, in _get_response
    response = wrapped_callback(request, *callback_args, **callback_kwargs)
  File "C:\Users\kate\PycharmProjects\member-management\management\views.py", line 4525, in one_ring
    age = int((timezone.now().date() - individual_birthday) / 365.25)
TypeError: int() argument must be a string, a bytes-like object or a number, not 'datetime.timedelta'
"POST /one-ring/43/ HTTP/1.1" 500 73512
C:\Users\kate\PycharmProjects\member-management\management\views.py changed, reloading.
Watching for file changes with StatReloader
Internal Server Error: /one-ring/43/
Traceback (most recent call last):
  File "C:\Users\kate\PycharmProjects\member-management\venv\lib\site-packages\django\db\models\fields\__init__.py", line 2053, in get_prep_value
    return int(value)
ValueError: invalid literal for int() with base 10: ''

The above exception was the direct cause of the following exception:

Traceback (most recent call last):
  File "C:\Users\kate\PycharmProjects\member-management\venv\lib\site-packages\django\core\handlers\exception.py", line 55, in inner
    response = get_response(request)
  File "C:\Users\kate\PycharmProjects\member-management\venv\lib\site-packages\django\core\handlers\base.py", line 197, in _get_response
    response = wrapped_callback(request, *callback_args, **callback_kwargs)
  File "C:\Users\kate\PycharmProjects\member-management\management\views.py", line 4527, in one_ring
    brgy = Barangay.objects.get(id=individual_brgy)
  File "C:\Users\kate\PycharmProjects\member-management\venv\lib\site-packages\django\db\models\manager.py", line 87, in manager_method
    return getattr(self.get_queryset(), name)(*args, **kwargs)
  File "C:\Users\kate\PycharmProjects\member-management\venv\lib\site-packages\django\db\models\query.py", line 623, in get
    clone = self._chain() if self.query.combinator else self.filter(*args, **kwargs)
  File "C:\Users\kate\PycharmProjects\member-management\venv\lib\site-packages\django\db\models\query.py", line 1436, in filter
    return self._filter_or_exclude(False, args, kwargs)
  File "C:\Users\kate\PycharmProjects\member-management\venv\lib\site-packages\django\db\models\query.py", line 1454, in _filter_or_exclude
    clone._filter_or_exclude_inplace(negate, args, kwargs)
  File "C:\Users\kate\PycharmProjects\member-management\venv\lib\site-packages\django\db\models\query.py", line 1461, in _filter_or_exclude_inplace
    self._query.add_q(Q(*args, **kwargs))
  File "C:\Users\kate\PycharmProjects\member-management\venv\lib\site-packages\django\db\models\sql\query.py", line 1546, in add_q
    clause, _ = self._add_q(q_object, self.used_aliases)
  File "C:\Users\kate\PycharmProjects\member-management\venv\lib\site-packages\django\db\models\sql\query.py", line 1577, in _add_q
    child_clause, needed_inner = self.build_filter(
  File "C:\Users\kate\PycharmProjects\member-management\venv\lib\site-packages\django\db\models\sql\query.py", line 1492, in build_filter
    condition = self.build_lookup(lookups, col, value)
  File "C:\Users\kate\PycharmProjects\member-management\venv\lib\site-packages\django\db\models\sql\query.py", line 1319, in build_lookup
    lookup = lookup_class(lhs, rhs)
  File "C:\Users\kate\PycharmProjects\member-management\venv\lib\site-packages\django\db\models\lookups.py", line 27, in __init__
    self.rhs = self.get_prep_lookup()
  File "C:\Users\kate\PycharmProjects\member-management\venv\lib\site-packages\django\db\models\lookups.py", line 341, in get_prep_lookup
    return super().get_prep_lookup()
  File "C:\Users\kate\PycharmProjects\member-management\venv\lib\site-packages\django\db\models\lookups.py", line 85, in get_prep_lookup
    return self.lhs.output_field.get_prep_value(self.rhs)
  File "C:\Users\kate\PycharmProjects\member-management\venv\lib\site-packages\django\db\models\fields\__init__.py", line 2055, in get_prep_value
    raise e.__class__(
ValueError: Field 'id' expected a number but got ''.
"POST /one-ring/43/ HTTP/1.1" 500 140889
Internal Server Error: /one-ring/43/
Traceback (most recent call last):
  File "C:\Users\kate\PycharmProjects\member-management\venv\lib\site-packages\django\core\handlers\exception.py", line 55, in inner
    response = get_response(request)
  File "C:\Users\kate\PycharmProjects\member-management\venv\lib\site-packages\django\core\handlers\base.py", line 197, in _get_response
    response = wrapped_callback(request, *callback_args, **callback_kwargs)
  File "C:\Users\kate\PycharmProjects\member-management\management\views.py", line 4556, in one_ring
    lat=float(individual_latitude),
ValueError: could not convert string to float: ''
"POST /one-ring/43/ HTTP/1.1" 500 74554
C:\Users\kate\PycharmProjects\member-management\management\views.py changed, reloading.
Watching for file changes with StatReloader
Internal Server Error: /one-ring/43/
Traceback (most recent call last):
  File "C:\Users\kate\PycharmProjects\member-management\venv\lib\site-packages\django\core\handlers\exception.py", line 55, in inner
    response = get_response(request)
  File "C:\Users\kate\PycharmProjects\member-management\venv\lib\site-packages\django\core\handlers\base.py", line 197, in _get_response
    response = wrapped_callback(request, *callback_args, **callback_kwargs)
  File "C:\Users\kate\PycharmProjects\member-management\management\views.py", line 4526, in one_ring
    print(int(age))
TypeError: int() argument must be a string, a bytes-like object or a number, not 'datetime.timedelta'
"POST /one-ring/43/ HTTP/1.1" 500 73822
C:\Users\kate\PycharmProjects\member-management\management\views.py changed, reloading.
Watching for file changes with StatReloader
Internal Server Error: /one-ring/43/
Traceback (most recent call last):
  File "C:\Users\kate\PycharmProjects\member-management\venv\lib\site-packages\django\core\handlers\exception.py", line 55, in inner
    response = get_response(request)
  File "C:\Users\kate\PycharmProjects\member-management\venv\lib\site-packages\django\core\handlers\base.py", line 197, in _get_response
    response = wrapped_callback(request, *callback_args, **callback_kwargs)
  File "C:\Users\kate\PycharmProjects\member-management\management\views.py", line 4527, in one_ring
    print(int(der_age))
ValueError: invalid literal for int() with base 10: '48 days, 14:35:14.168378'
"POST /one-ring/43/ HTTP/1.1" 500 73893
C:\Users\kate\PycharmProjects\member-management\management\views.py changed, reloading.
Watching for file changes with StatReloader
C:\Users\kate\PycharmProjects\member-management\management\views.py changed, reloading.
Watching for file changes with StatReloader
C:\Users\kate\PycharmProjects\member-management\management\views.py changed, reloading.
Watching for file changes with StatReloader
Internal Server Error: /one-ring/43/
Traceback (most recent call last):
  File "C:\Users\kate\PycharmProjects\member-management\venv\lib\site-packages\django\core\handlers\exception.py", line 55, in inner
    response = get_response(request)
  File "C:\Users\kate\PycharmProjects\member-management\venv\lib\site-packages\django\core\handlers\base.py", line 197, in _get_response
    response = wrapped_callback(request, *callback_args, **callback_kwargs)
  File "C:\Users\kate\PycharmProjects\member-management\management\views.py", line 4542, in one_ring
    individual_created, created = Individual.objects.get_or_create(
  File "C:\Users\kate\PycharmProjects\member-management\venv\lib\site-packages\django\db\models\manager.py", line 87, in manager_method
    return getattr(self.get_queryset(), name)(*args, **kwargs)
  File "C:\Users\kate\PycharmProjects\member-management\venv\lib\site-packages\django\db\models\query.py", line 916, in get_or_create
    return self.get(**kwargs), False
  File "C:\Users\kate\PycharmProjects\member-management\venv\lib\site-packages\django\db\models\query.py", line 623, in get
    clone = self._chain() if self.query.combinator else self.filter(*args, **kwargs)
  File "C:\Users\kate\PycharmProjects\member-management\venv\lib\site-packages\django\db\models\query.py", line 1436, in filter
    return self._filter_or_exclude(False, args, kwargs)
  File "C:\Users\kate\PycharmProjects\member-management\venv\lib\site-packages\django\db\models\query.py", line 1454, in _filter_or_exclude
    clone._filter_or_exclude_inplace(negate, args, kwargs)
  File "C:\Users\kate\PycharmProjects\member-management\venv\lib\site-packages\django\db\models\query.py", line 1461, in _filter_or_exclude_inplace
    self._query.add_q(Q(*args, **kwargs))
  File "C:\Users\kate\PycharmProjects\member-management\venv\lib\site-packages\django\db\models\sql\query.py", line 1546, in add_q
    clause, _ = self._add_q(q_object, self.used_aliases)
  File "C:\Users\kate\PycharmProjects\member-management\venv\lib\site-packages\django\db\models\sql\query.py", line 1577, in _add_q
    child_clause, needed_inner = self.build_filter(
  File "C:\Users\kate\PycharmProjects\member-management\venv\lib\site-packages\django\db\models\sql\query.py", line 1427, in build_filter
    lookups, parts, reffed_expression = self.solve_lookup_type(arg, summarize)
  File "C:\Users\kate\PycharmProjects\member-management\venv\lib\site-packages\django\db\models\sql\query.py", line 1237, in solve_lookup_type
    _, field, _, lookup_parts = self.names_to_path(lookup_splitted, self.get_meta())
  File "C:\Users\kate\PycharmProjects\member-management\venv\lib\site-packages\django\db\models\sql\query.py", line 1725, in names_to_path
    raise FieldError(
django.core.exceptions.FieldError: Cannot resolve keyword 'is_cockraoch' into field. Choices are: age, ambiguous_voters, barangayfigures, birthday, brgy, brgy_id, captain_barangay, date_registered, gender, gender_id, group, house_image, id, image, individual_leader, individual_leader_members, individualoffspring, individualparents, individuals_offspring, individuals_parent, individuals_sibling, individuals_spouse, individualsiblings, individualspouse, is_cockroach, is_deceased, is_father, is_leader, is_oot, is_parent, is_swing_voter, last_name, lat, long, middle_name, mobile, name, occupation, occupation_id, officials_barangay, religion, religion_id, sitio, sitio_id, suffix, user, user_id
"POST /one-ring/43/ HTTP/1.1" 500 141152
C:\Users\kate\PycharmProjects\member-management\management\views.py changed, reloading.
Watching for file changes with StatReloader
Internal Server Error: /one-ring/43/
Traceback (most recent call last):
  File "C:\Users\kate\PycharmProjects\member-management\venv\lib\site-packages\django\db\models\fields\__init__.py", line 1957, in get_prep_value
    return float(value)
ValueError: could not convert string to float: ''

The above exception was the direct cause of the following exception:

Traceback (most recent call last):
  File "C:\Users\kate\PycharmProjects\member-management\venv\lib\site-packages\django\core\handlers\exception.py", line 55, in inner
    response = get_response(request)
  File "C:\Users\kate\PycharmProjects\member-management\venv\lib\site-packages\django\core\handlers\base.py", line 197, in _get_response
    response = wrapped_callback(request, *callback_args, **callback_kwargs)
  File "C:\Users\kate\PycharmProjects\member-management\management\views.py", line 4542, in one_ring
    individual_created, created = Individual.objects.get_or_create(
  File "C:\Users\kate\PycharmProjects\member-management\venv\lib\site-packages\django\db\models\manager.py", line 87, in manager_method
    return getattr(self.get_queryset(), name)(*args, **kwargs)
  File "C:\Users\kate\PycharmProjects\member-management\venv\lib\site-packages\django\db\models\query.py", line 916, in get_or_create
    return self.get(**kwargs), False
  File "C:\Users\kate\PycharmProjects\member-management\venv\lib\site-packages\django\db\models\query.py", line 623, in get
    clone = self._chain() if self.query.combinator else self.filter(*args, **kwargs)
  File "C:\Users\kate\PycharmProjects\member-management\venv\lib\site-packages\django\db\models\query.py", line 1436, in filter
    return self._filter_or_exclude(False, args, kwargs)
  File "C:\Users\kate\PycharmProjects\member-management\venv\lib\site-packages\django\db\models\query.py", line 1454, in _filter_or_exclude
    clone._filter_or_exclude_inplace(negate, args, kwargs)
  File "C:\Users\kate\PycharmProjects\member-management\venv\lib\site-packages\django\db\models\query.py", line 1461, in _filter_or_exclude_inplace
    self._query.add_q(Q(*args, **kwargs))
  File "C:\Users\kate\PycharmProjects\member-management\venv\lib\site-packages\django\db\models\sql\query.py", line 1546, in add_q
    clause, _ = self._add_q(q_object, self.used_aliases)
  File "C:\Users\kate\PycharmProjects\member-management\venv\lib\site-packages\django\db\models\sql\query.py", line 1577, in _add_q
    child_clause, needed_inner = self.build_filter(
  File "C:\Users\kate\PycharmProjects\member-management\venv\lib\site-packages\django\db\models\sql\query.py", line 1492, in build_filter
    condition = self.build_lookup(lookups, col, value)
  File "C:\Users\kate\PycharmProjects\member-management\venv\lib\site-packages\django\db\models\sql\query.py", line 1319, in build_lookup
    lookup = lookup_class(lhs, rhs)
  File "C:\Users\kate\PycharmProjects\member-management\venv\lib\site-packages\django\db\models\lookups.py", line 27, in __init__
    self.rhs = self.get_prep_lookup()
  File "C:\Users\kate\PycharmProjects\member-management\venv\lib\site-packages\django\db\models\lookups.py", line 341, in get_prep_lookup
    return super().get_prep_lookup()
  File "C:\Users\kate\PycharmProjects\member-management\venv\lib\site-packages\django\db\models\lookups.py", line 85, in get_prep_lookup
    return self.lhs.output_field.get_prep_value(self.rhs)
  File "C:\Users\kate\PycharmProjects\member-management\venv\lib\site-packages\django\db\models\fields\__init__.py", line 1959, in get_prep_value
    raise e.__class__(
ValueError: Field 'lat' expected a number but got ''.
"POST /one-ring/43/ HTTP/1.1" 500 155256
Internal Server Error: /one-ring/43/
Traceback (most recent call last):
  File "C:\Users\kate\PycharmProjects\member-management\venv\lib\site-packages\django\core\handlers\exception.py", line 55, in inner
    response = get_response(request)
  File "C:\Users\kate\PycharmProjects\member-management\venv\lib\site-packages\django\core\handlers\base.py", line 197, in _get_response
    response = wrapped_callback(request, *callback_args, **callback_kwargs)
  File "C:\Users\kate\PycharmProjects\member-management\management\views.py", line 4580, in one_ring
    individual_father_created.children.add(individual)
AttributeError: 'tuple' object has no attribute 'children'
"POST /one-ring/43/ HTTP/1.1" 500 75227
C:\Users\kate\PycharmProjects\member-management\management\admin.py changed, reloading.
Watching for file changes with StatReloader
C:\Users\kate\PycharmProjects\member-management\management\views.py changed, reloading.
Watching for file changes with StatReloader
C:\Users\kate\PycharmProjects\member-management\management\views.py changed, reloading.
Watching for file changes with StatReloader
C:\Users\kate\PycharmProjects\member-management\management\admin.py changed, reloading.
Watching for file changes with StatReloader
Internal Server Error: /one-ring/43/
Traceback (most recent call last):
  File "C:\Users\kate\PycharmProjects\member-management\venv\lib\site-packages\django\db\models\fields\__init__.py", line 2053, in get_prep_value
    return int(value)
ValueError: invalid literal for int() with base 10: ''

The above exception was the direct cause of the following exception:

Traceback (most recent call last):
  File "C:\Users\kate\PycharmProjects\member-management\venv\lib\site-packages\django\core\handlers\exception.py", line 55, in inner
    response = get_response(request)
  File "C:\Users\kate\PycharmProjects\member-management\venv\lib\site-packages\django\core\handlers\base.py", line 197, in _get_response
    response = wrapped_callback(request, *callback_args, **callback_kwargs)
  File "C:\Users\kate\PycharmProjects\member-management\management\views.py", line 4527, in one_ring
    brgy = Barangay.objects.get(id=individual_brgy)
  File "C:\Users\kate\PycharmProjects\member-management\venv\lib\site-packages\django\db\models\manager.py", line 87, in manager_method
    return getattr(self.get_queryset(), name)(*args, **kwargs)
  File "C:\Users\kate\PycharmProjects\member-management\venv\lib\site-packages\django\db\models\query.py", line 623, in get
    clone = self._chain() if self.query.combinator else self.filter(*args, **kwargs)
  File "C:\Users\kate\PycharmProjects\member-management\venv\lib\site-packages\django\db\models\query.py", line 1436, in filter
    return self._filter_or_exclude(False, args, kwargs)
  File "C:\Users\kate\PycharmProjects\member-management\venv\lib\site-packages\django\db\models\query.py", line 1454, in _filter_or_exclude
    clone._filter_or_exclude_inplace(negate, args, kwargs)
  File "C:\Users\kate\PycharmProjects\member-management\venv\lib\site-packages\django\db\models\query.py", line 1461, in _filter_or_exclude_inplace
    self._query.add_q(Q(*args, **kwargs))
  File "C:\Users\kate\PycharmProjects\member-management\venv\lib\site-packages\django\db\models\sql\query.py", line 1546, in add_q
    clause, _ = self._add_q(q_object, self.used_aliases)
  File "C:\Users\kate\PycharmProjects\member-management\venv\lib\site-packages\django\db\models\sql\query.py", line 1577, in _add_q
    child_clause, needed_inner = self.build_filter(
  File "C:\Users\kate\PycharmProjects\member-management\venv\lib\site-packages\django\db\models\sql\query.py", line 1492, in build_filter
    condition = self.build_lookup(lookups, col, value)
  File "C:\Users\kate\PycharmProjects\member-management\venv\lib\site-packages\django\db\models\sql\query.py", line 1319, in build_lookup
    lookup = lookup_class(lhs, rhs)
  File "C:\Users\kate\PycharmProjects\member-management\venv\lib\site-packages\django\db\models\lookups.py", line 27, in __init__
    self.rhs = self.get_prep_lookup()
  File "C:\Users\kate\PycharmProjects\member-management\venv\lib\site-packages\django\db\models\lookups.py", line 341, in get_prep_lookup
    return super().get_prep_lookup()
  File "C:\Users\kate\PycharmProjects\member-management\venv\lib\site-packages\django\db\models\lookups.py", line 85, in get_prep_lookup
    return self.lhs.output_field.get_prep_value(self.rhs)
  File "C:\Users\kate\PycharmProjects\member-management\venv\lib\site-packages\django\db\models\fields\__init__.py", line 2055, in get_prep_value
    raise e.__class__(
ValueError: Field 'id' expected a number but got ''.
"POST /one-ring/43/ HTTP/1.1" 500 140836
C:\Users\kate\PycharmProjects\member-management\management\views.py changed, reloading.
Watching for file changes with StatReloader
Internal Server Error: /one-ring/43/
Traceback (most recent call last):
  File "C:\Users\kate\PycharmProjects\member-management\venv\lib\site-packages\django\core\handlers\exception.py", line 55, in inner
    response = get_response(request)
  File "C:\Users\kate\PycharmProjects\member-management\venv\lib\site-packages\django\core\handlers\base.py", line 197, in _get_response
    response = wrapped_callback(request, *callback_args, **callback_kwargs)
  File "C:\Users\kate\PycharmProjects\member-management\management\views.py", line 4514, in one_ring
    individual_birthday = datetime.strptime(individual_birthday_str, '%Y-%m-%d').date()
TypeError: strptime() argument 1 must be str, not None
"POST /one-ring/43/ HTTP/1.1" 500 74043
Internal Server Error: /one-ring/43/
Traceback (most recent call last):
  File "C:\Users\kate\PycharmProjects\member-management\venv\lib\site-packages\django\core\handlers\exception.py", line 55, in inner
    response = get_response(request)
  File "C:\Users\kate\PycharmProjects\member-management\venv\lib\site-packages\django\core\handlers\base.py", line 197, in _get_response
    response = wrapped_callback(request, *callback_args, **callback_kwargs)
  File "C:\Users\kate\PycharmProjects\member-management\management\views.py", line 4514, in one_ring
    individual_birthday = datetime.strptime(individual_birthday_str, '%Y-%m-%d').date()
TypeError: strptime() argument 1 must be str, not None
"POST /one-ring/43/ HTTP/1.1" 500 74043
Internal Server Error: /one-ring/43/
Traceback (most recent call last):
  File "C:\Users\kate\PycharmProjects\member-management\venv\lib\site-packages\django\db\models\fields\__init__.py", line 2053, in get_prep_value
    return int(value)
ValueError: invalid literal for int() with base 10: ''

The above exception was the direct cause of the following exception:

Traceback (most recent call last):
  File "C:\Users\kate\PycharmProjects\member-management\venv\lib\site-packages\django\core\handlers\exception.py", line 55, in inner
    response = get_response(request)
  File "C:\Users\kate\PycharmProjects\member-management\venv\lib\site-packages\django\core\handlers\base.py", line 197, in _get_response
    response = wrapped_callback(request, *callback_args, **callback_kwargs)
  File "C:\Users\kate\PycharmProjects\member-management\management\views.py", line 4527, in one_ring
    brgy = Barangay.objects.get(id=individual_brgy)
  File "C:\Users\kate\PycharmProjects\member-management\venv\lib\site-packages\django\db\models\manager.py", line 87, in manager_method
    return getattr(self.get_queryset(), name)(*args, **kwargs)
  File "C:\Users\kate\PycharmProjects\member-management\venv\lib\site-packages\django\db\models\query.py", line 623, in get
    clone = self._chain() if self.query.combinator else self.filter(*args, **kwargs)
  File "C:\Users\kate\PycharmProjects\member-management\venv\lib\site-packages\django\db\models\query.py", line 1436, in filter
    return self._filter_or_exclude(False, args, kwargs)
  File "C:\Users\kate\PycharmProjects\member-management\venv\lib\site-packages\django\db\models\query.py", line 1454, in _filter_or_exclude
    clone._filter_or_exclude_inplace(negate, args, kwargs)
  File "C:\Users\kate\PycharmProjects\member-management\venv\lib\site-packages\django\db\models\query.py", line 1461, in _filter_or_exclude_inplace
    self._query.add_q(Q(*args, **kwargs))
  File "C:\Users\kate\PycharmProjects\member-management\venv\lib\site-packages\django\db\models\sql\query.py", line 1546, in add_q
    clause, _ = self._add_q(q_object, self.used_aliases)
  File "C:\Users\kate\PycharmProjects\member-management\venv\lib\site-packages\django\db\models\sql\query.py", line 1577, in _add_q
    child_clause, needed_inner = self.build_filter(
  File "C:\Users\kate\PycharmProjects\member-management\venv\lib\site-packages\django\db\models\sql\query.py", line 1492, in build_filter
    condition = self.build_lookup(lookups, col, value)
  File "C:\Users\kate\PycharmProjects\member-management\venv\lib\site-packages\django\db\models\sql\query.py", line 1319, in build_lookup
    lookup = lookup_class(lhs, rhs)
  File "C:\Users\kate\PycharmProjects\member-management\venv\lib\site-packages\django\db\models\lookups.py", line 27, in __init__
    self.rhs = self.get_prep_lookup()
  File "C:\Users\kate\PycharmProjects\member-management\venv\lib\site-packages\django\db\models\lookups.py", line 341, in get_prep_lookup
    return super().get_prep_lookup()
  File "C:\Users\kate\PycharmProjects\member-management\venv\lib\site-packages\django\db\models\lookups.py", line 85, in get_prep_lookup
    return self.lhs.output_field.get_prep_value(self.rhs)
  File "C:\Users\kate\PycharmProjects\member-management\venv\lib\site-packages\django\db\models\fields\__init__.py", line 2055, in get_prep_value
    raise e.__class__(
ValueError: Field 'id' expected a number but got ''.
"POST /one-ring/43/ HTTP/1.1" 500 140822
C:\Users\kate\PycharmProjects\member-management\management\views.py changed, reloading.
Watching for file changes with StatReloader
C:\Users\kate\PycharmProjects\member-management\management\urls.py changed, reloading.
Watching for file changes with StatReloader
C:\Users\kate\PycharmProjects\member-management\management\admin.py changed, reloading.
Watching for file changes with StatReloader
C:\Users\kate\PycharmProjects\member-management\management\admin.py changed, reloading.
Watching for file changes with StatReloader
Internal Server Error: /individual-family-conf/43/
Traceback (most recent call last):
  File "C:\Users\kate\PycharmProjects\member-management\venv\lib\site-packages\django\core\handlers\exception.py", line 55, in inner
    response = get_response(request)
  File "C:\Users\kate\PycharmProjects\member-management\venv\lib\site-packages\django\core\handlers\base.py", line 197, in _get_response
    response = wrapped_callback(request, *callback_args, **callback_kwargs)
  File "C:\Users\kate\PycharmProjects\member-management\management\views.py", line 4006, in individual_family_input
    return render(request, 'individual_family_conf.html', {
  File "C:\Users\kate\PycharmProjects\member-management\venv\lib\site-packages\django\shortcuts.py", line 24, in render
    content = loader.render_to_string(template_name, context, request, using=using)
  File "C:\Users\kate\PycharmProjects\member-management\venv\lib\site-packages\django\template\loader.py", line 61, in render_to_string
    template = get_template(template_name, using=using)
  File "C:\Users\kate\PycharmProjects\member-management\venv\lib\site-packages\django\template\loader.py", line 15, in get_template
    return engine.get_template(template_name)
  File "C:\Users\kate\PycharmProjects\member-management\venv\lib\site-packages\django\template\backends\django.py", line 33, in get_template
    return Template(self.engine.get_template(template_name), self)
  File "C:\Users\kate\PycharmProjects\member-management\venv\lib\site-packages\django\template\engine.py", line 175, in get_template
    template, origin = self.find_template(template_name)
  File "C:\Users\kate\PycharmProjects\member-management\venv\lib\site-packages\django\template\engine.py", line 157, in find_template
    template = loader.get_template(name, skip=skip)
  File "C:\Users\kate\PycharmProjects\member-management\venv\lib\site-packages\django\template\loaders\cached.py", line 57, in get_template
    template = super().get_template(template_name, skip)
  File "C:\Users\kate\PycharmProjects\member-management\venv\lib\site-packages\django\template\loaders\base.py", line 28, in get_template
    return Template(
  File "C:\Users\kate\PycharmProjects\member-management\venv\lib\site-packages\django\template\base.py", line 154, in __init__
    self.nodelist = self.compile_nodelist()
  File "C:\Users\kate\PycharmProjects\member-management\venv\lib\site-packages\django\template\base.py", line 200, in compile_nodelist
    return parser.parse()
  File "C:\Users\kate\PycharmProjects\member-management\venv\lib\site-packages\django\template\base.py", line 513, in parse
    raise self.error(token, e)
  File "C:\Users\kate\PycharmProjects\member-management\venv\lib\site-packages\django\template\base.py", line 511, in parse
    compiled_result = compile_func(self, token)
  File "C:\Users\kate\PycharmProjects\member-management\venv\lib\site-packages\django\template\loader_tags.py", line 293, in do_extends
    nodelist = parser.parse()
  File "C:\Users\kate\PycharmProjects\member-management\venv\lib\site-packages\django\template\base.py", line 513, in parse
    raise self.error(token, e)
  File "C:\Users\kate\PycharmProjects\member-management\venv\lib\site-packages\django\template\base.py", line 511, in parse
    compiled_result = compile_func(self, token)
  File "C:\Users\kate\PycharmProjects\member-management\venv\lib\site-packages\django\template\loader_tags.py", line 232, in do_block
    nodelist = parser.parse(("endblock",))
  File "C:\Users\kate\PycharmProjects\member-management\venv\lib\site-packages\django\template\base.py", line 513, in parse
    raise self.error(token, e)
  File "C:\Users\kate\PycharmProjects\member-management\venv\lib\site-packages\django\template\base.py", line 511, in parse
    compiled_result = compile_func(self, token)
  File "C:\Users\kate\PycharmProjects\member-management\venv\lib\site-packages\django\template\defaulttags.py", line 853, in do_for
    nodelist_loop = parser.parse(
  File "C:\Users\kate\PycharmProjects\member-management\venv\lib\site-packages\django\template\base.py", line 513, in parse
    raise self.error(token, e)
  File "C:\Users\kate\PycharmProjects\member-management\venv\lib\site-packages\django\template\base.py", line 511, in parse
    compiled_result = compile_func(self, token)
  File "C:\Users\kate\PycharmProjects\member-management\venv\lib\site-packages\django\template\defaulttags.py", line 952, in do_if
    condition = TemplateIfParser(parser, bits).parse()
  File "C:\Users\kate\PycharmProjects\member-management\venv\lib\site-packages\django\template\smartif.py", line 197, in parse
    raise self.error_class(
django.template.exceptions.TemplateSyntaxError: Unused 'exist' at end of if expression.
"GET /individual-family-conf/43/ HTTP/1.1" 500 233524
Internal Server Error: /individual-family-conf/43/
Traceback (most recent call last):
  File "C:\Users\kate\PycharmProjects\member-management\venv\lib\site-packages\django\core\handlers\exception.py", line 55, in inner
    response = get_response(request)
  File "C:\Users\kate\PycharmProjects\member-management\venv\lib\site-packages\django\core\handlers\base.py", line 197, in _get_response
    response = wrapped_callback(request, *callback_args, **callback_kwargs)
  File "C:\Users\kate\PycharmProjects\member-management\management\views.py", line 4006, in individual_family_input
    return render(request, 'individual_family_conf.html', {
  File "C:\Users\kate\PycharmProjects\member-management\venv\lib\site-packages\django\shortcuts.py", line 24, in render
    content = loader.render_to_string(template_name, context, request, using=using)
  File "C:\Users\kate\PycharmProjects\member-management\venv\lib\site-packages\django\template\loader.py", line 61, in render_to_string
    template = get_template(template_name, using=using)
  File "C:\Users\kate\PycharmProjects\member-management\venv\lib\site-packages\django\template\loader.py", line 15, in get_template
    return engine.get_template(template_name)
  File "C:\Users\kate\PycharmProjects\member-management\venv\lib\site-packages\django\template\backends\django.py", line 33, in get_template
    return Template(self.engine.get_template(template_name), self)
  File "C:\Users\kate\PycharmProjects\member-management\venv\lib\site-packages\django\template\engine.py", line 175, in get_template
    template, origin = self.find_template(template_name)
  File "C:\Users\kate\PycharmProjects\member-management\venv\lib\site-packages\django\template\engine.py", line 157, in find_template
    template = loader.get_template(name, skip=skip)
  File "C:\Users\kate\PycharmProjects\member-management\venv\lib\site-packages\django\template\loaders\cached.py", line 57, in get_template
    template = super().get_template(template_name, skip)
  File "C:\Users\kate\PycharmProjects\member-management\venv\lib\site-packages\django\template\loaders\base.py", line 28, in get_template
    return Template(
  File "C:\Users\kate\PycharmProjects\member-management\venv\lib\site-packages\django\template\base.py", line 154, in __init__
    self.nodelist = self.compile_nodelist()
  File "C:\Users\kate\PycharmProjects\member-management\venv\lib\site-packages\django\template\base.py", line 200, in compile_nodelist
    return parser.parse()
  File "C:\Users\kate\PycharmProjects\member-management\venv\lib\site-packages\django\template\base.py", line 513, in parse
    raise self.error(token, e)
  File "C:\Users\kate\PycharmProjects\member-management\venv\lib\site-packages\django\template\base.py", line 511, in parse
    compiled_result = compile_func(self, token)
  File "C:\Users\kate\PycharmProjects\member-management\venv\lib\site-packages\django\template\loader_tags.py", line 293, in do_extends
    nodelist = parser.parse()
  File "C:\Users\kate\PycharmProjects\member-management\venv\lib\site-packages\django\template\base.py", line 513, in parse
    raise self.error(token, e)
  File "C:\Users\kate\PycharmProjects\member-management\venv\lib\site-packages\django\template\base.py", line 511, in parse
    compiled_result = compile_func(self, token)
  File "C:\Users\kate\PycharmProjects\member-management\venv\lib\site-packages\django\template\loader_tags.py", line 232, in do_block
    nodelist = parser.parse(("endblock",))
  File "C:\Users\kate\PycharmProjects\member-management\venv\lib\site-packages\django\template\base.py", line 513, in parse
    raise self.error(token, e)
  File "C:\Users\kate\PycharmProjects\member-management\venv\lib\site-packages\django\template\base.py", line 511, in parse
    compiled_result = compile_func(self, token)
  File "C:\Users\kate\PycharmProjects\member-management\venv\lib\site-packages\django\template\defaulttags.py", line 853, in do_for
    nodelist_loop = parser.parse(
  File "C:\Users\kate\PycharmProjects\member-management\venv\lib\site-packages\django\template\base.py", line 513, in parse
    raise self.error(token, e)
  File "C:\Users\kate\PycharmProjects\member-management\venv\lib\site-packages\django\template\base.py", line 511, in parse
    compiled_result = compile_func(self, token)
  File "C:\Users\kate\PycharmProjects\member-management\venv\lib\site-packages\django\template\defaulttags.py", line 952, in do_if
    condition = TemplateIfParser(parser, bits).parse()
  File "C:\Users\kate\PycharmProjects\member-management\venv\lib\site-packages\django\template\smartif.py", line 197, in parse
    raise self.error_class(
django.template.exceptions.TemplateSyntaxError: Unused 'exist' at end of if expression.
"GET /individual-family-conf/43/ HTTP/1.1" 500 233524
Internal Server Error: /individual-family-conf/43/
Traceback (most recent call last):
  File "C:\Users\kate\PycharmProjects\member-management\venv\lib\site-packages\django\template\smartif.py", line 179, in translate_token
    op = OPERATORS[token]
KeyError: '!father_exist'

During handling of the above exception, another exception occurred:

Traceback (most recent call last):
  File "C:\Users\kate\PycharmProjects\member-management\venv\lib\site-packages\django\core\handlers\exception.py", line 55, in inner
    response = get_response(request)
  File "C:\Users\kate\PycharmProjects\member-management\venv\lib\site-packages\django\core\handlers\base.py", line 197, in _get_response
    response = wrapped_callback(request, *callback_args, **callback_kwargs)
  File "C:\Users\kate\PycharmProjects\member-management\management\views.py", line 4006, in individual_family_input
    return render(request, 'individual_family_conf.html', {
  File "C:\Users\kate\PycharmProjects\member-management\venv\lib\site-packages\django\shortcuts.py", line 24, in render
    content = loader.render_to_string(template_name, context, request, using=using)
  File "C:\Users\kate\PycharmProjects\member-management\venv\lib\site-packages\django\template\loader.py", line 61, in render_to_string
    template = get_template(template_name, using=using)
  File "C:\Users\kate\PycharmProjects\member-management\venv\lib\site-packages\django\template\loader.py", line 15, in get_template
    return engine.get_template(template_name)
  File "C:\Users\kate\PycharmProjects\member-management\venv\lib\site-packages\django\template\backends\django.py", line 33, in get_template
    return Template(self.engine.get_template(template_name), self)
  File "C:\Users\kate\PycharmProjects\member-management\venv\lib\site-packages\django\template\engine.py", line 175, in get_template
    template, origin = self.find_template(template_name)
  File "C:\Users\kate\PycharmProjects\member-management\venv\lib\site-packages\django\template\engine.py", line 157, in find_template
    template = loader.get_template(name, skip=skip)
  File "C:\Users\kate\PycharmProjects\member-management\venv\lib\site-packages\django\template\loaders\cached.py", line 57, in get_template
    template = super().get_template(template_name, skip)
  File "C:\Users\kate\PycharmProjects\member-management\venv\lib\site-packages\django\template\loaders\base.py", line 28, in get_template
    return Template(
  File "C:\Users\kate\PycharmProjects\member-management\venv\lib\site-packages\django\template\base.py", line 154, in __init__
    self.nodelist = self.compile_nodelist()
  File "C:\Users\kate\PycharmProjects\member-management\venv\lib\site-packages\django\template\base.py", line 200, in compile_nodelist
    return parser.parse()
  File "C:\Users\kate\PycharmProjects\member-management\venv\lib\site-packages\django\template\base.py", line 513, in parse
    raise self.error(token, e)
  File "C:\Users\kate\PycharmProjects\member-management\venv\lib\site-packages\django\template\base.py", line 511, in parse
    compiled_result = compile_func(self, token)
  File "C:\Users\kate\PycharmProjects\member-management\venv\lib\site-packages\django\template\loader_tags.py", line 293, in do_extends
    nodelist = parser.parse()
  File "C:\Users\kate\PycharmProjects\member-management\venv\lib\site-packages\django\template\base.py", line 513, in parse
    raise self.error(token, e)
  File "C:\Users\kate\PycharmProjects\member-management\venv\lib\site-packages\django\template\base.py", line 511, in parse
    compiled_result = compile_func(self, token)
  File "C:\Users\kate\PycharmProjects\member-management\venv\lib\site-packages\django\template\loader_tags.py", line 232, in do_block
    nodelist = parser.parse(("endblock",))
  File "C:\Users\kate\PycharmProjects\member-management\venv\lib\site-packages\django\template\base.py", line 513, in parse
    raise self.error(token, e)
  File "C:\Users\kate\PycharmProjects\member-management\venv\lib\site-packages\django\template\base.py", line 511, in parse
    compiled_result = compile_func(self, token)
  File "C:\Users\kate\PycharmProjects\member-management\venv\lib\site-packages\django\template\defaulttags.py", line 853, in do_for
    nodelist_loop = parser.parse(
  File "C:\Users\kate\PycharmProjects\member-management\venv\lib\site-packages\django\template\base.py", line 513, in parse
    raise self.error(token, e)
  File "C:\Users\kate\PycharmProjects\member-management\venv\lib\site-packages\django\template\base.py", line 511, in parse
    compiled_result = compile_func(self, token)
  File "C:\Users\kate\PycharmProjects\member-management\venv\lib\site-packages\django\template\defaulttags.py", line 952, in do_if
    condition = TemplateIfParser(parser, bits).parse()
  File "C:\Users\kate\PycharmProjects\member-management\venv\lib\site-packages\django\template\defaulttags.py", line 885, in __init__
    super().__init__(*args, **kwargs)
  File "C:\Users\kate\PycharmProjects\member-management\venv\lib\site-packages\django\template\smartif.py", line 170, in __init__
    mapped_tokens.append(self.translate_token(token))
  File "C:\Users\kate\PycharmProjects\member-management\venv\lib\site-packages\django\template\smartif.py", line 181, in translate_token
    return self.create_var(token)
  File "C:\Users\kate\PycharmProjects\member-management\venv\lib\site-packages\django\template\defaulttags.py", line 888, in create_var
    return TemplateLiteral(self.template_parser.compile_filter(value), value)
  File "C:\Users\kate\PycharmProjects\member-management\venv\lib\site-packages\django\template\base.py", line 600, in compile_filter
    return FilterExpression(token, self)
  File "C:\Users\kate\PycharmProjects\member-management\venv\lib\site-packages\django\template\base.py", line 703, in __init__
    raise TemplateSyntaxError(
django.template.exceptions.TemplateSyntaxError: Could not parse the remainder: '!father_exist' from '!father_exist'
"GET /individual-family-conf/43/ HTTP/1.1" 500 267552
Internal Server Error: /one-ring/43/
Traceback (most recent call last):
  File "C:\Users\kate\PycharmProjects\member-management\venv\lib\site-packages\django\db\models\fields\__init__.py", line 2053, in get_prep_value
    return int(value)
ValueError: invalid literal for int() with base 10: ''

The above exception was the direct cause of the following exception:

Traceback (most recent call last):
  File "C:\Users\kate\PycharmProjects\member-management\venv\lib\site-packages\django\core\handlers\exception.py", line 55, in inner
    response = get_response(request)
  File "C:\Users\kate\PycharmProjects\member-management\venv\lib\site-packages\django\core\handlers\base.py", line 197, in _get_response
    response = wrapped_callback(request, *callback_args, **callback_kwargs)
  File "C:\Users\kate\PycharmProjects\member-management\management\views.py", line 4088, in one_ring
    brgy = Barangay.objects.get(id=individual_brgy)
  File "C:\Users\kate\PycharmProjects\member-management\venv\lib\site-packages\django\db\models\manager.py", line 87, in manager_method
    return getattr(self.get_queryset(), name)(*args, **kwargs)
  File "C:\Users\kate\PycharmProjects\member-management\venv\lib\site-packages\django\db\models\query.py", line 623, in get
    clone = self._chain() if self.query.combinator else self.filter(*args, **kwargs)
  File "C:\Users\kate\PycharmProjects\member-management\venv\lib\site-packages\django\db\models\query.py", line 1436, in filter
    return self._filter_or_exclude(False, args, kwargs)
  File "C:\Users\kate\PycharmProjects\member-management\venv\lib\site-packages\django\db\models\query.py", line 1454, in _filter_or_exclude
    clone._filter_or_exclude_inplace(negate, args, kwargs)
  File "C:\Users\kate\PycharmProjects\member-management\venv\lib\site-packages\django\db\models\query.py", line 1461, in _filter_or_exclude_inplace
    self._query.add_q(Q(*args, **kwargs))
  File "C:\Users\kate\PycharmProjects\member-management\venv\lib\site-packages\django\db\models\sql\query.py", line 1546, in add_q
    clause, _ = self._add_q(q_object, self.used_aliases)
  File "C:\Users\kate\PycharmProjects\member-management\venv\lib\site-packages\django\db\models\sql\query.py", line 1577, in _add_q
    child_clause, needed_inner = self.build_filter(
  File "C:\Users\kate\PycharmProjects\member-management\venv\lib\site-packages\django\db\models\sql\query.py", line 1492, in build_filter
    condition = self.build_lookup(lookups, col, value)
  File "C:\Users\kate\PycharmProjects\member-management\venv\lib\site-packages\django\db\models\sql\query.py", line 1319, in build_lookup
    lookup = lookup_class(lhs, rhs)
  File "C:\Users\kate\PycharmProjects\member-management\venv\lib\site-packages\django\db\models\lookups.py", line 27, in __init__
    self.rhs = self.get_prep_lookup()
  File "C:\Users\kate\PycharmProjects\member-management\venv\lib\site-packages\django\db\models\lookups.py", line 341, in get_prep_lookup
    return super().get_prep_lookup()
  File "C:\Users\kate\PycharmProjects\member-management\venv\lib\site-packages\django\db\models\lookups.py", line 85, in get_prep_lookup
    return self.lhs.output_field.get_prep_value(self.rhs)
  File "C:\Users\kate\PycharmProjects\member-management\venv\lib\site-packages\django\db\models\fields\__init__.py", line 2055, in get_prep_value
    raise e.__class__(
ValueError: Field 'id' expected a number but got ''.
"POST /one-ring/43/ HTTP/1.1" 500 140811
Watching for file changes with StatReloader
Not Found: /favicon.ico
"GET /favicon.ico HTTP/1.1" 404 19355
Internal Server Error: /one-ring/43/
Traceback (most recent call last):
  File "C:\Users\kate\PycharmProjects\member-management\venv\lib\site-packages\django\db\models\fields\__init__.py", line 2053, in get_prep_value
    return int(value)
ValueError: invalid literal for int() with base 10: ''

The above exception was the direct cause of the following exception:

Traceback (most recent call last):
  File "C:\Users\kate\PycharmProjects\member-management\venv\lib\site-packages\django\core\handlers\exception.py", line 55, in inner
    response = get_response(request)
  File "C:\Users\kate\PycharmProjects\member-management\venv\lib\site-packages\django\core\handlers\base.py", line 197, in _get_response
    response = wrapped_callback(request, *callback_args, **callback_kwargs)
  File "C:\Users\kate\PycharmProjects\member-management\management\views.py", line 4088, in one_ring
    brgy = Barangay.objects.get(id=individual_brgy)
  File "C:\Users\kate\PycharmProjects\member-management\venv\lib\site-packages\django\db\models\manager.py", line 87, in manager_method
    return getattr(self.get_queryset(), name)(*args, **kwargs)
  File "C:\Users\kate\PycharmProjects\member-management\venv\lib\site-packages\django\db\models\query.py", line 623, in get
    clone = self._chain() if self.query.combinator else self.filter(*args, **kwargs)
  File "C:\Users\kate\PycharmProjects\member-management\venv\lib\site-packages\django\db\models\query.py", line 1436, in filter
    return self._filter_or_exclude(False, args, kwargs)
  File "C:\Users\kate\PycharmProjects\member-management\venv\lib\site-packages\django\db\models\query.py", line 1454, in _filter_or_exclude
    clone._filter_or_exclude_inplace(negate, args, kwargs)
  File "C:\Users\kate\PycharmProjects\member-management\venv\lib\site-packages\django\db\models\query.py", line 1461, in _filter_or_exclude_inplace
    self._query.add_q(Q(*args, **kwargs))
  File "C:\Users\kate\PycharmProjects\member-management\venv\lib\site-packages\django\db\models\sql\query.py", line 1546, in add_q
    clause, _ = self._add_q(q_object, self.used_aliases)
  File "C:\Users\kate\PycharmProjects\member-management\venv\lib\site-packages\django\db\models\sql\query.py", line 1577, in _add_q
    child_clause, needed_inner = self.build_filter(
  File "C:\Users\kate\PycharmProjects\member-management\venv\lib\site-packages\django\db\models\sql\query.py", line 1492, in build_filter
    condition = self.build_lookup(lookups, col, value)
  File "C:\Users\kate\PycharmProjects\member-management\venv\lib\site-packages\django\db\models\sql\query.py", line 1319, in build_lookup
    lookup = lookup_class(lhs, rhs)
  File "C:\Users\kate\PycharmProjects\member-management\venv\lib\site-packages\django\db\models\lookups.py", line 27, in __init__
    self.rhs = self.get_prep_lookup()
  File "C:\Users\kate\PycharmProjects\member-management\venv\lib\site-packages\django\db\models\lookups.py", line 341, in get_prep_lookup
    return super().get_prep_lookup()
  File "C:\Users\kate\PycharmProjects\member-management\venv\lib\site-packages\django\db\models\lookups.py", line 85, in get_prep_lookup
    return self.lhs.output_field.get_prep_value(self.rhs)
  File "C:\Users\kate\PycharmProjects\member-management\venv\lib\site-packages\django\db\models\fields\__init__.py", line 2055, in get_prep_value
    raise e.__class__(
ValueError: Field 'id' expected a number but got ''.
"POST /one-ring/43/ HTTP/1.1" 500 140671
Internal Server Error: /one-ring/43/
Traceback (most recent call last):
  File "C:\Users\kate\PycharmProjects\member-management\venv\lib\site-packages\django\db\models\fields\__init__.py", line 2053, in get_prep_value
    return int(value)
ValueError: invalid literal for int() with base 10: ''

The above exception was the direct cause of the following exception:

Traceback (most recent call last):
  File "C:\Users\kate\PycharmProjects\member-management\venv\lib\site-packages\django\core\handlers\exception.py", line 55, in inner
    response = get_response(request)
  File "C:\Users\kate\PycharmProjects\member-management\venv\lib\site-packages\django\core\handlers\base.py", line 197, in _get_response
    response = wrapped_callback(request, *callback_args, **callback_kwargs)
  File "C:\Users\kate\PycharmProjects\member-management\management\views.py", line 4091, in one_ring
    sitio = Sitio.objects.get(id=individual_sitio)
  File "C:\Users\kate\PycharmProjects\member-management\venv\lib\site-packages\django\db\models\manager.py", line 87, in manager_method
    return getattr(self.get_queryset(), name)(*args, **kwargs)
  File "C:\Users\kate\PycharmProjects\member-management\venv\lib\site-packages\django\db\models\query.py", line 623, in get
    clone = self._chain() if self.query.combinator else self.filter(*args, **kwargs)
  File "C:\Users\kate\PycharmProjects\member-management\venv\lib\site-packages\django\db\models\query.py", line 1436, in filter
    return self._filter_or_exclude(False, args, kwargs)
  File "C:\Users\kate\PycharmProjects\member-management\venv\lib\site-packages\django\db\models\query.py", line 1454, in _filter_or_exclude
    clone._filter_or_exclude_inplace(negate, args, kwargs)
  File "C:\Users\kate\PycharmProjects\member-management\venv\lib\site-packages\django\db\models\query.py", line 1461, in _filter_or_exclude_inplace
    self._query.add_q(Q(*args, **kwargs))
  File "C:\Users\kate\PycharmProjects\member-management\venv\lib\site-packages\django\db\models\sql\query.py", line 1546, in add_q
    clause, _ = self._add_q(q_object, self.used_aliases)
  File "C:\Users\kate\PycharmProjects\member-management\venv\lib\site-packages\django\db\models\sql\query.py", line 1577, in _add_q
    child_clause, needed_inner = self.build_filter(
  File "C:\Users\kate\PycharmProjects\member-management\venv\lib\site-packages\django\db\models\sql\query.py", line 1492, in build_filter
    condition = self.build_lookup(lookups, col, value)
  File "C:\Users\kate\PycharmProjects\member-management\venv\lib\site-packages\django\db\models\sql\query.py", line 1319, in build_lookup
    lookup = lookup_class(lhs, rhs)
  File "C:\Users\kate\PycharmProjects\member-management\venv\lib\site-packages\django\db\models\lookups.py", line 27, in __init__
    self.rhs = self.get_prep_lookup()
  File "C:\Users\kate\PycharmProjects\member-management\venv\lib\site-packages\django\db\models\lookups.py", line 341, in get_prep_lookup
    return super().get_prep_lookup()
  File "C:\Users\kate\PycharmProjects\member-management\venv\lib\site-packages\django\db\models\lookups.py", line 85, in get_prep_lookup
    return self.lhs.output_field.get_prep_value(self.rhs)
  File "C:\Users\kate\PycharmProjects\member-management\venv\lib\site-packages\django\db\models\fields\__init__.py", line 2055, in get_prep_value
    raise e.__class__(
ValueError: Field 'id' expected a number but got ''.
"POST /one-ring/43/ HTTP/1.1" 500 138721
C:\Users\kate\PycharmProjects\member-management\management\views.py changed, reloading.
Watching for file changes with StatReloader
C:\Users\kate\PycharmProjects\member-management\management\views.py changed, reloading.
Watching for file changes with StatReloader
Internal Server Error: /individual-encode/
Traceback (most recent call last):
  File "C:\Users\kate\PycharmProjects\member-management\venv\lib\site-packages\django\core\handlers\exception.py", line 55, in inner
    response = get_response(request)
  File "C:\Users\kate\PycharmProjects\member-management\venv\lib\site-packages\django\core\handlers\base.py", line 197, in _get_response
    response = wrapped_callback(request, *callback_args, **callback_kwargs)
  File "C:\Users\kate\PycharmProjects\member-management\management\views.py", line 3927, in individual_input
    age = int((timezone.now().date() - individual_birthday).days / 365.25)
TypeError: unsupported operand type(s) for -: 'datetime.date' and 'datetime.datetime'
"POST /individual-encode/ HTTP/1.1" 500 77347
C:\Users\kate\PycharmProjects\member-management\management\views.py changed, reloading.
Watching for file changes with StatReloader
Internal Server Error: /individual-encode/
Traceback (most recent call last):
  File "C:\Users\kate\PycharmProjects\member-management\venv\lib\site-packages\django\core\handlers\exception.py", line 55, in inner
    response = get_response(request)
  File "C:\Users\kate\PycharmProjects\member-management\venv\lib\site-packages\django\core\handlers\base.py", line 197, in _get_response
    response = wrapped_callback(request, *callback_args, **callback_kwargs)
  File "C:\Users\kate\PycharmProjects\member-management\management\views.py", line 3929, in individual_input
    age = int((timezone.now().date() - individual_birthday).days / 365.25)
TypeError: unsupported operand type(s) for -: 'datetime.date' and 'datetime.datetime'
"POST /individual-encode/ HTTP/1.1" 500 77079
C:\Users\kate\PycharmProjects\member-management\management\views.py changed, reloading.
Watching for file changes with StatReloader
Internal Server Error: /individual-encode/
Traceback (most recent call last):
  File "C:\Users\kate\PycharmProjects\member-management\venv\lib\site-packages\django\db\models\query.py", line 916, in get_or_create
    return self.get(**kwargs), False
  File "C:\Users\kate\PycharmProjects\member-management\venv\lib\site-packages\django\db\models\query.py", line 637, in get
    raise self.model.DoesNotExist(
management.models.Individual.DoesNotExist: Individual matching query does not exist.

During handling of the above exception, another exception occurred:

Traceback (most recent call last):
  File "C:\Users\kate\PycharmProjects\member-management\venv\lib\site-packages\django\db\backends\utils.py", line 89, in _execute
    return self.cursor.execute(sql, params)
  File "C:\Users\kate\PycharmProjects\member-management\venv\lib\site-packages\django\db\backends\sqlite3\base.py", line 328, in execute
    return super().execute(query, params)
sqlite3.IntegrityError: NOT NULL constraint failed: management_individual.is_oot

The above exception was the direct cause of the following exception:

Traceback (most recent call last):
  File "C:\Users\kate\PycharmProjects\member-management\venv\lib\site-packages\django\core\handlers\exception.py", line 55, in inner
    response = get_response(request)
  File "C:\Users\kate\PycharmProjects\member-management\venv\lib\site-packages\django\core\handlers\base.py", line 197, in _get_response
    response = wrapped_callback(request, *callback_args, **callback_kwargs)
  File "C:\Users\kate\PycharmProjects\member-management\management\views.py", line 3931, in individual_input
    individual, created = Individual.objects.get_or_create(
  File "C:\Users\kate\PycharmProjects\member-management\venv\lib\site-packages\django\db\models\manager.py", line 87, in manager_method
    return getattr(self.get_queryset(), name)(*args, **kwargs)
  File "C:\Users\kate\PycharmProjects\member-management\venv\lib\site-packages\django\db\models\query.py", line 923, in get_or_create
    return self.create(**params), True
  File "C:\Users\kate\PycharmProjects\member-management\venv\lib\site-packages\django\db\models\query.py", line 658, in create
    obj.save(force_insert=True, using=self.db)
  File "C:\Users\kate\PycharmProjects\member-management\venv\lib\site-packages\django\db\models\base.py", line 814, in save
    self.save_base(
  File "C:\Users\kate\PycharmProjects\member-management\venv\lib\site-packages\django\db\models\base.py", line 877, in save_base
    updated = self._save_table(
  File "C:\Users\kate\PycharmProjects\member-management\venv\lib\site-packages\django\db\models\base.py", line 1020, in _save_table
    results = self._do_insert(
  File "C:\Users\kate\PycharmProjects\member-management\venv\lib\site-packages\django\db\models\base.py", line 1061, in _do_insert
    return manager._insert(
  File "C:\Users\kate\PycharmProjects\member-management\venv\lib\site-packages\django\db\models\manager.py", line 87, in manager_method
    return getattr(self.get_queryset(), name)(*args, **kwargs)
  File "C:\Users\kate\PycharmProjects\member-management\venv\lib\site-packages\django\db\models\query.py", line 1805, in _insert
    return query.get_compiler(using=using).execute_sql(returning_fields)
  File "C:\Users\kate\PycharmProjects\member-management\venv\lib\site-packages\django\db\models\sql\compiler.py", line 1822, in execute_sql
    cursor.execute(sql, params)
  File "C:\Users\kate\PycharmProjects\member-management\venv\lib\site-packages\django\db\backends\utils.py", line 102, in execute
    return super().execute(sql, params)
  File "C:\Users\kate\PycharmProjects\member-management\venv\lib\site-packages\django\db\backends\utils.py", line 67, in execute
    return self._execute_with_wrappers(
  File "C:\Users\kate\PycharmProjects\member-management\venv\lib\site-packages\django\db\backends\utils.py", line 80, in _execute_with_wrappers
    return executor(sql, params, many, context)
  File "C:\Users\kate\PycharmProjects\member-management\venv\lib\site-packages\django\db\backends\utils.py", line 89, in _execute
    return self.cursor.execute(sql, params)
  File "C:\Users\kate\PycharmProjects\member-management\venv\lib\site-packages\django\db\utils.py", line 91, in __exit__
    raise dj_exc_value.with_traceback(traceback) from exc_value
  File "C:\Users\kate\PycharmProjects\member-management\venv\lib\site-packages\django\db\backends\utils.py", line 89, in _execute
    return self.cursor.execute(sql, params)
  File "C:\Users\kate\PycharmProjects\member-management\venv\lib\site-packages\django\db\backends\sqlite3\base.py", line 328, in execute
    return super().execute(query, params)
django.db.utils.IntegrityError: NOT NULL constraint failed: management_individual.is_oot
"POST /individual-encode/ HTTP/1.1" 500 202217
Internal Server Error: /individual-encode/
Traceback (most recent call last):
  File "C:\Users\kate\PycharmProjects\member-management\venv\lib\site-packages\django\db\models\query.py", line 916, in get_or_create
    return self.get(**kwargs), False
  File "C:\Users\kate\PycharmProjects\member-management\venv\lib\site-packages\django\db\models\query.py", line 637, in get
    raise self.model.DoesNotExist(
management.models.Individual.DoesNotExist: Individual matching query does not exist.

During handling of the above exception, another exception occurred:

Traceback (most recent call last):
  File "C:\Users\kate\PycharmProjects\member-management\venv\lib\site-packages\django\db\backends\utils.py", line 89, in _execute
    return self.cursor.execute(sql, params)
  File "C:\Users\kate\PycharmProjects\member-management\venv\lib\site-packages\django\db\backends\sqlite3\base.py", line 328, in execute
    return super().execute(query, params)
sqlite3.IntegrityError: NOT NULL constraint failed: management_individual.is_oot

The above exception was the direct cause of the following exception:

Traceback (most recent call last):
  File "C:\Users\kate\PycharmProjects\member-management\venv\lib\site-packages\django\core\handlers\exception.py", line 55, in inner
    response = get_response(request)
  File "C:\Users\kate\PycharmProjects\member-management\venv\lib\site-packages\django\core\handlers\base.py", line 197, in _get_response
    response = wrapped_callback(request, *callback_args, **callback_kwargs)
  File "C:\Users\kate\PycharmProjects\member-management\management\views.py", line 3931, in individual_input
    individual, created = Individual.objects.get_or_create(
  File "C:\Users\kate\PycharmProjects\member-management\venv\lib\site-packages\django\db\models\manager.py", line 87, in manager_method
    return getattr(self.get_queryset(), name)(*args, **kwargs)
  File "C:\Users\kate\PycharmProjects\member-management\venv\lib\site-packages\django\db\models\query.py", line 923, in get_or_create
    return self.create(**params), True
  File "C:\Users\kate\PycharmProjects\member-management\venv\lib\site-packages\django\db\models\query.py", line 658, in create
    obj.save(force_insert=True, using=self.db)
  File "C:\Users\kate\PycharmProjects\member-management\venv\lib\site-packages\django\db\models\base.py", line 814, in save
    self.save_base(
  File "C:\Users\kate\PycharmProjects\member-management\venv\lib\site-packages\django\db\models\base.py", line 877, in save_base
    updated = self._save_table(
  File "C:\Users\kate\PycharmProjects\member-management\venv\lib\site-packages\django\db\models\base.py", line 1020, in _save_table
    results = self._do_insert(
  File "C:\Users\kate\PycharmProjects\member-management\venv\lib\site-packages\django\db\models\base.py", line 1061, in _do_insert
    return manager._insert(
  File "C:\Users\kate\PycharmProjects\member-management\venv\lib\site-packages\django\db\models\manager.py", line 87, in manager_method
    return getattr(self.get_queryset(), name)(*args, **kwargs)
  File "C:\Users\kate\PycharmProjects\member-management\venv\lib\site-packages\django\db\models\query.py", line 1805, in _insert
    return query.get_compiler(using=using).execute_sql(returning_fields)
  File "C:\Users\kate\PycharmProjects\member-management\venv\lib\site-packages\django\db\models\sql\compiler.py", line 1822, in execute_sql
    cursor.execute(sql, params)
  File "C:\Users\kate\PycharmProjects\member-management\venv\lib\site-packages\django\db\backends\utils.py", line 102, in execute
    return super().execute(sql, params)
  File "C:\Users\kate\PycharmProjects\member-management\venv\lib\site-packages\django\db\backends\utils.py", line 67, in execute
    return self._execute_with_wrappers(
  File "C:\Users\kate\PycharmProjects\member-management\venv\lib\site-packages\django\db\backends\utils.py", line 80, in _execute_with_wrappers
    return executor(sql, params, many, context)
  File "C:\Users\kate\PycharmProjects\member-management\venv\lib\site-packages\django\db\backends\utils.py", line 89, in _execute
    return self.cursor.execute(sql, params)
  File "C:\Users\kate\PycharmProjects\member-management\venv\lib\site-packages\django\db\utils.py", line 91, in __exit__
    raise dj_exc_value.with_traceback(traceback) from exc_value
  File "C:\Users\kate\PycharmProjects\member-management\venv\lib\site-packages\django\db\backends\utils.py", line 89, in _execute
    return self.cursor.execute(sql, params)
  File "C:\Users\kate\PycharmProjects\member-management\venv\lib\site-packages\django\db\backends\sqlite3\base.py", line 328, in execute
    return super().execute(query, params)
django.db.utils.IntegrityError: NOT NULL constraint failed: management_individual.is_oot
"POST /individual-encode/ HTTP/1.1" 500 202217
Internal Server Error: /individual-family-conf/74/
Traceback (most recent call last):
  File "C:\Users\kate\PycharmProjects\member-management\venv\lib\site-packages\django\core\handlers\exception.py", line 55, in inner
    response = get_response(request)
  File "C:\Users\kate\PycharmProjects\member-management\venv\lib\site-packages\django\core\handlers\base.py", line 197, in _get_response
    response = wrapped_callback(request, *callback_args, **callback_kwargs)
  File "C:\Users\kate\PycharmProjects\member-management\management\views.py", line 3994, in individual_family_input
    individual_parents = IndividualParents.objects.get(individual=individual)
  File "C:\Users\kate\PycharmProjects\member-management\venv\lib\site-packages\django\db\models\manager.py", line 87, in manager_method
    return getattr(self.get_queryset(), name)(*args, **kwargs)
  File "C:\Users\kate\PycharmProjects\member-management\venv\lib\site-packages\django\db\models\query.py", line 637, in get
    raise self.model.DoesNotExist(
management.models.IndividualParents.DoesNotExist: IndividualParents matching query does not exist.
"GET /individual-family-conf/74/ HTTP/1.1" 500 76268
Internal Server Error: /individual-family-conf/72/
Traceback (most recent call last):
  File "C:\Users\kate\PycharmProjects\member-management\venv\lib\site-packages\django\core\handlers\exception.py", line 55, in inner
    response = get_response(request)
  File "C:\Users\kate\PycharmProjects\member-management\venv\lib\site-packages\django\core\handlers\base.py", line 197, in _get_response
    response = wrapped_callback(request, *callback_args, **callback_kwargs)
  File "C:\Users\kate\PycharmProjects\member-management\management\views.py", line 3994, in individual_family_input
    individual_parents = IndividualParents.objects.get(individual=individual)
  File "C:\Users\kate\PycharmProjects\member-management\venv\lib\site-packages\django\db\models\manager.py", line 87, in manager_method
    return getattr(self.get_queryset(), name)(*args, **kwargs)
  File "C:\Users\kate\PycharmProjects\member-management\venv\lib\site-packages\django\db\models\query.py", line 637, in get
    raise self.model.DoesNotExist(
management.models.IndividualParents.DoesNotExist: IndividualParents matching query does not exist.
"GET /individual-family-conf/72/ HTTP/1.1" 500 76250
Internal Server Error: /individual-family-conf/75/
Traceback (most recent call last):
  File "C:\Users\kate\PycharmProjects\member-management\venv\lib\site-packages\django\core\handlers\exception.py", line 55, in inner
    response = get_response(request)
  File "C:\Users\kate\PycharmProjects\member-management\venv\lib\site-packages\django\core\handlers\base.py", line 197, in _get_response
    response = wrapped_callback(request, *callback_args, **callback_kwargs)
  File "C:\Users\kate\PycharmProjects\member-management\management\views.py", line 3994, in individual_family_input
    individual_parents = IndividualParents.objects.get(individual=individual)
  File "C:\Users\kate\PycharmProjects\member-management\venv\lib\site-packages\django\db\models\manager.py", line 87, in manager_method
    return getattr(self.get_queryset(), name)(*args, **kwargs)
  File "C:\Users\kate\PycharmProjects\member-management\venv\lib\site-packages\django\db\models\query.py", line 637, in get
    raise self.model.DoesNotExist(
management.models.IndividualParents.DoesNotExist: IndividualParents matching query does not exist.
"GET /individual-family-conf/75/ HTTP/1.1" 500 76265
Internal Server Error: /individual-family-conf/74/
Traceback (most recent call last):
  File "C:\Users\kate\PycharmProjects\member-management\venv\lib\site-packages\django\core\handlers\exception.py", line 55, in inner
    response = get_response(request)
  File "C:\Users\kate\PycharmProjects\member-management\venv\lib\site-packages\django\core\handlers\base.py", line 197, in _get_response
    response = wrapped_callback(request, *callback_args, **callback_kwargs)
  File "C:\Users\kate\PycharmProjects\member-management\management\views.py", line 3994, in individual_family_input
    individual_parents = IndividualParents.objects.get(individual=individual)
  File "C:\Users\kate\PycharmProjects\member-management\venv\lib\site-packages\django\db\models\manager.py", line 87, in manager_method
    return getattr(self.get_queryset(), name)(*args, **kwargs)
  File "C:\Users\kate\PycharmProjects\member-management\venv\lib\site-packages\django\db\models\query.py", line 637, in get
    raise self.model.DoesNotExist(
management.models.IndividualParents.DoesNotExist: IndividualParents matching query does not exist.
"GET /individual-family-conf/74/ HTTP/1.1" 500 76268
C:\Users\kate\PycharmProjects\member-management\management\views.py changed, reloading.
Watching for file changes with StatReloader
C:\Users\kate\PycharmProjects\member-management\management\views.py changed, reloading.
Watching for file changes with StatReloader
C:\Users\kate\PycharmProjects\member-management\management\views.py changed, reloading.
Watching for file changes with StatReloader
C:\Users\kate\PycharmProjects\member-management\management\views.py changed, reloading.
Watching for file changes with StatReloader
Watching for file changes with StatReloader
Internal Server Error: /one-ring/76/
Traceback (most recent call last):
  File "C:\Users\kate\PycharmProjects\member-management\venv\lib\site-packages\django\db\models\fields\__init__.py", line 2053, in get_prep_value
    return int(value)
ValueError: invalid literal for int() with base 10: ''

The above exception was the direct cause of the following exception:

Traceback (most recent call last):
  File "C:\Users\kate\PycharmProjects\member-management\venv\lib\site-packages\django\core\handlers\exception.py", line 55, in inner
    response = get_response(request)
  File "C:\Users\kate\PycharmProjects\member-management\venv\lib\site-packages\django\core\handlers\base.py", line 197, in _get_response
    response = wrapped_callback(request, *callback_args, **callback_kwargs)
  File "C:\Users\kate\PycharmProjects\member-management\management\views.py", line 4093, in one_ring
    sitio = Sitio.objects.get(id=individual_sitio)
  File "C:\Users\kate\PycharmProjects\member-management\venv\lib\site-packages\django\db\models\manager.py", line 87, in manager_method
    return getattr(self.get_queryset(), name)(*args, **kwargs)
  File "C:\Users\kate\PycharmProjects\member-management\venv\lib\site-packages\django\db\models\query.py", line 623, in get
    clone = self._chain() if self.query.combinator else self.filter(*args, **kwargs)
  File "C:\Users\kate\PycharmProjects\member-management\venv\lib\site-packages\django\db\models\query.py", line 1436, in filter
    return self._filter_or_exclude(False, args, kwargs)
  File "C:\Users\kate\PycharmProjects\member-management\venv\lib\site-packages\django\db\models\query.py", line 1454, in _filter_or_exclude
    clone._filter_or_exclude_inplace(negate, args, kwargs)
  File "C:\Users\kate\PycharmProjects\member-management\venv\lib\site-packages\django\db\models\query.py", line 1461, in _filter_or_exclude_inplace
    self._query.add_q(Q(*args, **kwargs))
  File "C:\Users\kate\PycharmProjects\member-management\venv\lib\site-packages\django\db\models\sql\query.py", line 1546, in add_q
    clause, _ = self._add_q(q_object, self.used_aliases)
  File "C:\Users\kate\PycharmProjects\member-management\venv\lib\site-packages\django\db\models\sql\query.py", line 1577, in _add_q
    child_clause, needed_inner = self.build_filter(
  File "C:\Users\kate\PycharmProjects\member-management\venv\lib\site-packages\django\db\models\sql\query.py", line 1492, in build_filter
    condition = self.build_lookup(lookups, col, value)
  File "C:\Users\kate\PycharmProjects\member-management\venv\lib\site-packages\django\db\models\sql\query.py", line 1319, in build_lookup
    lookup = lookup_class(lhs, rhs)
  File "C:\Users\kate\PycharmProjects\member-management\venv\lib\site-packages\django\db\models\lookups.py", line 27, in __init__
    self.rhs = self.get_prep_lookup()
  File "C:\Users\kate\PycharmProjects\member-management\venv\lib\site-packages\django\db\models\lookups.py", line 341, in get_prep_lookup
    return super().get_prep_lookup()
  File "C:\Users\kate\PycharmProjects\member-management\venv\lib\site-packages\django\db\models\lookups.py", line 85, in get_prep_lookup
    return self.lhs.output_field.get_prep_value(self.rhs)
  File "C:\Users\kate\PycharmProjects\member-management\venv\lib\site-packages\django\db\models\fields\__init__.py", line 2055, in get_prep_value
    raise e.__class__(
ValueError: Field 'id' expected a number but got ''.
"POST /one-ring/76/ HTTP/1.1" 500 138586
Internal Server Error: /one-ring/76/
Traceback (most recent call last):
  File "C:\Users\kate\PycharmProjects\member-management\venv\lib\site-packages\django\core\handlers\exception.py", line 55, in inner
    response = get_response(request)
  File "C:\Users\kate\PycharmProjects\member-management\venv\lib\site-packages\django\core\handlers\base.py", line 197, in _get_response
    response = wrapped_callback(request, *callback_args, **callback_kwargs)
  File "C:\Users\kate\PycharmProjects\member-management\management\views.py", line 4163, in one_ring
    individual_parent_segment.parents.add(derived_father)
  File "C:\Users\kate\PycharmProjects\member-management\venv\lib\site-packages\django\db\models\fields\related_descriptors.py", line 1137, in add
    self._add_items(
  File "C:\Users\kate\PycharmProjects\member-management\venv\lib\site-packages\django\db\models\fields\related_descriptors.py", line 1397, in _add_items
    target_ids = self._get_target_ids(target_field_name, objs)
  File "C:\Users\kate\PycharmProjects\member-management\venv\lib\site-packages\django\db\models\fields\related_descriptors.py", line 1326, in _get_target_ids
    raise TypeError(
TypeError: 'Individual' instance expected, got <IndividualParents: IndividualParents object (8)>
"POST /one-ring/76/ HTTP/1.1" 500 89540
C:\Users\kate\PycharmProjects\member-management\management\views.py changed, reloading.
Watching for file changes with StatReloader
C:\Users\kate\PycharmProjects\member-management\management\views.py changed, reloading.
Watching for file changes with StatReloader
C:\Users\kate\PycharmProjects\member-management\management\views.py changed, reloading.
Watching for file changes with StatReloader
C:\Users\kate\PycharmProjects\member-management\management\views.py changed, reloading.
Watching for file changes with StatReloader
C:\Users\kate\PycharmProjects\member-management\management\views.py changed, reloading.
Watching for file changes with StatReloader
Internal Server Error: /home/
Traceback (most recent call last):
  File "C:\Users\kate\PycharmProjects\member-management\venv\lib\site-packages\django\core\handlers\exception.py", line 55, in inner
    response = get_response(request)
  File "C:\Users\kate\PycharmProjects\member-management\venv\lib\site-packages\django\core\handlers\base.py", line 197, in _get_response
    response = wrapped_callback(request, *callback_args, **callback_kwargs)
  File "C:\Users\kate\PycharmProjects\member-management\venv\lib\site-packages\django\contrib\auth\decorators.py", line 23, in _wrapper_view
    return view_func(request, *args, **kwargs)
  File "C:\Users\kate\PycharmProjects\member-management\management\decorators.py", line 75, in wrapper_func
    return view_func(request, *args, **kwargs)
  File "C:\Users\kate\PycharmProjects\member-management\management\views.py", line 61, in homepage
    print(derived_mother.parents)
AttributeError: 'QuerySet' object has no attribute 'parents'
"GET /home/ HTTP/1.1" 500 78007
C:\Users\kate\PycharmProjects\member-management\management\views.py changed, reloading.
Watching for file changes with StatReloader
C:\Users\kate\PycharmProjects\member-management\management\views.py changed, reloading.
Watching for file changes with StatReloader
Internal Server Error: /home/
Traceback (most recent call last):
  File "C:\Users\kate\PycharmProjects\member-management\venv\lib\site-packages\django\core\handlers\exception.py", line 55, in inner
    response = get_response(request)
  File "C:\Users\kate\PycharmProjects\member-management\venv\lib\site-packages\django\core\handlers\base.py", line 197, in _get_response
    response = wrapped_callback(request, *callback_args, **callback_kwargs)
  File "C:\Users\kate\PycharmProjects\member-management\venv\lib\site-packages\django\contrib\auth\decorators.py", line 23, in _wrapper_view
    return view_func(request, *args, **kwargs)
  File "C:\Users\kate\PycharmProjects\member-management\management\decorators.py", line 75, in wrapper_func
    return view_func(request, *args, **kwargs)
  File "C:\Users\kate\PycharmProjects\member-management\management\views.py", line 61, in homepage
    print(derived_mother.parents.name)
AttributeError: 'QuerySet' object has no attribute 'parents'
"GET /home/ HTTP/1.1" 500 78017
C:\Users\kate\PycharmProjects\member-management\management\views.py changed, reloading.
Watching for file changes with StatReloader
Internal Server Error: /home/
Traceback (most recent call last):
  File "C:\Users\kate\PycharmProjects\member-management\venv\lib\site-packages\django\core\handlers\exception.py", line 55, in inner
    response = get_response(request)
  File "C:\Users\kate\PycharmProjects\member-management\venv\lib\site-packages\django\core\handlers\base.py", line 197, in _get_response
    response = wrapped_callback(request, *callback_args, **callback_kwargs)
  File "C:\Users\kate\PycharmProjects\member-management\venv\lib\site-packages\django\contrib\auth\decorators.py", line 23, in _wrapper_view
    return view_func(request, *args, **kwargs)
  File "C:\Users\kate\PycharmProjects\member-management\management\decorators.py", line 75, in wrapper_func
    return view_func(request, *args, **kwargs)
  File "C:\Users\kate\PycharmProjects\member-management\management\views.py", line 61, in homepage
    print(derived_mother.individual)
AttributeError: 'QuerySet' object has no attribute 'individual'
"GET /home/ HTTP/1.1" 500 78025
C:\Users\kate\PycharmProjects\member-management\management\views.py changed, reloading.
Watching for file changes with StatReloader
C:\Users\kate\PycharmProjects\member-management\management\views.py changed, reloading.
Watching for file changes with StatReloader
C:\Users\kate\PycharmProjects\member-management\management\views.py changed, reloading.
Watching for file changes with StatReloader
C:\Users\kate\PycharmProjects\member-management\management\views.py changed, reloading.
Watching for file changes with StatReloader
C:\Users\kate\PycharmProjects\member-management\management\views.py changed, reloading.
Watching for file changes with StatReloader
C:\Users\kate\PycharmProjects\member-management\management\views.py changed, reloading.
Watching for file changes with StatReloader
C:\Users\kate\PycharmProjects\member-management\management\views.py changed, reloading.
Watching for file changes with StatReloader
C:\Users\kate\PycharmProjects\member-management\management\views.py changed, reloading.
Watching for file changes with StatReloader
C:\Users\kate\PycharmProjects\member-management\management\views.py changed, reloading.
Watching for file changes with StatReloader
C:\Users\kate\PycharmProjects\member-management\management\views.py changed, reloading.
Watching for file changes with StatReloader
C:\Users\kate\PycharmProjects\member-management\management\views.py changed, reloading.
Watching for file changes with StatReloader
C:\Users\kate\PycharmProjects\member-management\management\views.py changed, reloading.
Watching for file changes with StatReloader
C:\Users\kate\PycharmProjects\member-management\management\views.py changed, reloading.
Watching for file changes with StatReloader
C:\Users\kate\PycharmProjects\member-management\management\views.py changed, reloading.
Watching for file changes with StatReloader
C:\Users\kate\PycharmProjects\member-management\management\views.py changed, reloading.
Watching for file changes with StatReloader
C:\Users\kate\PycharmProjects\member-management\management\views.py changed, reloading.
Watching for file changes with StatReloader
C:\Users\kate\PycharmProjects\member-management\management\views.py changed, reloading.
Watching for file changes with StatReloader
C:\Users\kate\PycharmProjects\member-management\management\views.py changed, reloading.
Watching for file changes with StatReloader
C:\Users\kate\PycharmProjects\member-management\management\views.py changed, reloading.
Watching for file changes with StatReloader
C:\Users\kate\PycharmProjects\member-management\management\views.py changed, reloading.
Watching for file changes with StatReloader
C:\Users\kate\PycharmProjects\member-management\management\views.py changed, reloading.
Watching for file changes with StatReloader
Internal Server Error: /one-ring/82/
Traceback (most recent call last):
  File "C:\Users\kate\PycharmProjects\member-management\venv\lib\site-packages\django\core\handlers\exception.py", line 55, in inner
    response = get_response(request)
  File "C:\Users\kate\PycharmProjects\member-management\venv\lib\site-packages\django\core\handlers\base.py", line 197, in _get_response
    response = wrapped_callback(request, *callback_args, **callback_kwargs)
  File "C:\Users\kate\PycharmProjects\member-management\management\views.py", line 4244, in one_ring
    if Individual.objects.filter(individual=individual, parents__isnull=False).exists():
  File "C:\Users\kate\PycharmProjects\member-management\venv\lib\site-packages\django\db\models\manager.py", line 87, in manager_method
    return getattr(self.get_queryset(), name)(*args, **kwargs)
  File "C:\Users\kate\PycharmProjects\member-management\venv\lib\site-packages\django\db\models\query.py", line 1436, in filter
    return self._filter_or_exclude(False, args, kwargs)
  File "C:\Users\kate\PycharmProjects\member-management\venv\lib\site-packages\django\db\models\query.py", line 1454, in _filter_or_exclude
    clone._filter_or_exclude_inplace(negate, args, kwargs)
  File "C:\Users\kate\PycharmProjects\member-management\venv\lib\site-packages\django\db\models\query.py", line 1461, in _filter_or_exclude_inplace
    self._query.add_q(Q(*args, **kwargs))
  File "C:\Users\kate\PycharmProjects\member-management\venv\lib\site-packages\django\db\models\sql\query.py", line 1546, in add_q
    clause, _ = self._add_q(q_object, self.used_aliases)
  File "C:\Users\kate\PycharmProjects\member-management\venv\lib\site-packages\django\db\models\sql\query.py", line 1577, in _add_q
    child_clause, needed_inner = self.build_filter(
  File "C:\Users\kate\PycharmProjects\member-management\venv\lib\site-packages\django\db\models\sql\query.py", line 1427, in build_filter
    lookups, parts, reffed_expression = self.solve_lookup_type(arg, summarize)
  File "C:\Users\kate\PycharmProjects\member-management\venv\lib\site-packages\django\db\models\sql\query.py", line 1237, in solve_lookup_type
    _, field, _, lookup_parts = self.names_to_path(lookup_splitted, self.get_meta())
  File "C:\Users\kate\PycharmProjects\member-management\venv\lib\site-packages\django\db\models\sql\query.py", line 1725, in names_to_path
    raise FieldError(
django.core.exceptions.FieldError: Cannot resolve keyword 'individual' into field. Choices are: age, ambiguous_voters, barangayfigures, birthday, brgy, brgy_id, captain_barangay, date_registered, gender, gender_id, group, house_image, id, image, individual_leader, individual_leader_members, individualoffspring, individualparents, individuals_offspring, individuals_parent, individuals_sibling, individuals_spouse, individualsiblings, individualspouse, is_cockroach, is_deceased, is_father, is_leader, is_oot, is_parent, is_swing_voter, last_name, lat, long, middle_name, mobile, name, occupation, occupation_id, officials_barangay, religion, religion_id, sitio, sitio_id, suffix, user, user_id
"POST /one-ring/82/ HTTP/1.1" 500 125831
Internal Server Error: /one-ring/82/
Traceback (most recent call last):
  File "C:\Users\kate\PycharmProjects\member-management\venv\lib\site-packages\django\core\handlers\exception.py", line 55, in inner
    response = get_response(request)
  File "C:\Users\kate\PycharmProjects\member-management\venv\lib\site-packages\django\core\handlers\base.py", line 197, in _get_response
    response = wrapped_callback(request, *callback_args, **callback_kwargs)
  File "C:\Users\kate\PycharmProjects\member-management\management\views.py", line 4244, in one_ring
    if Individual.objects.filter(individual=individual, parents__isnull=False).exists():
  File "C:\Users\kate\PycharmProjects\member-management\venv\lib\site-packages\django\db\models\manager.py", line 87, in manager_method
    return getattr(self.get_queryset(), name)(*args, **kwargs)
  File "C:\Users\kate\PycharmProjects\member-management\venv\lib\site-packages\django\db\models\query.py", line 1436, in filter
    return self._filter_or_exclude(False, args, kwargs)
  File "C:\Users\kate\PycharmProjects\member-management\venv\lib\site-packages\django\db\models\query.py", line 1454, in _filter_or_exclude
    clone._filter_or_exclude_inplace(negate, args, kwargs)
  File "C:\Users\kate\PycharmProjects\member-management\venv\lib\site-packages\django\db\models\query.py", line 1461, in _filter_or_exclude_inplace
    self._query.add_q(Q(*args, **kwargs))
  File "C:\Users\kate\PycharmProjects\member-management\venv\lib\site-packages\django\db\models\sql\query.py", line 1546, in add_q
    clause, _ = self._add_q(q_object, self.used_aliases)
  File "C:\Users\kate\PycharmProjects\member-management\venv\lib\site-packages\django\db\models\sql\query.py", line 1577, in _add_q
    child_clause, needed_inner = self.build_filter(
  File "C:\Users\kate\PycharmProjects\member-management\venv\lib\site-packages\django\db\models\sql\query.py", line 1427, in build_filter
    lookups, parts, reffed_expression = self.solve_lookup_type(arg, summarize)
  File "C:\Users\kate\PycharmProjects\member-management\venv\lib\site-packages\django\db\models\sql\query.py", line 1237, in solve_lookup_type
    _, field, _, lookup_parts = self.names_to_path(lookup_splitted, self.get_meta())
  File "C:\Users\kate\PycharmProjects\member-management\venv\lib\site-packages\django\db\models\sql\query.py", line 1725, in names_to_path
    raise FieldError(
django.core.exceptions.FieldError: Cannot resolve keyword 'individual' into field. Choices are: age, ambiguous_voters, barangayfigures, birthday, brgy, brgy_id, captain_barangay, date_registered, gender, gender_id, group, house_image, id, image, individual_leader, individual_leader_members, individualoffspring, individualparents, individuals_offspring, individuals_parent, individuals_sibling, individuals_spouse, individualsiblings, individualspouse, is_cockroach, is_deceased, is_father, is_leader, is_oot, is_parent, is_swing_voter, last_name, lat, long, middle_name, mobile, name, occupation, occupation_id, officials_barangay, religion, religion_id, sitio, sitio_id, suffix, user, user_id
"POST /one-ring/82/ HTTP/1.1" 500 125847
C:\Users\kate\PycharmProjects\member-management\management\views.py changed, reloading.
Watching for file changes with StatReloader
C:\Users\kate\PycharmProjects\member-management\management\views.py changed, reloading.
Watching for file changes with StatReloader
C:\Users\kate\PycharmProjects\member-management\management\views.py changed, reloading.
Watching for file changes with StatReloader
Internal Server Error: /one-ring/88/
Traceback (most recent call last):
  File "C:\Users\kate\PycharmProjects\member-management\venv\lib\site-packages\django\db\models\fields\__init__.py", line 2053, in get_prep_value
    return int(value)
ValueError: invalid literal for int() with base 10: ''

The above exception was the direct cause of the following exception:

Traceback (most recent call last):
  File "C:\Users\kate\PycharmProjects\member-management\venv\lib\site-packages\django\core\handlers\exception.py", line 55, in inner
    response = get_response(request)
  File "C:\Users\kate\PycharmProjects\member-management\venv\lib\site-packages\django\core\handlers\base.py", line 197, in _get_response
    response = wrapped_callback(request, *callback_args, **callback_kwargs)
  File "C:\Users\kate\PycharmProjects\member-management\management\views.py", line 4090, in one_ring
    sitio = Sitio.objects.get(id=individual_sitio)
  File "C:\Users\kate\PycharmProjects\member-management\venv\lib\site-packages\django\db\models\manager.py", line 87, in manager_method
    return getattr(self.get_queryset(), name)(*args, **kwargs)
  File "C:\Users\kate\PycharmProjects\member-management\venv\lib\site-packages\django\db\models\query.py", line 623, in get
    clone = self._chain() if self.query.combinator else self.filter(*args, **kwargs)
  File "C:\Users\kate\PycharmProjects\member-management\venv\lib\site-packages\django\db\models\query.py", line 1436, in filter
    return self._filter_or_exclude(False, args, kwargs)
  File "C:\Users\kate\PycharmProjects\member-management\venv\lib\site-packages\django\db\models\query.py", line 1454, in _filter_or_exclude
    clone._filter_or_exclude_inplace(negate, args, kwargs)
  File "C:\Users\kate\PycharmProjects\member-management\venv\lib\site-packages\django\db\models\query.py", line 1461, in _filter_or_exclude_inplace
    self._query.add_q(Q(*args, **kwargs))
  File "C:\Users\kate\PycharmProjects\member-management\venv\lib\site-packages\django\db\models\sql\query.py", line 1546, in add_q
    clause, _ = self._add_q(q_object, self.used_aliases)
  File "C:\Users\kate\PycharmProjects\member-management\venv\lib\site-packages\django\db\models\sql\query.py", line 1577, in _add_q
    child_clause, needed_inner = self.build_filter(
  File "C:\Users\kate\PycharmProjects\member-management\venv\lib\site-packages\django\db\models\sql\query.py", line 1492, in build_filter
    condition = self.build_lookup(lookups, col, value)
  File "C:\Users\kate\PycharmProjects\member-management\venv\lib\site-packages\django\db\models\sql\query.py", line 1319, in build_lookup
    lookup = lookup_class(lhs, rhs)
  File "C:\Users\kate\PycharmProjects\member-management\venv\lib\site-packages\django\db\models\lookups.py", line 27, in __init__
    self.rhs = self.get_prep_lookup()
  File "C:\Users\kate\PycharmProjects\member-management\venv\lib\site-packages\django\db\models\lookups.py", line 341, in get_prep_lookup
    return super().get_prep_lookup()
  File "C:\Users\kate\PycharmProjects\member-management\venv\lib\site-packages\django\db\models\lookups.py", line 85, in get_prep_lookup
    return self.lhs.output_field.get_prep_value(self.rhs)
  File "C:\Users\kate\PycharmProjects\member-management\venv\lib\site-packages\django\db\models\fields\__init__.py", line 2055, in get_prep_value
    raise e.__class__(
ValueError: Field 'id' expected a number but got ''.
"POST /one-ring/88/ HTTP/1.1" 500 138734
C:\Users\kate\PycharmProjects\member-management\management\views.py changed, reloading.
Watching for file changes with StatReloader
C:\Users\kate\PycharmProjects\member-management\management\views.py changed, reloading.
Watching for file changes with StatReloader
C:\Users\kate\PycharmProjects\member-management\management\views.py changed, reloading.
Watching for file changes with StatReloader
Internal Server Error: /one-ring/91/
Traceback (most recent call last):
  File "C:\Users\kate\PycharmProjects\member-management\venv\lib\site-packages\django\db\models\fields\__init__.py", line 1957, in get_prep_value
    return float(value)
ValueError: could not convert string to float: ''

The above exception was the direct cause of the following exception:

Traceback (most recent call last):
  File "C:\Users\kate\PycharmProjects\member-management\venv\lib\site-packages\django\core\handlers\exception.py", line 55, in inner
    response = get_response(request)
  File "C:\Users\kate\PycharmProjects\member-management\venv\lib\site-packages\django\core\handlers\base.py", line 197, in _get_response
    response = wrapped_callback(request, *callback_args, **callback_kwargs)
  File "C:\Users\kate\PycharmProjects\member-management\management\views.py", line 4102, in one_ring
    individual_created, created = Individual.objects.get_or_create(
  File "C:\Users\kate\PycharmProjects\member-management\venv\lib\site-packages\django\db\models\manager.py", line 87, in manager_method
    return getattr(self.get_queryset(), name)(*args, **kwargs)
  File "C:\Users\kate\PycharmProjects\member-management\venv\lib\site-packages\django\db\models\query.py", line 916, in get_or_create
    return self.get(**kwargs), False
  File "C:\Users\kate\PycharmProjects\member-management\venv\lib\site-packages\django\db\models\query.py", line 623, in get
    clone = self._chain() if self.query.combinator else self.filter(*args, **kwargs)
  File "C:\Users\kate\PycharmProjects\member-management\venv\lib\site-packages\django\db\models\query.py", line 1436, in filter
    return self._filter_or_exclude(False, args, kwargs)
  File "C:\Users\kate\PycharmProjects\member-management\venv\lib\site-packages\django\db\models\query.py", line 1454, in _filter_or_exclude
    clone._filter_or_exclude_inplace(negate, args, kwargs)
  File "C:\Users\kate\PycharmProjects\member-management\venv\lib\site-packages\django\db\models\query.py", line 1461, in _filter_or_exclude_inplace
    self._query.add_q(Q(*args, **kwargs))
  File "C:\Users\kate\PycharmProjects\member-management\venv\lib\site-packages\django\db\models\sql\query.py", line 1546, in add_q
    clause, _ = self._add_q(q_object, self.used_aliases)
  File "C:\Users\kate\PycharmProjects\member-management\venv\lib\site-packages\django\db\models\sql\query.py", line 1577, in _add_q
    child_clause, needed_inner = self.build_filter(
  File "C:\Users\kate\PycharmProjects\member-management\venv\lib\site-packages\django\db\models\sql\query.py", line 1492, in build_filter
    condition = self.build_lookup(lookups, col, value)
  File "C:\Users\kate\PycharmProjects\member-management\venv\lib\site-packages\django\db\models\sql\query.py", line 1319, in build_lookup
    lookup = lookup_class(lhs, rhs)
  File "C:\Users\kate\PycharmProjects\member-management\venv\lib\site-packages\django\db\models\lookups.py", line 27, in __init__
    self.rhs = self.get_prep_lookup()
  File "C:\Users\kate\PycharmProjects\member-management\venv\lib\site-packages\django\db\models\lookups.py", line 341, in get_prep_lookup
    return super().get_prep_lookup()
  File "C:\Users\kate\PycharmProjects\member-management\venv\lib\site-packages\django\db\models\lookups.py", line 85, in get_prep_lookup
    return self.lhs.output_field.get_prep_value(self.rhs)
  File "C:\Users\kate\PycharmProjects\member-management\venv\lib\site-packages\django\db\models\fields\__init__.py", line 1959, in get_prep_value
    raise e.__class__(
ValueError: Field 'lat' expected a number but got ''.
"POST /one-ring/91/ HTTP/1.1" 500 154942
Watching for file changes with StatReloader
Not Found: /favicon.ico
"GET /favicon.ico HTTP/1.1" 404 19355
C:\Users\kate\PycharmProjects\member-management\management\views.py changed, reloading.
Watching for file changes with StatReloader
C:\Users\kate\PycharmProjects\member-management\management\views.py changed, reloading.
Watching for file changes with StatReloader
C:\Users\kate\PycharmProjects\member-management\management\views.py changed, reloading.
Watching for file changes with StatReloader
Internal Server Error: /one-ring/100/
Traceback (most recent call last):
  File "C:\Users\kate\PycharmProjects\member-management\venv\lib\site-packages\django\core\handlers\exception.py", line 55, in inner
    response = get_response(request)
  File "C:\Users\kate\PycharmProjects\member-management\venv\lib\site-packages\django\core\handlers\base.py", line 197, in _get_response
    response = wrapped_callback(request, *callback_args, **callback_kwargs)
  File "C:\Users\kate\PycharmProjects\member-management\management\views.py", line 4076, in one_ring
    individual_birthday = datetime.strptime(individual_birthday_str, '%Y-%m-%d').date()
  File "C:\Users\kate\AppData\Local\Programs\Python\Python39\lib\_strptime.py", line 568, in _strptime_datetime
    tt, fraction, gmtoff_fraction = _strptime(data_string, format)
  File "C:\Users\kate\AppData\Local\Programs\Python\Python39\lib\_strptime.py", line 349, in _strptime
    raise ValueError("time data %r does not match format %r" %
ValueError: time data '' does not match format '%Y-%m-%d'
"POST /one-ring/100/ HTTP/1.1" 500 82232
Internal Server Error: /one-ring/100/
Traceback (most recent call last):
  File "C:\Users\kate\PycharmProjects\member-management\venv\lib\site-packages\django\core\handlers\exception.py", line 55, in inner
    response = get_response(request)
  File "C:\Users\kate\PycharmProjects\member-management\venv\lib\site-packages\django\core\handlers\base.py", line 197, in _get_response
    response = wrapped_callback(request, *callback_args, **callback_kwargs)
  File "C:\Users\kate\PycharmProjects\member-management\management\views.py", line 4076, in one_ring
    individual_birthday = datetime.strptime(individual_birthday_str, '%Y-%m-%d').date()
  File "C:\Users\kate\AppData\Local\Programs\Python\Python39\lib\_strptime.py", line 568, in _strptime_datetime
    tt, fraction, gmtoff_fraction = _strptime(data_string, format)
  File "C:\Users\kate\AppData\Local\Programs\Python\Python39\lib\_strptime.py", line 349, in _strptime
    raise ValueError("time data %r does not match format %r" %
ValueError: time data '' does not match format '%Y-%m-%d'
"POST /one-ring/100/ HTTP/1.1" 500 82232
Internal Server Error: /one-ring/100/
Traceback (most recent call last):
  File "C:\Users\kate\PycharmProjects\member-management\venv\lib\site-packages\django\core\handlers\exception.py", line 55, in inner
    response = get_response(request)
  File "C:\Users\kate\PycharmProjects\member-management\venv\lib\site-packages\django\core\handlers\base.py", line 197, in _get_response
    response = wrapped_callback(request, *callback_args, **callback_kwargs)
  File "C:\Users\kate\PycharmProjects\member-management\management\views.py", line 4260, in one_ring
    parent_offsprings.children.save()
AttributeError: 'ManyRelatedManager' object has no attribute 'save'
"POST /one-ring/100/ HTTP/1.1" 500 77223
C:\Users\kate\PycharmProjects\member-management\management\views.py changed, reloading.
Watching for file changes with StatReloader
Not Found: /individual-family-conf/1-9/
"GET /individual-family-conf/1-9/ HTTP/1.1" 404 19403
C:\Users\kate\PycharmProjects\member-management\management\views.py changed, reloading.
Watching for file changes with StatReloader
C:\Users\kate\PycharmProjects\member-management\management\views.py changed, reloading.
Watching for file changes with StatReloader
C:\Users\kate\PycharmProjects\member-management\management\views.py changed, reloading.
Watching for file changes with StatReloader
C:\Users\kate\PycharmProjects\member-management\management\views.py changed, reloading.
Watching for file changes with StatReloader
C:\Users\kate\PycharmProjects\member-management\management\views.py changed, reloading.
Watching for file changes with StatReloader
C:\Users\kate\PycharmProjects\member-management\management\views.py changed, reloading.
Watching for file changes with StatReloader
C:\Users\kate\PycharmProjects\member-management\management\views.py changed, reloading.
Watching for file changes with StatReloader
Internal Server Error: /one-ring/107/
Traceback (most recent call last):
  File "C:\Users\kate\PycharmProjects\member-management\venv\lib\site-packages\django\core\handlers\exception.py", line 55, in inner
    response = get_response(request)
  File "C:\Users\kate\PycharmProjects\member-management\venv\lib\site-packages\django\core\handlers\base.py", line 197, in _get_response
    response = wrapped_callback(request, *callback_args, **callback_kwargs)
  File "C:\Users\kate\PycharmProjects\member-management\management\views.py", line 4313, in one_ring
    derived_child_sibling_segment.sibling.add(child_sibling)
AttributeError: 'IndividualSiblings' object has no attribute 'sibling'
"POST /one-ring/107/ HTTP/1.1" 500 77357
C:\Users\kate\PycharmProjects\member-management\management\views.py changed, reloading.
Watching for file changes with StatReloader
C:\Users\kate\PycharmProjects\member-management\management\views.py changed, reloading.
Watching for file changes with StatReloader
C:\Users\kate\PycharmProjects\member-management\management\views.py changed, reloading.
Watching for file changes with StatReloader
C:\Users\kate\PycharmProjects\member-management\management\views.py changed, reloading.
Watching for file changes with StatReloader
C:\Users\kate\PycharmProjects\member-management\management\views.py changed, reloading.
Watching for file changes with StatReloader
Internal Server Error: /individual-family-conf/43/
Traceback (most recent call last):
  File "C:\Users\kate\PycharmProjects\member-management\venv\lib\site-packages\django\core\handlers\exception.py", line 55, in inner
    response = get_response(request)
  File "C:\Users\kate\PycharmProjects\member-management\venv\lib\site-packages\django\core\handlers\base.py", line 197, in _get_response
    response = wrapped_callback(request, *callback_args, **callback_kwargs)
  File "C:\Users\kate\PycharmProjects\member-management\management\views.py", line 3980, in individual_family_input
    individual = Individual.objects.get(id=individual_id)
  File "C:\Users\kate\PycharmProjects\member-management\venv\lib\site-packages\django\db\models\manager.py", line 87, in manager_method
    return getattr(self.get_queryset(), name)(*args, **kwargs)
  File "C:\Users\kate\PycharmProjects\member-management\venv\lib\site-packages\django\db\models\query.py", line 637, in get
    raise self.model.DoesNotExist(
management.models.Individual.DoesNotExist: Individual matching query does not exist.
"GET /individual-family-conf/43/ HTTP/1.1" 500 74985
C:\Users\kate\PycharmProjects\member-management\management\views.py changed, reloading.
Watching for file changes with StatReloader
Internal Server Error: /one-ring/107/
Traceback (most recent call last):
  File "C:\Users\kate\PycharmProjects\member-management\venv\lib\site-packages\django\core\handlers\exception.py", line 55, in inner
    response = get_response(request)
  File "C:\Users\kate\PycharmProjects\member-management\venv\lib\site-packages\django\core\handlers\base.py", line 197, in _get_response
    response = wrapped_callback(request, *callback_args, **callback_kwargs)
  File "C:\Users\kate\PycharmProjects\member-management\management\views.py", line 4309, in one_ring
    if individual.spouse.gender == 'Female':
AttributeError: 'Individual' object has no attribute 'spouse'
"POST /one-ring/107/ HTTP/1.1" 500 76023
C:\Users\kate\PycharmProjects\member-management\management\views.py changed, reloading.
Watching for file changes with StatReloader
C:\Users\kate\PycharmProjects\member-management\management\views.py changed, reloading.
Watching for file changes with StatReloader
Internal Server Error: /individual-family-conf/107/
Traceback (most recent call last):
  File "C:\Users\kate\PycharmProjects\member-management\venv\lib\site-packages\django\core\handlers\exception.py", line 55, in inner
    response = get_response(request)
  File "C:\Users\kate\PycharmProjects\member-management\venv\lib\site-packages\django\core\handlers\base.py", line 197, in _get_response
    response = wrapped_callback(request, *callback_args, **callback_kwargs)
  File "C:\Users\kate\PycharmProjects\member-management\management\views.py", line 4009, in individual_family_input
    return render(request, 'individual_family_conf.html', {
  File "C:\Users\kate\PycharmProjects\member-management\venv\lib\site-packages\django\shortcuts.py", line 24, in render
    content = loader.render_to_string(template_name, context, request, using=using)
  File "C:\Users\kate\PycharmProjects\member-management\venv\lib\site-packages\django\template\loader.py", line 62, in render_to_string
    return template.render(context, request)
  File "C:\Users\kate\PycharmProjects\member-management\venv\lib\site-packages\django\template\backends\django.py", line 61, in render
    return self.template.render(context)
  File "C:\Users\kate\PycharmProjects\member-management\venv\lib\site-packages\django\template\base.py", line 175, in render
    return self._render(context)
  File "C:\Users\kate\PycharmProjects\member-management\venv\lib\site-packages\django\template\base.py", line 167, in _render
    return self.nodelist.render(context)
  File "C:\Users\kate\PycharmProjects\member-management\venv\lib\site-packages\django\template\base.py", line 1005, in render
    return SafeString("".join([node.render_annotated(context) for node in self]))
  File "C:\Users\kate\PycharmProjects\member-management\venv\lib\site-packages\django\template\base.py", line 1005, in <listcomp>
    return SafeString("".join([node.render_annotated(context) for node in self]))
  File "C:\Users\kate\PycharmProjects\member-management\venv\lib\site-packages\django\template\base.py", line 966, in render_annotated
    return self.render(context)
  File "C:\Users\kate\PycharmProjects\member-management\venv\lib\site-packages\django\template\loader_tags.py", line 157, in render
    return compiled_parent._render(context)
  File "C:\Users\kate\PycharmProjects\member-management\venv\lib\site-packages\django\template\base.py", line 167, in _render
    return self.nodelist.render(context)
  File "C:\Users\kate\PycharmProjects\member-management\venv\lib\site-packages\django\template\base.py", line 1005, in render
    return SafeString("".join([node.render_annotated(context) for node in self]))
  File "C:\Users\kate\PycharmProjects\member-management\venv\lib\site-packages\django\template\base.py", line 1005, in <listcomp>
    return SafeString("".join([node.render_annotated(context) for node in self]))
  File "C:\Users\kate\PycharmProjects\member-management\venv\lib\site-packages\django\template\base.py", line 966, in render_annotated
    return self.render(context)
  File "C:\Users\kate\PycharmProjects\member-management\venv\lib\site-packages\django\template\loader_tags.py", line 63, in render
    result = block.nodelist.render(context)
  File "C:\Users\kate\PycharmProjects\member-management\venv\lib\site-packages\django\template\base.py", line 1005, in render
    return SafeString("".join([node.render_annotated(context) for node in self]))
  File "C:\Users\kate\PycharmProjects\member-management\venv\lib\site-packages\django\template\base.py", line 1005, in <listcomp>
    return SafeString("".join([node.render_annotated(context) for node in self]))
  File "C:\Users\kate\PycharmProjects\member-management\venv\lib\site-packages\django\template\base.py", line 966, in render_annotated
    return self.render(context)
  File "C:\Users\kate\PycharmProjects\member-management\venv\lib\site-packages\django\template\defaulttags.py", line 238, in render
    nodelist.append(node.render_annotated(context))
  File "C:\Users\kate\PycharmProjects\member-management\venv\lib\site-packages\django\template\base.py", line 966, in render_annotated
    return self.render(context)
  File "C:\Users\kate\PycharmProjects\member-management\venv\lib\site-packages\django\template\defaulttags.py", line 321, in render
    return nodelist.render(context)
  File "C:\Users\kate\PycharmProjects\member-management\venv\lib\site-packages\django\template\base.py", line 1005, in render
    return SafeString("".join([node.render_annotated(context) for node in self]))
  File "C:\Users\kate\PycharmProjects\member-management\venv\lib\site-packages\django\template\base.py", line 1005, in <listcomp>
    return SafeString("".join([node.render_annotated(context) for node in self]))
  File "C:\Users\kate\PycharmProjects\member-management\venv\lib\site-packages\django\template\base.py", line 966, in render_annotated
    return self.render(context)
  File "C:\Users\kate\PycharmProjects\member-management\venv\lib\site-packages\django\template\defaulttags.py", line 321, in render
    return nodelist.render(context)
  File "C:\Users\kate\PycharmProjects\member-management\venv\lib\site-packages\django\template\base.py", line 1005, in render
    return SafeString("".join([node.render_annotated(context) for node in self]))
  File "C:\Users\kate\PycharmProjects\member-management\venv\lib\site-packages\django\template\base.py", line 1005, in <listcomp>
    return SafeString("".join([node.render_annotated(context) for node in self]))
  File "C:\Users\kate\PycharmProjects\member-management\venv\lib\site-packages\django\template\base.py", line 966, in render_annotated
    return self.render(context)
  File "C:\Users\kate\PycharmProjects\member-management\venv\lib\site-packages\django\template\defaulttags.py", line 238, in render
    nodelist.append(node.render_annotated(context))
  File "C:\Users\kate\PycharmProjects\member-management\venv\lib\site-packages\django\template\base.py", line 966, in render_annotated
    return self.render(context)
  File "C:\Users\kate\PycharmProjects\member-management\venv\lib\site-packages\django\template\defaulttags.py", line 471, in render
    url = reverse(view_name, args=args, kwargs=kwargs, current_app=current_app)
  File "C:\Users\kate\PycharmProjects\member-management\venv\lib\site-packages\django\urls\base.py", line 88, in reverse
    return resolver._reverse_with_prefix(view, prefix, *args, **kwargs)
  File "C:\Users\kate\PycharmProjects\member-management\venv\lib\site-packages\django\urls\resolvers.py", line 828, in _reverse_with_prefix
    raise NoReverseMatch(msg)
django.urls.exceptions.NoReverseMatch: Reverse for 'individual-family-conf' with arguments '('Crisanta',)' not found. 1 pattern(s) tried: ['individual\\-family\\-conf/(?P<individual_id>[0-9]+)/\\Z']
"GET /individual-family-conf/107/ HTTP/1.1" 500 272134
Watching for file changes with StatReloader
C:\Users\kate\PycharmProjects\member-management\management\views.py changed, reloading.
Watching for file changes with StatReloader
C:\Users\kate\PycharmProjects\member-management\management\views.py changed, reloading.
Watching for file changes with StatReloader
C:\Users\kate\PycharmProjects\member-management\management\views.py changed, reloading.
Watching for file changes with StatReloader
Internal Server Error: /individual-family-conf/132/
Traceback (most recent call last):
  File "C:\Users\kate\PycharmProjects\member-management\venv\lib\site-packages\django\core\handlers\exception.py", line 55, in inner
    response = get_response(request)
  File "C:\Users\kate\PycharmProjects\member-management\venv\lib\site-packages\django\core\handlers\base.py", line 197, in _get_response
    response = wrapped_callback(request, *callback_args, **callback_kwargs)
  File "C:\Users\kate\PycharmProjects\member-management\management\views.py", line 3980, in individual_family_input
    individual = Individual.objects.get(id=individual_id)
  File "C:\Users\kate\PycharmProjects\member-management\venv\lib\site-packages\django\db\models\manager.py", line 87, in manager_method
    return getattr(self.get_queryset(), name)(*args, **kwargs)
  File "C:\Users\kate\PycharmProjects\member-management\venv\lib\site-packages\django\db\models\query.py", line 637, in get
    raise self.model.DoesNotExist(
management.models.Individual.DoesNotExist: Individual matching query does not exist.
"GET /individual-family-conf/132/ HTTP/1.1" 500 75136
C:\Users\kate\PycharmProjects\member-management\management\views.py changed, reloading.
Watching for file changes with StatReloader
C:\Users\kate\PycharmProjects\member-management\management\views.py changed, reloading.
Watching for file changes with StatReloader
C:\Users\kate\PycharmProjects\member-management\management\views.py changed, reloading.
Watching for file changes with StatReloader
C:\Users\kate\PycharmProjects\member-management\management\views.py changed, reloading.
Watching for file changes with StatReloader
C:\Users\kate\PycharmProjects\member-management\management\views.py changed, reloading.
Watching for file changes with StatReloader
C:\Users\kate\PycharmProjects\member-management\management\views.py changed, reloading.
Watching for file changes with StatReloader
C:\Users\kate\PycharmProjects\member-management\management\views.py changed, reloading.
Watching for file changes with StatReloader
C:\Users\kate\PycharmProjects\member-management\management\views.py changed, reloading.
Watching for file changes with StatReloader
C:\Users\kate\PycharmProjects\member-management\management\views.py changed, reloading.
Watching for file changes with StatReloader
C:\Users\kate\PycharmProjects\member-management\management\views.py changed, reloading.
Watching for file changes with StatReloader
C:\Users\kate\PycharmProjects\member-management\management\views.py changed, reloading.
Watching for file changes with StatReloader
Watching for file changes with StatReloader
Not Found: /favicon.ico
"GET /favicon.ico HTTP/1.1" 404 19355
C:\Users\kate\PycharmProjects\member-management\management\admin.py changed, reloading.
Watching for file changes with StatReloader
C:\Users\kate\PycharmProjects\member-management\management\admin.py changed, reloading.
Watching for file changes with StatReloader
C:\Users\kate\PycharmProjects\member-management\management\admin.py changed, reloading.
Watching for file changes with StatReloader
C:\Users\kate\PycharmProjects\member-management\management\admin.py changed, reloading.
Watching for file changes with StatReloader
C:\Users\kate\PycharmProjects\member-management\management\models.py changed, reloading.
Watching for file changes with StatReloader
C:\Users\kate\PycharmProjects\member-management\management\admin.py changed, reloading.
Watching for file changes with StatReloader
C:\Users\kate\PycharmProjects\member-management\management\urls.py changed, reloading.
Watching for file changes with StatReloader
C:\Users\kate\PycharmProjects\member-management\management\admin.py changed, reloading.
Watching for file changes with StatReloader
C:\Users\kate\PycharmProjects\member-management\management\admin.py changed, reloading.
Watching for file changes with StatReloader
Watching for file changes with StatReloader
C:\Users\kate\PycharmProjects\member-management\management\views.py changed, reloading.
Watching for file changes with StatReloader
C:\Users\kate\PycharmProjects\member-management\management\views.py changed, reloading.
Watching for file changes with StatReloader
C:\Users\kate\PycharmProjects\member-management\management\views.py changed, reloading.
Watching for file changes with StatReloader
C:\Users\kate\PycharmProjects\member-management\management\urls.py changed, reloading.
Watching for file changes with StatReloader
Not Found: /reate-brgy-figure-obj/
"GET /reate-brgy-figure-obj/ HTTP/1.1" 404 19585
C:\Users\kate\PycharmProjects\member-management\management\views.py changed, reloading.
Watching for file changes with StatReloader
Internal Server Error: /brgy/Belen/
Traceback (most recent call last):
  File "C:\Users\kate\PycharmProjects\member-management\venv\lib\site-packages\django\core\handlers\exception.py", line 55, in inner
    response = get_response(request)
  File "C:\Users\kate\PycharmProjects\member-management\venv\lib\site-packages\django\core\handlers\base.py", line 197, in _get_response
    response = wrapped_callback(request, *callback_args, **callback_kwargs)
  File "C:\Users\kate\PycharmProjects\member-management\venv\lib\site-packages\django\contrib\auth\decorators.py", line 23, in _wrapper_view
    return view_func(request, *args, **kwargs)
  File "C:\Users\kate\PycharmProjects\member-management\management\decorators.py", line 75, in wrapper_func
    return view_func(request, *args, **kwargs)
  File "C:\Users\kate\PycharmProjects\member-management\management\views.py", line 135, in barangay_members
    brgy_figures, created_brgy_figures = BarangayFigures.objects.get(
TypeError: cannot unpack non-iterable BarangayFigures object
"GET /brgy/Belen/ HTTP/1.1" 500 78558
C:\Users\kate\PycharmProjects\member-management\management\views.py changed, reloading.
Watching for file changes with StatReloader
Internal Server Error: /brgy/Belen/
Traceback (most recent call last):
  File "C:\Users\kate\PycharmProjects\member-management\venv\lib\site-packages\django\core\handlers\exception.py", line 55, in inner
    response = get_response(request)
  File "C:\Users\kate\PycharmProjects\member-management\venv\lib\site-packages\django\core\handlers\base.py", line 197, in _get_response
    response = wrapped_callback(request, *callback_args, **callback_kwargs)
  File "C:\Users\kate\PycharmProjects\member-management\venv\lib\site-packages\django\contrib\auth\decorators.py", line 23, in _wrapper_view
    return view_func(request, *args, **kwargs)
  File "C:\Users\kate\PycharmProjects\member-management\management\decorators.py", line 75, in wrapper_func
    return view_func(request, *args, **kwargs)
  File "C:\Users\kate\PycharmProjects\member-management\management\views.py", line 146, in barangay_members
    return render(request, 'member_brgy.html', {
  File "C:\Users\kate\PycharmProjects\member-management\venv\lib\site-packages\django\shortcuts.py", line 24, in render
    content = loader.render_to_string(template_name, context, request, using=using)
  File "C:\Users\kate\PycharmProjects\member-management\venv\lib\site-packages\django\template\loader.py", line 61, in render_to_string
    template = get_template(template_name, using=using)
  File "C:\Users\kate\PycharmProjects\member-management\venv\lib\site-packages\django\template\loader.py", line 15, in get_template
    return engine.get_template(template_name)
  File "C:\Users\kate\PycharmProjects\member-management\venv\lib\site-packages\django\template\backends\django.py", line 33, in get_template
    return Template(self.engine.get_template(template_name), self)
  File "C:\Users\kate\PycharmProjects\member-management\venv\lib\site-packages\django\template\engine.py", line 175, in get_template
    template, origin = self.find_template(template_name)
  File "C:\Users\kate\PycharmProjects\member-management\venv\lib\site-packages\django\template\engine.py", line 157, in find_template
    template = loader.get_template(name, skip=skip)
  File "C:\Users\kate\PycharmProjects\member-management\venv\lib\site-packages\django\template\loaders\cached.py", line 57, in get_template
    template = super().get_template(template_name, skip)
  File "C:\Users\kate\PycharmProjects\member-management\venv\lib\site-packages\django\template\loaders\base.py", line 28, in get_template
    return Template(
  File "C:\Users\kate\PycharmProjects\member-management\venv\lib\site-packages\django\template\base.py", line 154, in __init__
    self.nodelist = self.compile_nodelist()
  File "C:\Users\kate\PycharmProjects\member-management\venv\lib\site-packages\django\template\base.py", line 200, in compile_nodelist
    return parser.parse()
  File "C:\Users\kate\PycharmProjects\member-management\venv\lib\site-packages\django\template\base.py", line 513, in parse
    raise self.error(token, e)
  File "C:\Users\kate\PycharmProjects\member-management\venv\lib\site-packages\django\template\base.py", line 511, in parse
    compiled_result = compile_func(self, token)
  File "C:\Users\kate\PycharmProjects\member-management\venv\lib\site-packages\django\template\loader_tags.py", line 293, in do_extends
    nodelist = parser.parse()
  File "C:\Users\kate\PycharmProjects\member-management\venv\lib\site-packages\django\template\base.py", line 513, in parse
    raise self.error(token, e)
  File "C:\Users\kate\PycharmProjects\member-management\venv\lib\site-packages\django\template\base.py", line 511, in parse
    compiled_result = compile_func(self, token)
  File "C:\Users\kate\PycharmProjects\member-management\venv\lib\site-packages\django\template\loader_tags.py", line 232, in do_block
    nodelist = parser.parse(("endblock",))
  File "C:\Users\kate\PycharmProjects\member-management\venv\lib\site-packages\django\template\base.py", line 513, in parse
    raise self.error(token, e)
  File "C:\Users\kate\PycharmProjects\member-management\venv\lib\site-packages\django\template\base.py", line 511, in parse
    compiled_result = compile_func(self, token)
  File "C:\Users\kate\PycharmProjects\member-management\venv\lib\site-packages\django\template\defaulttags.py", line 832, in do_for
    raise TemplateSyntaxError(
django.template.exceptions.TemplateSyntaxError: 'for' statements should have at least four words: for official brgy_figures.officials.all
"GET /brgy/Belen/ HTTP/1.1" 500 229807
C:\Users\kate\PycharmProjects\member-management\management\views.py changed, reloading.
Watching for file changes with StatReloader
C:\Users\kate\PycharmProjects\member-management\management\views.py changed, reloading.
Watching for file changes with StatReloader
C:\Users\kate\PycharmProjects\member-management\management\views.py changed, reloading.
Watching for file changes with StatReloader
C:\Users\kate\PycharmProjects\member-management\management\views.py changed, reloading.
Watching for file changes with StatReloader
C:\Users\kate\PycharmProjects\member-management\management\views.py changed, reloading.
Watching for file changes with StatReloader
C:\Users\kate\PycharmProjects\member-management\management\views.py changed, reloading.
Watching for file changes with StatReloader
Internal Server Error: /brgy/Belen/
Traceback (most recent call last):
  File "C:\Users\kate\PycharmProjects\member-management\venv\lib\site-packages\django\core\handlers\exception.py", line 55, in inner
    response = get_response(request)
  File "C:\Users\kate\PycharmProjects\member-management\venv\lib\site-packages\django\core\handlers\base.py", line 197, in _get_response
    response = wrapped_callback(request, *callback_args, **callback_kwargs)
  File "C:\Users\kate\PycharmProjects\member-management\venv\lib\site-packages\django\contrib\auth\decorators.py", line 23, in _wrapper_view
    return view_func(request, *args, **kwargs)
  File "C:\Users\kate\PycharmProjects\member-management\management\decorators.py", line 75, in wrapper_func
    return view_func(request, *args, **kwargs)
  File "C:\Users\kate\PycharmProjects\member-management\management\views.py", line 176, in barangay_members
    'brgy_election': brgy_election,
NameError: name 'brgy_election' is not defined
"GET /brgy/Belen/ HTTP/1.1" 500 79267
C:\Users\kate\PycharmProjects\member-management\management\views.py changed, reloading.
Watching for file changes with StatReloader
Watching for file changes with StatReloader
Not Found: /favicon.ico
"GET /favicon.ico HTTP/1.1" 404 19760
C:\Users\kate\PycharmProjects\member-management\management\views.py changed, reloading.
Watching for file changes with StatReloader
C:\Users\kate\PycharmProjects\member-management\management\views.py changed, reloading.
Watching for file changes with StatReloader
C:\Users\kate\PycharmProjects\member-management\management\views.py changed, reloading.
Watching for file changes with StatReloader
C:\Users\kate\PycharmProjects\member-management\management\views.py changed, reloading.
Watching for file changes with StatReloader
Internal Server Error: /brgy/Baguinbin/
Traceback (most recent call last):
  File "C:\Users\kate\PycharmProjects\member-management\venv\lib\site-packages\django\core\handlers\exception.py", line 55, in inner
    response = get_response(request)
  File "C:\Users\kate\PycharmProjects\member-management\venv\lib\site-packages\django\core\handlers\base.py", line 197, in _get_response
    response = wrapped_callback(request, *callback_args, **callback_kwargs)
  File "C:\Users\kate\PycharmProjects\member-management\venv\lib\site-packages\django\contrib\auth\decorators.py", line 23, in _wrapper_view
    return view_func(request, *args, **kwargs)
  File "C:\Users\kate\PycharmProjects\member-management\management\decorators.py", line 75, in wrapper_func
    return view_func(request, *args, **kwargs)
  File "C:\Users\kate\PycharmProjects\member-management\management\views.py", line 183, in barangay_members
    'brgy_election_result': brgy_election_result,
UnboundLocalError: local variable 'brgy_election_result' referenced before assignment
"GET /brgy/Baguinbin/ HTTP/1.1" 500 79126
Internal Server Error: /brgy/Baguinbin/
Traceback (most recent call last):
  File "C:\Users\kate\PycharmProjects\member-management\venv\lib\site-packages\django\core\handlers\exception.py", line 55, in inner
    response = get_response(request)
  File "C:\Users\kate\PycharmProjects\member-management\venv\lib\site-packages\django\core\handlers\base.py", line 197, in _get_response
    response = wrapped_callback(request, *callback_args, **callback_kwargs)
  File "C:\Users\kate\PycharmProjects\member-management\venv\lib\site-packages\django\contrib\auth\decorators.py", line 23, in _wrapper_view
    return view_func(request, *args, **kwargs)
  File "C:\Users\kate\PycharmProjects\member-management\management\decorators.py", line 75, in wrapper_func
    return view_func(request, *args, **kwargs)
  File "C:\Users\kate\PycharmProjects\member-management\management\views.py", line 183, in barangay_members
    'brgy_election_result': brgy_election_result,
UnboundLocalError: local variable 'brgy_election_result' referenced before assignment
"GET /brgy/Baguinbin/ HTTP/1.1" 500 79126
C:\Users\kate\PycharmProjects\member-management\management\views.py changed, reloading.
Watching for file changes with StatReloader
C:\Users\kate\PycharmProjects\member-management\management\models.py changed, reloading.
Watching for file changes with StatReloader
C:\Users\kate\PycharmProjects\member-management\management\views.py changed, reloading.
Watching for file changes with StatReloader
C:\Users\kate\PycharmProjects\member-management\management\views.py changed, reloading.
Watching for file changes with StatReloader
Watching for file changes with StatReloader
Watching for file changes with StatReloader
Watching for file changes with StatReloader
Watching for file changes with StatReloader
Watching for file changes with StatReloader
C:\Users\kate\PycharmProjects\member-management\management\views.py changed, reloading.
Watching for file changes with StatReloader
C:\Users\kate\PycharmProjects\member-management\management\views.py changed, reloading.
Watching for file changes with StatReloader
C:\Users\kate\PycharmProjects\member-management\management\views.py changed, reloading.
Watching for file changes with StatReloader
C:\Users\kate\PycharmProjects\member-management\management\views.py changed, reloading.
Watching for file changes with StatReloader
C:\Users\kate\PycharmProjects\member-management\management\views.py changed, reloading.
Watching for file changes with StatReloader
C:\Users\kate\PycharmProjects\member-management\management\views.py changed, reloading.
Watching for file changes with StatReloader
C:\Users\kate\PycharmProjects\member-management\management\views.py changed, reloading.
Watching for file changes with StatReloader
C:\Users\kate\PycharmProjects\member-management\management\models.py changed, reloading.
Watching for file changes with StatReloader
C:\Users\kate\PycharmProjects\member-management\management\models.py changed, reloading.
Watching for file changes with StatReloader
C:\Users\kate\PycharmProjects\member-management\management\models.py changed, reloading.
Watching for file changes with StatReloader
C:\Users\kate\PycharmProjects\member-management\management\views.py changed, reloading.
Watching for file changes with StatReloader
C:\Users\kate\PycharmProjects\member-management\management\views.py changed, reloading.
Watching for file changes with StatReloader
C:\Users\kate\PycharmProjects\member-management\management\views.py changed, reloading.
Watching for file changes with StatReloader
C:\Users\kate\PycharmProjects\member-management\management\views.py changed, reloading.
Watching for file changes with StatReloader
C:\Users\kate\PycharmProjects\member-management\management\views.py changed, reloading.
Watching for file changes with StatReloader
C:\Users\kate\PycharmProjects\member-management\management\views.py changed, reloading.
Watching for file changes with StatReloader
C:\Users\kate\PycharmProjects\member-management\management\views.py changed, reloading.
Watching for file changes with StatReloader
C:\Users\kate\PycharmProjects\member-management\management\models.py changed, reloading.
Watching for file changes with StatReloader
C:\Users\kate\PycharmProjects\member-management\management\views.py changed, reloading.
Watching for file changes with StatReloader
C:\Users\kate\PycharmProjects\member-management\management\views.py changed, reloading.
Watching for file changes with StatReloader
Internal Server Error: /brgy/Baguinbin/
Traceback (most recent call last):
  File "C:\Users\kate\PycharmProjects\member-management\venv\lib\site-packages\django\core\handlers\exception.py", line 55, in inner
    response = get_response(request)
  File "C:\Users\kate\PycharmProjects\member-management\venv\lib\site-packages\django\core\handlers\base.py", line 197, in _get_response
    response = wrapped_callback(request, *callback_args, **callback_kwargs)
  File "C:\Users\kate\PycharmProjects\member-management\venv\lib\site-packages\django\contrib\auth\decorators.py", line 23, in _wrapper_view
    return view_func(request, *args, **kwargs)
  File "C:\Users\kate\PycharmProjects\member-management\management\decorators.py", line 75, in wrapper_func
    return view_func(request, *args, **kwargs)
  File "C:\Users\kate\PycharmProjects\member-management\management\views.py", line 141, in barangay_members
    if BarangayElectionContender.objects.filter(election=brgy_election_results).exists():
  File "C:\Users\kate\PycharmProjects\member-management\venv\lib\site-packages\django\db\models\manager.py", line 87, in manager_method
    return getattr(self.get_queryset(), name)(*args, **kwargs)
  File "C:\Users\kate\PycharmProjects\member-management\venv\lib\site-packages\django\db\models\query.py", line 1436, in filter
    return self._filter_or_exclude(False, args, kwargs)
  File "C:\Users\kate\PycharmProjects\member-management\venv\lib\site-packages\django\db\models\query.py", line 1454, in _filter_or_exclude
    clone._filter_or_exclude_inplace(negate, args, kwargs)
  File "C:\Users\kate\PycharmProjects\member-management\venv\lib\site-packages\django\db\models\query.py", line 1461, in _filter_or_exclude_inplace
    self._query.add_q(Q(*args, **kwargs))
  File "C:\Users\kate\PycharmProjects\member-management\venv\lib\site-packages\django\db\models\sql\query.py", line 1546, in add_q
    clause, _ = self._add_q(q_object, self.used_aliases)
  File "C:\Users\kate\PycharmProjects\member-management\venv\lib\site-packages\django\db\models\sql\query.py", line 1577, in _add_q
    child_clause, needed_inner = self.build_filter(
  File "C:\Users\kate\PycharmProjects\member-management\venv\lib\site-packages\django\db\models\sql\query.py", line 1492, in build_filter
    condition = self.build_lookup(lookups, col, value)
  File "C:\Users\kate\PycharmProjects\member-management\venv\lib\site-packages\django\db\models\sql\query.py", line 1319, in build_lookup
    lookup = lookup_class(lhs, rhs)
  File "C:\Users\kate\PycharmProjects\member-management\venv\lib\site-packages\django\db\models\lookups.py", line 27, in __init__
    self.rhs = self.get_prep_lookup()
  File "C:\Users\kate\PycharmProjects\member-management\venv\lib\site-packages\django\db\models\fields\related_lookups.py", line 168, in get_prep_lookup
    return super().get_prep_lookup()
  File "C:\Users\kate\PycharmProjects\member-management\venv\lib\site-packages\django\db\models\lookups.py", line 337, in get_prep_lookup
    raise ValueError(
ValueError: The QuerySet value for an exact lookup must be limited to one result using slicing.
"GET /brgy/Baguinbin/ HTTP/1.1" 500 132707
C:\Users\kate\PycharmProjects\member-management\management\views.py changed, reloading.
Watching for file changes with StatReloader
Internal Server Error: /brgy/Baguinbin/
Traceback (most recent call last):
  File "C:\Users\kate\PycharmProjects\member-management\venv\lib\site-packages\django\core\handlers\exception.py", line 55, in inner
    response = get_response(request)
  File "C:\Users\kate\PycharmProjects\member-management\venv\lib\site-packages\django\core\handlers\base.py", line 197, in _get_response
    response = wrapped_callback(request, *callback_args, **callback_kwargs)
  File "C:\Users\kate\PycharmProjects\member-management\venv\lib\site-packages\django\contrib\auth\decorators.py", line 23, in _wrapper_view
    return view_func(request, *args, **kwargs)
  File "C:\Users\kate\PycharmProjects\member-management\management\decorators.py", line 75, in wrapper_func
    return view_func(request, *args, **kwargs)
  File "C:\Users\kate\PycharmProjects\member-management\management\views.py", line 141, in barangay_members
    if BarangayElectionContender.objects.filter(election=brgy_election_results).exists():
  File "C:\Users\kate\PycharmProjects\member-management\venv\lib\site-packages\django\db\models\manager.py", line 87, in manager_method
    return getattr(self.get_queryset(), name)(*args, **kwargs)
  File "C:\Users\kate\PycharmProjects\member-management\venv\lib\site-packages\django\db\models\query.py", line 1436, in filter
    return self._filter_or_exclude(False, args, kwargs)
  File "C:\Users\kate\PycharmProjects\member-management\venv\lib\site-packages\django\db\models\query.py", line 1454, in _filter_or_exclude
    clone._filter_or_exclude_inplace(negate, args, kwargs)
  File "C:\Users\kate\PycharmProjects\member-management\venv\lib\site-packages\django\db\models\query.py", line 1461, in _filter_or_exclude_inplace
    self._query.add_q(Q(*args, **kwargs))
  File "C:\Users\kate\PycharmProjects\member-management\venv\lib\site-packages\django\db\models\sql\query.py", line 1546, in add_q
    clause, _ = self._add_q(q_object, self.used_aliases)
  File "C:\Users\kate\PycharmProjects\member-management\venv\lib\site-packages\django\db\models\sql\query.py", line 1577, in _add_q
    child_clause, needed_inner = self.build_filter(
  File "C:\Users\kate\PycharmProjects\member-management\venv\lib\site-packages\django\db\models\sql\query.py", line 1492, in build_filter
    condition = self.build_lookup(lookups, col, value)
  File "C:\Users\kate\PycharmProjects\member-management\venv\lib\site-packages\django\db\models\sql\query.py", line 1319, in build_lookup
    lookup = lookup_class(lhs, rhs)
  File "C:\Users\kate\PycharmProjects\member-management\venv\lib\site-packages\django\db\models\lookups.py", line 27, in __init__
    self.rhs = self.get_prep_lookup()
  File "C:\Users\kate\PycharmProjects\member-management\venv\lib\site-packages\django\db\models\fields\related_lookups.py", line 168, in get_prep_lookup
    return super().get_prep_lookup()
  File "C:\Users\kate\PycharmProjects\member-management\venv\lib\site-packages\django\db\models\lookups.py", line 337, in get_prep_lookup
    raise ValueError(
ValueError: The QuerySet value for an exact lookup must be limited to one result using slicing.
"GET /brgy/Baguinbin/ HTTP/1.1" 500 132707
C:\Users\kate\PycharmProjects\member-management\management\views.py changed, reloading.
Watching for file changes with StatReloader
C:\Users\kate\PycharmProjects\member-management\management\views.py changed, reloading.
Watching for file changes with StatReloader
Watching for file changes with StatReloader
Watching for file changes with StatReloader
Watching for file changes with StatReloader
Internal Server Error: /brgy/Baguinbin/
Traceback (most recent call last):
  File "C:\Users\kate\PycharmProjects\member-management\venv\lib\site-packages\django\core\handlers\exception.py", line 55, in inner
    response = get_response(request)
  File "C:\Users\kate\PycharmProjects\member-management\venv\lib\site-packages\django\core\handlers\base.py", line 197, in _get_response
    response = wrapped_callback(request, *callback_args, **callback_kwargs)
  File "C:\Users\kate\PycharmProjects\member-management\venv\lib\site-packages\django\contrib\auth\decorators.py", line 23, in _wrapper_view
    return view_func(request, *args, **kwargs)
  File "C:\Users\kate\PycharmProjects\member-management\management\decorators.py", line 75, in wrapper_func
    return view_func(request, *args, **kwargs)
  File "C:\Users\kate\PycharmProjects\member-management\management\views.py", line 235, in barangay_members
    'contenders': contenders,
NameError: name 'contenders' is not defined
"GET /brgy/Baguinbin/ HTTP/1.1" 500 78688
C:\Users\kate\PycharmProjects\member-management\management\views.py changed, reloading.
Watching for file changes with StatReloader
Internal Server Error: /brgy/Baguinbin/
Traceback (most recent call last):
  File "C:\Users\kate\PycharmProjects\member-management\venv\lib\site-packages\django\core\handlers\exception.py", line 55, in inner
    response = get_response(request)
  File "C:\Users\kate\PycharmProjects\member-management\venv\lib\site-packages\django\core\handlers\base.py", line 197, in _get_response
    response = wrapped_callback(request, *callback_args, **callback_kwargs)
  File "C:\Users\kate\PycharmProjects\member-management\venv\lib\site-packages\django\contrib\auth\decorators.py", line 23, in _wrapper_view
    return view_func(request, *args, **kwargs)
  File "C:\Users\kate\PycharmProjects\member-management\management\decorators.py", line 75, in wrapper_func
    return view_func(request, *args, **kwargs)
  File "C:\Users\kate\PycharmProjects\member-management\management\views.py", line 163, in barangay_members
    brgy_result_instance = BarangayElectionResults.objects.get(idc=contender_brgy)
  File "C:\Users\kate\PycharmProjects\member-management\venv\lib\site-packages\django\db\models\manager.py", line 87, in manager_method
    return getattr(self.get_queryset(), name)(*args, **kwargs)
  File "C:\Users\kate\PycharmProjects\member-management\venv\lib\site-packages\django\db\models\query.py", line 623, in get
    clone = self._chain() if self.query.combinator else self.filter(*args, **kwargs)
  File "C:\Users\kate\PycharmProjects\member-management\venv\lib\site-packages\django\db\models\query.py", line 1436, in filter
    return self._filter_or_exclude(False, args, kwargs)
  File "C:\Users\kate\PycharmProjects\member-management\venv\lib\site-packages\django\db\models\query.py", line 1454, in _filter_or_exclude
    clone._filter_or_exclude_inplace(negate, args, kwargs)
  File "C:\Users\kate\PycharmProjects\member-management\venv\lib\site-packages\django\db\models\query.py", line 1461, in _filter_or_exclude_inplace
    self._query.add_q(Q(*args, **kwargs))
  File "C:\Users\kate\PycharmProjects\member-management\venv\lib\site-packages\django\db\models\sql\query.py", line 1546, in add_q
    clause, _ = self._add_q(q_object, self.used_aliases)
  File "C:\Users\kate\PycharmProjects\member-management\venv\lib\site-packages\django\db\models\sql\query.py", line 1577, in _add_q
    child_clause, needed_inner = self.build_filter(
  File "C:\Users\kate\PycharmProjects\member-management\venv\lib\site-packages\django\db\models\sql\query.py", line 1427, in build_filter
    lookups, parts, reffed_expression = self.solve_lookup_type(arg, summarize)
  File "C:\Users\kate\PycharmProjects\member-management\venv\lib\site-packages\django\db\models\sql\query.py", line 1237, in solve_lookup_type
    _, field, _, lookup_parts = self.names_to_path(lookup_splitted, self.get_meta())
  File "C:\Users\kate\PycharmProjects\member-management\venv\lib\site-packages\django\db\models\sql\query.py", line 1725, in names_to_path
    raise FieldError(
django.core.exceptions.FieldError: Cannot resolve keyword 'idc' into field. Choices are: brgy, brgy_id, contenders, election_type, election_type_id, election_year, id
"POST /brgy/Baguinbin/ HTTP/1.1" 500 129261
C:\Users\kate\PycharmProjects\member-management\management\views.py changed, reloading.
Watching for file changes with StatReloader
Watching for file changes with StatReloader
Internal Server Error: /brgy/Baguinbin/
Traceback (most recent call last):
  File "C:\Users\kate\PycharmProjects\member-management\venv\lib\site-packages\django\db\models\query.py", line 916, in get_or_create
    return self.get(**kwargs), False
  File "C:\Users\kate\PycharmProjects\member-management\venv\lib\site-packages\django\db\models\query.py", line 637, in get
    raise self.model.DoesNotExist(
management.models.BarangayElectionContender.DoesNotExist: BarangayElectionContender matching query does not exist.

During handling of the above exception, another exception occurred:

Traceback (most recent call last):
  File "C:\Users\kate\PycharmProjects\member-management\venv\lib\site-packages\django\db\backends\utils.py", line 89, in _execute
    return self.cursor.execute(sql, params)
  File "C:\Users\kate\PycharmProjects\member-management\venv\lib\site-packages\django\db\backends\sqlite3\base.py", line 328, in execute
    return super().execute(query, params)
sqlite3.IntegrityError: NOT NULL constraint failed: management_barangayelectioncontender.vote_count

The above exception was the direct cause of the following exception:

Traceback (most recent call last):
  File "C:\Users\kate\PycharmProjects\member-management\venv\lib\site-packages\django\core\handlers\exception.py", line 55, in inner
    response = get_response(request)
  File "C:\Users\kate\PycharmProjects\member-management\venv\lib\site-packages\django\core\handlers\base.py", line 197, in _get_response
    response = wrapped_callback(request, *callback_args, **callback_kwargs)
  File "C:\Users\kate\PycharmProjects\member-management\venv\lib\site-packages\django\contrib\auth\decorators.py", line 23, in _wrapper_view
    return view_func(request, *args, **kwargs)
  File "C:\Users\kate\PycharmProjects\member-management\management\decorators.py", line 75, in wrapper_func
    return view_func(request, *args, **kwargs)
  File "C:\Users\kate\PycharmProjects\member-management\management\views.py", line 165, in barangay_members
    brgy_election_contender, created_contender = BarangayElectionContender.objects.get_or_create(
  File "C:\Users\kate\PycharmProjects\member-management\venv\lib\site-packages\django\db\models\manager.py", line 87, in manager_method
    return getattr(self.get_queryset(), name)(*args, **kwargs)
  File "C:\Users\kate\PycharmProjects\member-management\venv\lib\site-packages\django\db\models\query.py", line 923, in get_or_create
    return self.create(**params), True
  File "C:\Users\kate\PycharmProjects\member-management\venv\lib\site-packages\django\db\models\query.py", line 658, in create
    obj.save(force_insert=True, using=self.db)
  File "C:\Users\kate\PycharmProjects\member-management\venv\lib\site-packages\django\db\models\base.py", line 814, in save
    self.save_base(
  File "C:\Users\kate\PycharmProjects\member-management\venv\lib\site-packages\django\db\models\base.py", line 877, in save_base
    updated = self._save_table(
  File "C:\Users\kate\PycharmProjects\member-management\venv\lib\site-packages\django\db\models\base.py", line 1020, in _save_table
    results = self._do_insert(
  File "C:\Users\kate\PycharmProjects\member-management\venv\lib\site-packages\django\db\models\base.py", line 1061, in _do_insert
    return manager._insert(
  File "C:\Users\kate\PycharmProjects\member-management\venv\lib\site-packages\django\db\models\manager.py", line 87, in manager_method
    return getattr(self.get_queryset(), name)(*args, **kwargs)
  File "C:\Users\kate\PycharmProjects\member-management\venv\lib\site-packages\django\db\models\query.py", line 1805, in _insert
    return query.get_compiler(using=using).execute_sql(returning_fields)
  File "C:\Users\kate\PycharmProjects\member-management\venv\lib\site-packages\django\db\models\sql\compiler.py", line 1822, in execute_sql
    cursor.execute(sql, params)
  File "C:\Users\kate\PycharmProjects\member-management\venv\lib\site-packages\django\db\backends\utils.py", line 102, in execute
    return super().execute(sql, params)
  File "C:\Users\kate\PycharmProjects\member-management\venv\lib\site-packages\django\db\backends\utils.py", line 67, in execute
    return self._execute_with_wrappers(
  File "C:\Users\kate\PycharmProjects\member-management\venv\lib\site-packages\django\db\backends\utils.py", line 80, in _execute_with_wrappers
    return executor(sql, params, many, context)
  File "C:\Users\kate\PycharmProjects\member-management\venv\lib\site-packages\django\db\backends\utils.py", line 89, in _execute
    return self.cursor.execute(sql, params)
  File "C:\Users\kate\PycharmProjects\member-management\venv\lib\site-packages\django\db\utils.py", line 91, in __exit__
    raise dj_exc_value.with_traceback(traceback) from exc_value
  File "C:\Users\kate\PycharmProjects\member-management\venv\lib\site-packages\django\db\backends\utils.py", line 89, in _execute
    return self.cursor.execute(sql, params)
  File "C:\Users\kate\PycharmProjects\member-management\venv\lib\site-packages\django\db\backends\sqlite3\base.py", line 328, in execute
    return super().execute(query, params)
django.db.utils.IntegrityError: NOT NULL constraint failed: management_barangayelectioncontender.vote_count
"POST /brgy/Baguinbin/ HTTP/1.1" 500 184295
C:\Users\kate\PycharmProjects\member-management\management\views.py changed, reloading.
Watching for file changes with StatReloader
Internal Server Error: /brgy/Baguinbin/
Traceback (most recent call last):
  File "C:\Users\kate\PycharmProjects\member-management\venv\lib\site-packages\django\db\models\query.py", line 916, in get_or_create
    return self.get(**kwargs), False
  File "C:\Users\kate\PycharmProjects\member-management\venv\lib\site-packages\django\db\models\query.py", line 637, in get
    raise self.model.DoesNotExist(
management.models.BarangayElectionContender.DoesNotExist: BarangayElectionContender matching query does not exist.

During handling of the above exception, another exception occurred:

Traceback (most recent call last):
  File "C:\Users\kate\PycharmProjects\member-management\venv\lib\site-packages\django\db\backends\utils.py", line 89, in _execute
    return self.cursor.execute(sql, params)
  File "C:\Users\kate\PycharmProjects\member-management\venv\lib\site-packages\django\db\backends\sqlite3\base.py", line 328, in execute
    return super().execute(query, params)
sqlite3.IntegrityError: NOT NULL constraint failed: management_barangayelectioncontender.vote_count

The above exception was the direct cause of the following exception:

Traceback (most recent call last):
  File "C:\Users\kate\PycharmProjects\member-management\venv\lib\site-packages\django\core\handlers\exception.py", line 55, in inner
    response = get_response(request)
  File "C:\Users\kate\PycharmProjects\member-management\venv\lib\site-packages\django\core\handlers\base.py", line 197, in _get_response
    response = wrapped_callback(request, *callback_args, **callback_kwargs)
  File "C:\Users\kate\PycharmProjects\member-management\venv\lib\site-packages\django\contrib\auth\decorators.py", line 23, in _wrapper_view
    return view_func(request, *args, **kwargs)
  File "C:\Users\kate\PycharmProjects\member-management\management\decorators.py", line 75, in wrapper_func
    return view_func(request, *args, **kwargs)
  File "C:\Users\kate\PycharmProjects\member-management\management\views.py", line 165, in barangay_members
    brgy_election_contender, created_contender = BarangayElectionContender.objects.get_or_create(
  File "C:\Users\kate\PycharmProjects\member-management\venv\lib\site-packages\django\db\models\manager.py", line 87, in manager_method
    return getattr(self.get_queryset(), name)(*args, **kwargs)
  File "C:\Users\kate\PycharmProjects\member-management\venv\lib\site-packages\django\db\models\query.py", line 923, in get_or_create
    return self.create(**params), True
  File "C:\Users\kate\PycharmProjects\member-management\venv\lib\site-packages\django\db\models\query.py", line 658, in create
    obj.save(force_insert=True, using=self.db)
  File "C:\Users\kate\PycharmProjects\member-management\venv\lib\site-packages\django\db\models\base.py", line 814, in save
    self.save_base(
  File "C:\Users\kate\PycharmProjects\member-management\venv\lib\site-packages\django\db\models\base.py", line 877, in save_base
    updated = self._save_table(
  File "C:\Users\kate\PycharmProjects\member-management\venv\lib\site-packages\django\db\models\base.py", line 1020, in _save_table
    results = self._do_insert(
  File "C:\Users\kate\PycharmProjects\member-management\venv\lib\site-packages\django\db\models\base.py", line 1061, in _do_insert
    return manager._insert(
  File "C:\Users\kate\PycharmProjects\member-management\venv\lib\site-packages\django\db\models\manager.py", line 87, in manager_method
    return getattr(self.get_queryset(), name)(*args, **kwargs)
  File "C:\Users\kate\PycharmProjects\member-management\venv\lib\site-packages\django\db\models\query.py", line 1805, in _insert
    return query.get_compiler(using=using).execute_sql(returning_fields)
  File "C:\Users\kate\PycharmProjects\member-management\venv\lib\site-packages\django\db\models\sql\compiler.py", line 1822, in execute_sql
    cursor.execute(sql, params)
  File "C:\Users\kate\PycharmProjects\member-management\venv\lib\site-packages\django\db\backends\utils.py", line 102, in execute
    return super().execute(sql, params)
  File "C:\Users\kate\PycharmProjects\member-management\venv\lib\site-packages\django\db\backends\utils.py", line 67, in execute
    return self._execute_with_wrappers(
  File "C:\Users\kate\PycharmProjects\member-management\venv\lib\site-packages\django\db\backends\utils.py", line 80, in _execute_with_wrappers
    return executor(sql, params, many, context)
  File "C:\Users\kate\PycharmProjects\member-management\venv\lib\site-packages\django\db\backends\utils.py", line 89, in _execute
    return self.cursor.execute(sql, params)
  File "C:\Users\kate\PycharmProjects\member-management\venv\lib\site-packages\django\db\utils.py", line 91, in __exit__
    raise dj_exc_value.with_traceback(traceback) from exc_value
  File "C:\Users\kate\PycharmProjects\member-management\venv\lib\site-packages\django\db\backends\utils.py", line 89, in _execute
    return self.cursor.execute(sql, params)
  File "C:\Users\kate\PycharmProjects\member-management\venv\lib\site-packages\django\db\backends\sqlite3\base.py", line 328, in execute
    return super().execute(query, params)
django.db.utils.IntegrityError: NOT NULL constraint failed: management_barangayelectioncontender.vote_count
"POST /brgy/Baguinbin/ HTTP/1.1" 500 184296
C:\Users\kate\PycharmProjects\member-management\management\views.py changed, reloading.
Watching for file changes with StatReloader
Internal Server Error: /brgy/Baguinbin/
Traceback (most recent call last):
  File "C:\Users\kate\PycharmProjects\member-management\venv\lib\site-packages\django\db\models\query.py", line 916, in get_or_create
    return self.get(**kwargs), False
  File "C:\Users\kate\PycharmProjects\member-management\venv\lib\site-packages\django\db\models\query.py", line 637, in get
    raise self.model.DoesNotExist(
management.models.BarangayElectionContender.DoesNotExist: BarangayElectionContender matching query does not exist.

During handling of the above exception, another exception occurred:

Traceback (most recent call last):
  File "C:\Users\kate\PycharmProjects\member-management\venv\lib\site-packages\django\db\backends\utils.py", line 89, in _execute
    return self.cursor.execute(sql, params)
  File "C:\Users\kate\PycharmProjects\member-management\venv\lib\site-packages\django\db\backends\sqlite3\base.py", line 328, in execute
    return super().execute(query, params)
sqlite3.IntegrityError: NOT NULL constraint failed: management_barangayelectioncontender.vote_count

The above exception was the direct cause of the following exception:

Traceback (most recent call last):
  File "C:\Users\kate\PycharmProjects\member-management\venv\lib\site-packages\django\core\handlers\exception.py", line 55, in inner
    response = get_response(request)
  File "C:\Users\kate\PycharmProjects\member-management\venv\lib\site-packages\django\core\handlers\base.py", line 197, in _get_response
    response = wrapped_callback(request, *callback_args, **callback_kwargs)
  File "C:\Users\kate\PycharmProjects\member-management\venv\lib\site-packages\django\contrib\auth\decorators.py", line 23, in _wrapper_view
    return view_func(request, *args, **kwargs)
  File "C:\Users\kate\PycharmProjects\member-management\management\decorators.py", line 75, in wrapper_func
    return view_func(request, *args, **kwargs)
  File "C:\Users\kate\PycharmProjects\member-management\management\views.py", line 165, in barangay_members
    brgy_election_contender, created_contender = BarangayElectionContender.objects.get_or_create(
  File "C:\Users\kate\PycharmProjects\member-management\venv\lib\site-packages\django\db\models\manager.py", line 87, in manager_method
    return getattr(self.get_queryset(), name)(*args, **kwargs)
  File "C:\Users\kate\PycharmProjects\member-management\venv\lib\site-packages\django\db\models\query.py", line 923, in get_or_create
    return self.create(**params), True
  File "C:\Users\kate\PycharmProjects\member-management\venv\lib\site-packages\django\db\models\query.py", line 658, in create
    obj.save(force_insert=True, using=self.db)
  File "C:\Users\kate\PycharmProjects\member-management\venv\lib\site-packages\django\db\models\base.py", line 814, in save
    self.save_base(
  File "C:\Users\kate\PycharmProjects\member-management\venv\lib\site-packages\django\db\models\base.py", line 877, in save_base
    updated = self._save_table(
  File "C:\Users\kate\PycharmProjects\member-management\venv\lib\site-packages\django\db\models\base.py", line 1020, in _save_table
    results = self._do_insert(
  File "C:\Users\kate\PycharmProjects\member-management\venv\lib\site-packages\django\db\models\base.py", line 1061, in _do_insert
    return manager._insert(
  File "C:\Users\kate\PycharmProjects\member-management\venv\lib\site-packages\django\db\models\manager.py", line 87, in manager_method
    return getattr(self.get_queryset(), name)(*args, **kwargs)
  File "C:\Users\kate\PycharmProjects\member-management\venv\lib\site-packages\django\db\models\query.py", line 1805, in _insert
    return query.get_compiler(using=using).execute_sql(returning_fields)
  File "C:\Users\kate\PycharmProjects\member-management\venv\lib\site-packages\django\db\models\sql\compiler.py", line 1822, in execute_sql
    cursor.execute(sql, params)
  File "C:\Users\kate\PycharmProjects\member-management\venv\lib\site-packages\django\db\backends\utils.py", line 102, in execute
    return super().execute(sql, params)
  File "C:\Users\kate\PycharmProjects\member-management\venv\lib\site-packages\django\db\backends\utils.py", line 67, in execute
    return self._execute_with_wrappers(
  File "C:\Users\kate\PycharmProjects\member-management\venv\lib\site-packages\django\db\backends\utils.py", line 80, in _execute_with_wrappers
    return executor(sql, params, many, context)
  File "C:\Users\kate\PycharmProjects\member-management\venv\lib\site-packages\django\db\backends\utils.py", line 89, in _execute
    return self.cursor.execute(sql, params)
  File "C:\Users\kate\PycharmProjects\member-management\venv\lib\site-packages\django\db\utils.py", line 91, in __exit__
    raise dj_exc_value.with_traceback(traceback) from exc_value
  File "C:\Users\kate\PycharmProjects\member-management\venv\lib\site-packages\django\db\backends\utils.py", line 89, in _execute
    return self.cursor.execute(sql, params)
  File "C:\Users\kate\PycharmProjects\member-management\venv\lib\site-packages\django\db\backends\sqlite3\base.py", line 328, in execute
    return super().execute(query, params)
django.db.utils.IntegrityError: NOT NULL constraint failed: management_barangayelectioncontender.vote_count
"POST /brgy/Baguinbin/ HTTP/1.1" 500 184291
C:\Users\kate\PycharmProjects\member-management\management\views.py changed, reloading.
Watching for file changes with StatReloader
C:\Users\kate\PycharmProjects\member-management\management\views.py changed, reloading.
Watching for file changes with StatReloader
Watching for file changes with StatReloader
Not Found: /favicon.ico
"GET /favicon.ico HTTP/1.1" 404 19760
C:\Users\kate\PycharmProjects\member-management\management\views.py changed, reloading.
Watching for file changes with StatReloader
C:\Users\kate\PycharmProjects\member-management\management\views.py changed, reloading.
Watching for file changes with StatReloader
C:\Users\kate\PycharmProjects\member-management\management\views.py changed, reloading.
Watching for file changes with StatReloader
C:\Users\kate\PycharmProjects\member-management\management\views.py changed, reloading.
Watching for file changes with StatReloader
C:\Users\kate\PycharmProjects\member-management\management\views.py changed, reloading.
Watching for file changes with StatReloader
C:\Users\kate\PycharmProjects\member-management\management\views.py changed, reloading.
Watching for file changes with StatReloader
C:\Users\kate\PycharmProjects\member-management\management\views.py changed, reloading.
Watching for file changes with StatReloader
C:\Users\kate\PycharmProjects\member-management\management\views.py changed, reloading.
Watching for file changes with StatReloader
C:\Users\kate\PycharmProjects\member-management\management\views.py changed, reloading.
Watching for file changes with StatReloader
C:\Users\kate\PycharmProjects\member-management\management\views.py changed, reloading.
Watching for file changes with StatReloader
C:\Users\kate\PycharmProjects\member-management\management\views.py changed, reloading.
Watching for file changes with StatReloader
C:\Users\kate\PycharmProjects\member-management\management\views.py changed, reloading.
Watching for file changes with StatReloader
Internal Server Error: /brgy/Baguinbin/
Traceback (most recent call last):
  File "C:\Users\kate\PycharmProjects\member-management\venv\lib\site-packages\django\core\handlers\exception.py", line 55, in inner
    response = get_response(request)
  File "C:\Users\kate\PycharmProjects\member-management\venv\lib\site-packages\django\core\handlers\base.py", line 197, in _get_response
    response = wrapped_callback(request, *callback_args, **callback_kwargs)
  File "C:\Users\kate\PycharmProjects\member-management\venv\lib\site-packages\django\contrib\auth\decorators.py", line 23, in _wrapper_view
    return view_func(request, *args, **kwargs)
  File "C:\Users\kate\PycharmProjects\member-management\management\decorators.py", line 75, in wrapper_func
    return view_func(request, *args, **kwargs)
  File "C:\Users\kate\PycharmProjects\member-management\management\views.py", line 163, in barangay_members
    print(election_dict[election_type][party].contender)
AttributeError: 'list' object has no attribute 'contender'
"GET /brgy/Baguinbin/ HTTP/1.1" 500 80629
C:\Users\kate\PycharmProjects\member-management\management\views.py changed, reloading.
Watching for file changes with StatReloader
Internal Server Error: /brgy/Baguinbin/
Traceback (most recent call last):
  File "C:\Users\kate\PycharmProjects\member-management\venv\lib\site-packages\django\core\handlers\exception.py", line 55, in inner
    response = get_response(request)
  File "C:\Users\kate\PycharmProjects\member-management\venv\lib\site-packages\django\core\handlers\base.py", line 197, in _get_response
    response = wrapped_callback(request, *callback_args, **callback_kwargs)
  File "C:\Users\kate\PycharmProjects\member-management\venv\lib\site-packages\django\contrib\auth\decorators.py", line 23, in _wrapper_view
    return view_func(request, *args, **kwargs)
  File "C:\Users\kate\PycharmProjects\member-management\management\decorators.py", line 75, in wrapper_func
    return view_func(request, *args, **kwargs)
  File "C:\Users\kate\PycharmProjects\member-management\management\views.py", line 163, in barangay_members
    print(election_dict[election_type][party][contender])
TypeError: list indices must be integers or slices, not BarangayElectionContender
"GET /brgy/Baguinbin/ HTTP/1.1" 500 80633
C:\Users\kate\PycharmProjects\member-management\management\views.py changed, reloading.
Watching for file changes with StatReloader
C:\Users\kate\PycharmProjects\member-management\management\views.py changed, reloading.
Watching for file changes with StatReloader
Internal Server Error: /brgy/Baguinbin/
Traceback (most recent call last):
  File "C:\Users\kate\PycharmProjects\member-management\venv\lib\site-packages\django\core\handlers\exception.py", line 55, in inner
    response = get_response(request)
  File "C:\Users\kate\PycharmProjects\member-management\venv\lib\site-packages\django\core\handlers\base.py", line 197, in _get_response
    response = wrapped_callback(request, *callback_args, **callback_kwargs)
  File "C:\Users\kate\PycharmProjects\member-management\venv\lib\site-packages\django\contrib\auth\decorators.py", line 23, in _wrapper_view
    return view_func(request, *args, **kwargs)
  File "C:\Users\kate\PycharmProjects\member-management\management\decorators.py", line 75, in wrapper_func
    return view_func(request, *args, **kwargs)
  File "C:\Users\kate\PycharmProjects\member-management\management\views.py", line 163, in barangay_members
    for a, cock in zip(election_dict[election_type][party]):
ValueError: not enough values to unpack (expected 2, got 1)
"GET /brgy/Baguinbin/ HTTP/1.1" 500 80575
Internal Server Error: /brgy/Baguinbin/
Traceback (most recent call last):
  File "C:\Users\kate\PycharmProjects\member-management\venv\lib\site-packages\django\core\handlers\exception.py", line 55, in inner
    response = get_response(request)
  File "C:\Users\kate\PycharmProjects\member-management\venv\lib\site-packages\django\core\handlers\base.py", line 197, in _get_response
    response = wrapped_callback(request, *callback_args, **callback_kwargs)
  File "C:\Users\kate\PycharmProjects\member-management\venv\lib\site-packages\django\contrib\auth\decorators.py", line 23, in _wrapper_view
    return view_func(request, *args, **kwargs)
  File "C:\Users\kate\PycharmProjects\member-management\management\decorators.py", line 75, in wrapper_func
    return view_func(request, *args, **kwargs)
  File "C:\Users\kate\PycharmProjects\member-management\management\views.py", line 163, in barangay_members
    for a, cock in zip(election_dict[election_type][party]):
ValueError: not enough values to unpack (expected 2, got 1)
"GET /brgy/Baguinbin/ HTTP/1.1" 500 80575
C:\Users\kate\PycharmProjects\member-management\management\views.py changed, reloading.
Watching for file changes with StatReloader
C:\Users\kate\PycharmProjects\member-management\management\views.py changed, reloading.
Watching for file changes with StatReloader
C:\Users\kate\PycharmProjects\member-management\management\views.py changed, reloading.
Watching for file changes with StatReloader
C:\Users\kate\PycharmProjects\member-management\management\views.py changed, reloading.
Watching for file changes with StatReloader
Internal Server Error: /brgy/Baguinbin/
Traceback (most recent call last):
  File "C:\Users\kate\PycharmProjects\member-management\venv\lib\site-packages\django\core\handlers\exception.py", line 55, in inner
    response = get_response(request)
  File "C:\Users\kate\PycharmProjects\member-management\venv\lib\site-packages\django\core\handlers\base.py", line 197, in _get_response
    response = wrapped_callback(request, *callback_args, **callback_kwargs)
  File "C:\Users\kate\PycharmProjects\member-management\venv\lib\site-packages\django\contrib\auth\decorators.py", line 23, in _wrapper_view
    return view_func(request, *args, **kwargs)
  File "C:\Users\kate\PycharmProjects\member-management\management\decorators.py", line 75, in wrapper_func
    return view_func(request, *args, **kwargs)
  File "C:\Users\kate\PycharmProjects\member-management\management\views.py", line 162, in barangay_members
    indexer.append(contender.vote_count)
AttributeError: 'int' object has no attribute 'append'
"GET /brgy/Baguinbin/ HTTP/1.1" 500 80415
C:\Users\kate\PycharmProjects\member-management\management\views.py changed, reloading.
Watching for file changes with StatReloader
C:\Users\kate\PycharmProjects\member-management\management\views.py changed, reloading.
Watching for file changes with StatReloader
C:\Users\kate\PycharmProjects\member-management\management\views.py changed, reloading.
Watching for file changes with StatReloader
C:\Users\kate\PycharmProjects\member-management\management\views.py changed, reloading.
Watching for file changes with StatReloader
C:\Users\kate\PycharmProjects\member-management\management\views.py changed, reloading.
Watching for file changes with StatReloader
C:\Users\kate\PycharmProjects\member-management\management\views.py changed, reloading.
Watching for file changes with StatReloader
C:\Users\kate\PycharmProjects\member-management\management\views.py changed, reloading.
Watching for file changes with StatReloader
C:\Users\kate\PycharmProjects\member-management\management\views.py changed, reloading.
Watching for file changes with StatReloader
C:\Users\kate\PycharmProjects\member-management\management\views.py changed, reloading.
Watching for file changes with StatReloader
C:\Users\kate\PycharmProjects\member-management\management\views.py changed, reloading.
Watching for file changes with StatReloader
C:\Users\kate\PycharmProjects\member-management\management\views.py changed, reloading.
Watching for file changes with StatReloader
C:\Users\kate\PycharmProjects\member-management\management\views.py changed, reloading.
Watching for file changes with StatReloader
C:\Users\kate\PycharmProjects\member-management\management\views.py changed, reloading.
Watching for file changes with StatReloader
C:\Users\kate\PycharmProjects\member-management\management\views.py changed, reloading.
Watching for file changes with StatReloader
C:\Users\kate\PycharmProjects\member-management\management\views.py changed, reloading.
Watching for file changes with StatReloader
C:\Users\kate\PycharmProjects\member-management\management\views.py changed, reloading.
Watching for file changes with StatReloader
Internal Server Error: /brgy/Baguinbin/
Traceback (most recent call last):
  File "C:\Users\kate\PycharmProjects\member-management\venv\lib\site-packages\django\core\handlers\exception.py", line 55, in inner
    response = get_response(request)
  File "C:\Users\kate\PycharmProjects\member-management\venv\lib\site-packages\django\core\handlers\base.py", line 197, in _get_response
    response = wrapped_callback(request, *callback_args, **callback_kwargs)
  File "C:\Users\kate\PycharmProjects\member-management\venv\lib\site-packages\django\contrib\auth\decorators.py", line 23, in _wrapper_view
    return view_func(request, *args, **kwargs)
  File "C:\Users\kate\PycharmProjects\member-management\management\decorators.py", line 75, in wrapper_func
    return view_func(request, *args, **kwargs)
  File "C:\Users\kate\PycharmProjects\member-management\management\views.py", line 162, in barangay_members
    for harkon[0], harkon[1] in zip(contenders):
ValueError: not enough values to unpack (expected 2, got 1)
"GET /brgy/Baguinbin/ HTTP/1.1" 500 82279
Internal Server Error: /brgy/Baguinbin/
Traceback (most recent call last):
  File "C:\Users\kate\PycharmProjects\member-management\venv\lib\site-packages\django\core\handlers\exception.py", line 55, in inner
    response = get_response(request)
  File "C:\Users\kate\PycharmProjects\member-management\venv\lib\site-packages\django\core\handlers\base.py", line 197, in _get_response
    response = wrapped_callback(request, *callback_args, **callback_kwargs)
  File "C:\Users\kate\PycharmProjects\member-management\venv\lib\site-packages\django\contrib\auth\decorators.py", line 23, in _wrapper_view
    return view_func(request, *args, **kwargs)
  File "C:\Users\kate\PycharmProjects\member-management\management\decorators.py", line 75, in wrapper_func
    return view_func(request, *args, **kwargs)
  File "C:\Users\kate\PycharmProjects\member-management\management\views.py", line 162, in barangay_members
    for harkon[0], harkon[1] in zip(contenders):
ValueError: not enough values to unpack (expected 2, got 1)
"GET /brgy/Baguinbin/ HTTP/1.1" 500 82279
C:\Users\kate\PycharmProjects\member-management\management\views.py changed, reloading.
Watching for file changes with StatReloader
C:\Users\kate\PycharmProjects\member-management\management\views.py changed, reloading.
Watching for file changes with StatReloader
C:\Users\kate\PycharmProjects\member-management\management\views.py changed, reloading.
Watching for file changes with StatReloader
C:\Users\kate\PycharmProjects\member-management\management\views.py changed, reloading.
Watching for file changes with StatReloader
C:\Users\kate\PycharmProjects\member-management\management\views.py changed, reloading.
Watching for file changes with StatReloader
Internal Server Error: /brgy/Baguinbin/
Traceback (most recent call last):
  File "C:\Users\kate\PycharmProjects\member-management\venv\lib\site-packages\django\core\handlers\exception.py", line 55, in inner
    response = get_response(request)
  File "C:\Users\kate\PycharmProjects\member-management\venv\lib\site-packages\django\core\handlers\base.py", line 197, in _get_response
    response = wrapped_callback(request, *callback_args, **callback_kwargs)
  File "C:\Users\kate\PycharmProjects\member-management\venv\lib\site-packages\django\contrib\auth\decorators.py", line 23, in _wrapper_view
    return view_func(request, *args, **kwargs)
  File "C:\Users\kate\PycharmProjects\member-management\management\decorators.py", line 75, in wrapper_func
    return view_func(request, *args, **kwargs)
  File "C:\Users\kate\PycharmProjects\member-management\management\views.py", line 158, in barangay_members
    print(election_dict[election_type][party][1])
IndexError: list index out of range
"GET /brgy/Baguinbin/ HTTP/1.1" 500 80447
C:\Users\kate\PycharmProjects\member-management\management\views.py changed, reloading.
Watching for file changes with StatReloader
C:\Users\kate\PycharmProjects\member-management\management\views.py changed, reloading.
Watching for file changes with StatReloader
C:\Users\kate\PycharmProjects\member-management\management\views.py changed, reloading.
Watching for file changes with StatReloader
C:\Users\kate\PycharmProjects\member-management\management\views.py changed, reloading.
Watching for file changes with StatReloader
C:\Users\kate\PycharmProjects\member-management\management\views.py changed, reloading.
Watching for file changes with StatReloader
C:\Users\kate\PycharmProjects\member-management\management\views.py changed, reloading.
Watching for file changes with StatReloader
C:\Users\kate\PycharmProjects\member-management\management\views.py changed, reloading.
Watching for file changes with StatReloader
Internal Server Error: /brgy/Baguinbin/
Traceback (most recent call last):
  File "C:\Users\kate\PycharmProjects\member-management\venv\lib\site-packages\django\core\handlers\exception.py", line 55, in inner
    response = get_response(request)
  File "C:\Users\kate\PycharmProjects\member-management\venv\lib\site-packages\django\core\handlers\base.py", line 197, in _get_response
    response = wrapped_callback(request, *callback_args, **callback_kwargs)
  File "C:\Users\kate\PycharmProjects\member-management\venv\lib\site-packages\django\contrib\auth\decorators.py", line 23, in _wrapper_view
    return view_func(request, *args, **kwargs)
  File "C:\Users\kate\PycharmProjects\member-management\management\decorators.py", line 75, in wrapper_func
    return view_func(request, *args, **kwargs)
  File "C:\Users\kate\PycharmProjects\member-management\management\views.py", line 165, in barangay_members
    print(matrix[0].vote_count)
AttributeError: 'list' object has no attribute 'vote_count'
"GET /brgy/Baguinbin/ HTTP/1.1" 500 82588
C:\Users\kate\PycharmProjects\member-management\management\views.py changed, reloading.
Watching for file changes with StatReloader
C:\Users\kate\PycharmProjects\member-management\management\views.py changed, reloading.
Watching for file changes with StatReloader
C:\Users\kate\PycharmProjects\member-management\management\views.py changed, reloading.
Watching for file changes with StatReloader
C:\Users\kate\PycharmProjects\member-management\management\views.py changed, reloading.
Watching for file changes with StatReloader
Internal Server Error: /brgy/Baguinbin/
Traceback (most recent call last):
  File "C:\Users\kate\PycharmProjects\member-management\venv\lib\site-packages\django\core\handlers\exception.py", line 55, in inner
    response = get_response(request)
  File "C:\Users\kate\PycharmProjects\member-management\venv\lib\site-packages\django\core\handlers\base.py", line 197, in _get_response
    response = wrapped_callback(request, *callback_args, **callback_kwargs)
  File "C:\Users\kate\PycharmProjects\member-management\venv\lib\site-packages\django\contrib\auth\decorators.py", line 23, in _wrapper_view
    return view_func(request, *args, **kwargs)
  File "C:\Users\kate\PycharmProjects\member-management\management\decorators.py", line 75, in wrapper_func
    return view_func(request, *args, **kwargs)
  File "C:\Users\kate\PycharmProjects\member-management\management\views.py", line 165, in barangay_members
    print(matrix[0][0][0][0])
TypeError: 'BarangayElectionContender' object is not subscriptable
"GET /brgy/Baguinbin/ HTTP/1.1" 500 82562
C:\Users\kate\PycharmProjects\member-management\management\views.py changed, reloading.
Watching for file changes with StatReloader
C:\Users\kate\PycharmProjects\member-management\management\views.py changed, reloading.
Watching for file changes with StatReloader
C:\Users\kate\PycharmProjects\member-management\management\views.py changed, reloading.
Watching for file changes with StatReloader
Internal Server Error: /brgy/Baguinbin/
Traceback (most recent call last):
  File "C:\Users\kate\PycharmProjects\member-management\venv\lib\site-packages\django\core\handlers\exception.py", line 55, in inner
    response = get_response(request)
  File "C:\Users\kate\PycharmProjects\member-management\venv\lib\site-packages\django\core\handlers\base.py", line 197, in _get_response
    response = wrapped_callback(request, *callback_args, **callback_kwargs)
  File "C:\Users\kate\PycharmProjects\member-management\venv\lib\site-packages\django\contrib\auth\decorators.py", line 23, in _wrapper_view
    return view_func(request, *args, **kwargs)
  File "C:\Users\kate\PycharmProjects\member-management\management\decorators.py", line 75, in wrapper_func
    return view_func(request, *args, **kwargs)
  File "C:\Users\kate\PycharmProjects\member-management\management\views.py", line 165, in barangay_members
    print(matrix[0][0].name)
AttributeError: 'list' object has no attribute 'name'
"GET /brgy/Baguinbin/ HTTP/1.1" 500 82558
C:\Users\kate\PycharmProjects\member-management\management\views.py changed, reloading.
Watching for file changes with StatReloader
C:\Users\kate\PycharmProjects\member-management\management\views.py changed, reloading.
Watching for file changes with StatReloader
C:\Users\kate\PycharmProjects\member-management\management\views.py changed, reloading.
Watching for file changes with StatReloader
C:\Users\kate\PycharmProjects\member-management\management\views.py changed, reloading.
Watching for file changes with StatReloader
Internal Server Error: /brgy/Baguinbin/
Traceback (most recent call last):
  File "C:\Users\kate\PycharmProjects\member-management\venv\lib\site-packages\django\core\handlers\exception.py", line 55, in inner
    response = get_response(request)
  File "C:\Users\kate\PycharmProjects\member-management\venv\lib\site-packages\django\core\handlers\base.py", line 197, in _get_response
    response = wrapped_callback(request, *callback_args, **callback_kwargs)
  File "C:\Users\kate\PycharmProjects\member-management\venv\lib\site-packages\django\contrib\auth\decorators.py", line 23, in _wrapper_view
    return view_func(request, *args, **kwargs)
  File "C:\Users\kate\PycharmProjects\member-management\management\decorators.py", line 75, in wrapper_func
    return view_func(request, *args, **kwargs)
  File "C:\Users\kate\PycharmProjects\member-management\management\views.py", line 159, in barangay_members
    print(matrix[0][0])
IndexError: list index out of range
"GET /brgy/Baguinbin/ HTTP/1.1" 500 80826
C:\Users\kate\PycharmProjects\member-management\management\views.py changed, reloading.
Watching for file changes with StatReloader
C:\Users\kate\PycharmProjects\member-management\management\views.py changed, reloading.
Watching for file changes with StatReloader
C:\Users\kate\PycharmProjects\member-management\management\views.py changed, reloading.
Watching for file changes with StatReloader
C:\Users\kate\PycharmProjects\member-management\management\views.py changed, reloading.
Watching for file changes with StatReloader
C:\Users\kate\PycharmProjects\member-management\management\views.py changed, reloading.
Watching for file changes with StatReloader
C:\Users\kate\PycharmProjects\member-management\management\views.py changed, reloading.
Watching for file changes with StatReloader
C:\Users\kate\PycharmProjects\member-management\management\views.py changed, reloading.
Watching for file changes with StatReloader
C:\Users\kate\PycharmProjects\member-management\management\views.py changed, reloading.
Watching for file changes with StatReloader
C:\Users\kate\PycharmProjects\member-management\management\views.py changed, reloading.
Watching for file changes with StatReloader
C:\Users\kate\PycharmProjects\member-management\management\views.py changed, reloading.
Watching for file changes with StatReloader
C:\Users\kate\PycharmProjects\member-management\management\views.py changed, reloading.
Watching for file changes with StatReloader
C:\Users\kate\PycharmProjects\member-management\management\views.py changed, reloading.
Watching for file changes with StatReloader
C:\Users\kate\PycharmProjects\member-management\management\views.py changed, reloading.
Watching for file changes with StatReloader
C:\Users\kate\PycharmProjects\member-management\management\views.py changed, reloading.
Watching for file changes with StatReloader
C:\Users\kate\PycharmProjects\member-management\management\views.py changed, reloading.
Watching for file changes with StatReloader
Watching for file changes with StatReloader
Not Found: /favicon.ico
"GET /favicon.ico HTTP/1.1" 404 19760
C:\Users\kate\PycharmProjects\member-management\management\views.py changed, reloading.
Watching for file changes with StatReloader
C:\Users\kate\PycharmProjects\member-management\management\views.py changed, reloading.
Watching for file changes with StatReloader
C:\Users\kate\PycharmProjects\member-management\management\views.py changed, reloading.
Watching for file changes with StatReloader
C:\Users\kate\PycharmProjects\member-management\management\views.py changed, reloading.
Watching for file changes with StatReloader
C:\Users\kate\PycharmProjects\member-management\management\views.py changed, reloading.
Watching for file changes with StatReloader
C:\Users\kate\PycharmProjects\member-management\management\views.py changed, reloading.
Watching for file changes with StatReloader
C:\Users\kate\PycharmProjects\member-management\management\views.py changed, reloading.
Watching for file changes with StatReloader
Internal Server Error: /brgy/Baguinbin/
Traceback (most recent call last):
  File "C:\Users\kate\PycharmProjects\member-management\venv\lib\site-packages\django\core\handlers\exception.py", line 55, in inner
    response = get_response(request)
  File "C:\Users\kate\PycharmProjects\member-management\venv\lib\site-packages\django\core\handlers\base.py", line 197, in _get_response
    response = wrapped_callback(request, *callback_args, **callback_kwargs)
  File "C:\Users\kate\PycharmProjects\member-management\venv\lib\site-packages\django\contrib\auth\decorators.py", line 23, in _wrapper_view
    return view_func(request, *args, **kwargs)
  File "C:\Users\kate\PycharmProjects\member-management\management\decorators.py", line 75, in wrapper_func
    return view_func(request, *args, **kwargs)
  File "C:\Users\kate\PycharmProjects\member-management\management\views.py", line 161, in barangay_members
    print(party[1])
IndexError: list index out of range
"GET /brgy/Baguinbin/ HTTP/1.1" 500 81719
C:\Users\kate\PycharmProjects\member-management\management\views.py changed, reloading.
Watching for file changes with StatReloader
Internal Server Error: /brgy/Baguinbin/
Traceback (most recent call last):
  File "C:\Users\kate\PycharmProjects\member-management\venv\lib\site-packages\django\core\handlers\exception.py", line 55, in inner
    response = get_response(request)
  File "C:\Users\kate\PycharmProjects\member-management\venv\lib\site-packages\django\core\handlers\base.py", line 197, in _get_response
    response = wrapped_callback(request, *callback_args, **callback_kwargs)
  File "C:\Users\kate\PycharmProjects\member-management\venv\lib\site-packages\django\contrib\auth\decorators.py", line 23, in _wrapper_view
    return view_func(request, *args, **kwargs)
  File "C:\Users\kate\PycharmProjects\member-management\management\decorators.py", line 75, in wrapper_func
    return view_func(request, *args, **kwargs)
  File "C:\Users\kate\PycharmProjects\member-management\management\views.py", line 161, in barangay_members
    print(party.name)
AttributeError: 'list' object has no attribute 'name'
"GET /brgy/Baguinbin/ HTTP/1.1" 500 81883
C:\Users\kate\PycharmProjects\member-management\management\views.py changed, reloading.
Watching for file changes with StatReloader
C:\Users\kate\PycharmProjects\member-management\management\views.py changed, reloading.
Watching for file changes with StatReloader
Internal Server Error: /brgy/Baguinbin/
Traceback (most recent call last):
  File "C:\Users\kate\PycharmProjects\member-management\venv\lib\site-packages\django\core\handlers\exception.py", line 55, in inner
    response = get_response(request)
  File "C:\Users\kate\PycharmProjects\member-management\venv\lib\site-packages\django\core\handlers\base.py", line 197, in _get_response
    response = wrapped_callback(request, *callback_args, **callback_kwargs)
  File "C:\Users\kate\PycharmProjects\member-management\venv\lib\site-packages\django\contrib\auth\decorators.py", line 23, in _wrapper_view
    return view_func(request, *args, **kwargs)
  File "C:\Users\kate\PycharmProjects\member-management\management\decorators.py", line 75, in wrapper_func
    return view_func(request, *args, **kwargs)
  File "C:\Users\kate\PycharmProjects\member-management\management\views.py", line 160, in barangay_members
    party = [parties[0] for election, parties in election_dict.items()]
  File "C:\Users\kate\PycharmProjects\member-management\management\views.py", line 160, in <listcomp>
    party = [parties[0] for election, parties in election_dict.items()]
KeyError: 0
"GET /brgy/Baguinbin/ HTTP/1.1" 500 85672
C:\Users\kate\PycharmProjects\member-management\management\views.py changed, reloading.
Watching for file changes with StatReloader
C:\Users\kate\PycharmProjects\member-management\management\views.py changed, reloading.
Watching for file changes with StatReloader
Internal Server Error: /brgy/Baguinbin/
Traceback (most recent call last):
  File "C:\Users\kate\PycharmProjects\member-management\venv\lib\site-packages\django\core\handlers\exception.py", line 55, in inner
    response = get_response(request)
  File "C:\Users\kate\PycharmProjects\member-management\venv\lib\site-packages\django\core\handlers\base.py", line 197, in _get_response
    response = wrapped_callback(request, *callback_args, **callback_kwargs)
  File "C:\Users\kate\PycharmProjects\member-management\venv\lib\site-packages\django\contrib\auth\decorators.py", line 23, in _wrapper_view
    return view_func(request, *args, **kwargs)
  File "C:\Users\kate\PycharmProjects\member-management\management\decorators.py", line 75, in wrapper_func
    return view_func(request, *args, **kwargs)
  File "C:\Users\kate\PycharmProjects\member-management\management\views.py", line 161, in barangay_members
    tester = [party.vote_count for party, contenders in party]
  File "C:\Users\kate\PycharmProjects\member-management\management\views.py", line 161, in <listcomp>
    tester = [party.vote_count for party, contenders in party]
AttributeError: 'str' object has no attribute 'vote_count'
"GET /brgy/Baguinbin/ HTTP/1.1" 500 85944
C:\Users\kate\PycharmProjects\member-management\management\views.py changed, reloading.
Watching for file changes with StatReloader
Internal Server Error: /brgy/Baguinbin/
Traceback (most recent call last):
  File "C:\Users\kate\PycharmProjects\member-management\venv\lib\site-packages\django\core\handlers\exception.py", line 55, in inner
    response = get_response(request)
  File "C:\Users\kate\PycharmProjects\member-management\venv\lib\site-packages\django\core\handlers\base.py", line 197, in _get_response
    response = wrapped_callback(request, *callback_args, **callback_kwargs)
  File "C:\Users\kate\PycharmProjects\member-management\venv\lib\site-packages\django\contrib\auth\decorators.py", line 23, in _wrapper_view
    return view_func(request, *args, **kwargs)
  File "C:\Users\kate\PycharmProjects\member-management\management\decorators.py", line 75, in wrapper_func
    return view_func(request, *args, **kwargs)
  File "C:\Users\kate\PycharmProjects\member-management\management\views.py", line 161, in barangay_members
    tester = [party.vote_count for party, contenders in party.items()]
AttributeError: 'list' object has no attribute 'items'
"GET /brgy/Baguinbin/ HTTP/1.1" 500 82002
C:\Users\kate\PycharmProjects\member-management\management\views.py changed, reloading.
Watching for file changes with StatReloader
C:\Users\kate\PycharmProjects\member-management\management\views.py changed, reloading.
Watching for file changes with StatReloader
C:\Users\kate\PycharmProjects\member-management\management\views.py changed, reloading.
Watching for file changes with StatReloader
C:\Users\kate\PycharmProjects\member-management\management\views.py changed, reloading.
Watching for file changes with StatReloader
C:\Users\kate\PycharmProjects\member-management\management\views.py changed, reloading.
Watching for file changes with StatReloader
C:\Users\kate\PycharmProjects\member-management\management\views.py changed, reloading.
Watching for file changes with StatReloader
C:\Users\kate\PycharmProjects\member-management\management\views.py changed, reloading.
Watching for file changes with StatReloader
C:\Users\kate\PycharmProjects\member-management\management\views.py changed, reloading.
Watching for file changes with StatReloader
C:\Users\kate\PycharmProjects\member-management\management\views.py changed, reloading.
Watching for file changes with StatReloader
C:\Users\kate\PycharmProjects\member-management\management\views.py changed, reloading.
Watching for file changes with StatReloader
C:\Users\kate\PycharmProjects\member-management\management\views.py changed, reloading.
Watching for file changes with StatReloader
Internal Server Error: /brgy/Baguinbin/
Traceback (most recent call last):
  File "C:\Users\kate\PycharmProjects\member-management\venv\lib\site-packages\django\core\handlers\exception.py", line 55, in inner
    response = get_response(request)
  File "C:\Users\kate\PycharmProjects\member-management\venv\lib\site-packages\django\core\handlers\base.py", line 197, in _get_response
    response = wrapped_callback(request, *callback_args, **callback_kwargs)
  File "C:\Users\kate\PycharmProjects\member-management\venv\lib\site-packages\django\contrib\auth\decorators.py", line 23, in _wrapper_view
    return view_func(request, *args, **kwargs)
  File "C:\Users\kate\PycharmProjects\member-management\management\decorators.py", line 75, in wrapper_func
    return view_func(request, *args, **kwargs)
  File "C:\Users\kate\PycharmProjects\member-management\management\views.py", line 162, in barangay_members
    for party in tester.contenders.all():
AttributeError: 'list' object has no attribute 'contenders'
"GET /brgy/Baguinbin/ HTTP/1.1" 500 82648
C:\Users\kate\PycharmProjects\member-management\management\views.py changed, reloading.
Watching for file changes with StatReloader
C:\Users\kate\PycharmProjects\member-management\management\views.py changed, reloading.
Watching for file changes with StatReloader
C:\Users\kate\PycharmProjects\member-management\management\views.py changed, reloading.
Watching for file changes with StatReloader
C:\Users\kate\PycharmProjects\member-management\management\views.py changed, reloading.
Watching for file changes with StatReloader
C:\Users\kate\PycharmProjects\member-management\management\views.py changed, reloading.
Watching for file changes with StatReloader
Internal Server Error: /brgy/Baguinbin/
Traceback (most recent call last):
  File "C:\Users\kate\PycharmProjects\member-management\venv\lib\site-packages\django\core\handlers\exception.py", line 55, in inner
    response = get_response(request)
  File "C:\Users\kate\PycharmProjects\member-management\venv\lib\site-packages\django\core\handlers\base.py", line 197, in _get_response
    response = wrapped_callback(request, *callback_args, **callback_kwargs)
  File "C:\Users\kate\PycharmProjects\member-management\venv\lib\site-packages\django\contrib\auth\decorators.py", line 23, in _wrapper_view
    return view_func(request, *args, **kwargs)
  File "C:\Users\kate\PycharmProjects\member-management\management\decorators.py", line 75, in wrapper_func
    return view_func(request, *args, **kwargs)
  File "C:\Users\kate\PycharmProjects\member-management\management\views.py", line 162, in barangay_members
    print(tester[0][0])
KeyError: 0
"GET /brgy/Baguinbin/ HTTP/1.1" 500 82296
C:\Users\kate\PycharmProjects\member-management\management\views.py changed, reloading.
Watching for file changes with StatReloader
C:\Users\kate\PycharmProjects\member-management\management\views.py changed, reloading.
Watching for file changes with StatReloader
C:\Users\kate\PycharmProjects\member-management\management\views.py changed, reloading.
Watching for file changes with StatReloader
Internal Server Error: /brgy/Baguinbin/
Traceback (most recent call last):
  File "C:\Users\kate\PycharmProjects\member-management\venv\lib\site-packages\django\core\handlers\exception.py", line 55, in inner
    response = get_response(request)
  File "C:\Users\kate\PycharmProjects\member-management\venv\lib\site-packages\django\core\handlers\base.py", line 197, in _get_response
    response = wrapped_callback(request, *callback_args, **callback_kwargs)
  File "C:\Users\kate\PycharmProjects\member-management\venv\lib\site-packages\django\contrib\auth\decorators.py", line 23, in _wrapper_view
    return view_func(request, *args, **kwargs)
  File "C:\Users\kate\PycharmProjects\member-management\management\decorators.py", line 75, in wrapper_func
    return view_func(request, *args, **kwargs)
  File "C:\Users\kate\PycharmProjects\member-management\management\views.py", line 163, in barangay_members
    print(contenders.vote_count)
AttributeError: 'list' object has no attribute 'vote_count'
"GET /brgy/Baguinbin/ HTTP/1.1" 500 82513
C:\Users\kate\PycharmProjects\member-management\management\views.py changed, reloading.
Watching for file changes with StatReloader
C:\Users\kate\PycharmProjects\member-management\management\views.py changed, reloading.
Watching for file changes with StatReloader
C:\Users\kate\PycharmProjects\member-management\management\views.py changed, reloading.
Watching for file changes with StatReloader
C:\Users\kate\PycharmProjects\member-management\management\views.py changed, reloading.
Watching for file changes with StatReloader
C:\Users\kate\PycharmProjects\member-management\management\views.py changed, reloading.
Watching for file changes with StatReloader
C:\Users\kate\PycharmProjects\member-management\management\views.py changed, reloading.
Watching for file changes with StatReloader
C:\Users\kate\PycharmProjects\member-management\management\views.py changed, reloading.
Watching for file changes with StatReloader
C:\Users\kate\PycharmProjects\member-management\management\views.py changed, reloading.
Watching for file changes with StatReloader
C:\Users\kate\PycharmProjects\member-management\management\views.py changed, reloading.
Watching for file changes with StatReloader
C:\Users\kate\PycharmProjects\member-management\management\views.py changed, reloading.
Watching for file changes with StatReloader
C:\Users\kate\PycharmProjects\member-management\management\views.py changed, reloading.
Watching for file changes with StatReloader
C:\Users\kate\PycharmProjects\member-management\management\views.py changed, reloading.
Watching for file changes with StatReloader
C:\Users\kate\PycharmProjects\member-management\management\views.py changed, reloading.
Watching for file changes with StatReloader
C:\Users\kate\PycharmProjects\member-management\management\views.py changed, reloading.
Watching for file changes with StatReloader
C:\Users\kate\PycharmProjects\member-management\management\views.py changed, reloading.
Watching for file changes with StatReloader
C:\Users\kate\PycharmProjects\member-management\management\views.py changed, reloading.
Watching for file changes with StatReloader
Internal Server Error: /brgy/Baguinbin/
Traceback (most recent call last):
  File "C:\Users\kate\PycharmProjects\member-management\venv\lib\site-packages\django\core\handlers\exception.py", line 55, in inner
    response = get_response(request)
  File "C:\Users\kate\PycharmProjects\member-management\venv\lib\site-packages\django\core\handlers\base.py", line 197, in _get_response
    response = wrapped_callback(request, *callback_args, **callback_kwargs)
  File "C:\Users\kate\PycharmProjects\member-management\venv\lib\site-packages\django\contrib\auth\decorators.py", line 23, in _wrapper_view
    return view_func(request, *args, **kwargs)
  File "C:\Users\kate\PycharmProjects\member-management\management\decorators.py", line 75, in wrapper_func
    return view_func(request, *args, **kwargs)
  File "C:\Users\kate\PycharmProjects\member-management\management\views.py", line 172, in barangay_members
    print(contenders.vote_count)
AttributeError: 'list' object has no attribute 'vote_count'
"GET /brgy/Baguinbin/ HTTP/1.1" 500 82729
C:\Users\kate\PycharmProjects\member-management\management\views.py changed, reloading.
Watching for file changes with StatReloader
C:\Users\kate\PycharmProjects\member-management\management\views.py changed, reloading.
Watching for file changes with StatReloader
C:\Users\kate\PycharmProjects\member-management\management\views.py changed, reloading.
Watching for file changes with StatReloader
C:\Users\kate\PycharmProjects\member-management\management\views.py changed, reloading.
Watching for file changes with StatReloader
C:\Users\kate\PycharmProjects\member-management\management\views.py changed, reloading.
Watching for file changes with StatReloader
C:\Users\kate\PycharmProjects\member-management\management\views.py changed, reloading.
Watching for file changes with StatReloader
C:\Users\kate\PycharmProjects\member-management\management\views.py changed, reloading.
Watching for file changes with StatReloader
C:\Users\kate\PycharmProjects\member-management\management\views.py changed, reloading.
Watching for file changes with StatReloader
C:\Users\kate\PycharmProjects\member-management\management\views.py changed, reloading.
Watching for file changes with StatReloader
C:\Users\kate\PycharmProjects\member-management\management\views.py changed, reloading.
Watching for file changes with StatReloader
C:\Users\kate\PycharmProjects\member-management\management\views.py changed, reloading.
Watching for file changes with StatReloader
C:\Users\kate\PycharmProjects\member-management\management\views.py changed, reloading.
Watching for file changes with StatReloader
Internal Server Error: /brgy/Baguinbin/
Traceback (most recent call last):
  File "C:\Users\kate\PycharmProjects\member-management\venv\lib\site-packages\django\core\handlers\exception.py", line 55, in inner
    response = get_response(request)
  File "C:\Users\kate\PycharmProjects\member-management\venv\lib\site-packages\django\core\handlers\base.py", line 197, in _get_response
    response = wrapped_callback(request, *callback_args, **callback_kwargs)
  File "C:\Users\kate\PycharmProjects\member-management\venv\lib\site-packages\django\contrib\auth\decorators.py", line 23, in _wrapper_view
    return view_func(request, *args, **kwargs)
  File "C:\Users\kate\PycharmProjects\member-management\management\decorators.py", line 75, in wrapper_func
    return view_func(request, *args, **kwargs)
  File "C:\Users\kate\PycharmProjects\member-management\management\views.py", line 178, in barangay_members
    vote_count_ave_matrix.append(round(sum(vote_counts) / len(vote_counts)), party)
TypeError: list.append() takes exactly one argument (2 given)
"GET /brgy/Baguinbin/ HTTP/1.1" 500 82807
C:\Users\kate\PycharmProjects\member-management\management\views.py changed, reloading.
Watching for file changes with StatReloader
Internal Server Error: /brgy/Baguinbin/
Traceback (most recent call last):
  File "C:\Users\kate\PycharmProjects\member-management\venv\lib\site-packages\django\core\handlers\exception.py", line 55, in inner
    response = get_response(request)
  File "C:\Users\kate\PycharmProjects\member-management\venv\lib\site-packages\django\core\handlers\base.py", line 197, in _get_response
    response = wrapped_callback(request, *callback_args, **callback_kwargs)
  File "C:\Users\kate\PycharmProjects\member-management\venv\lib\site-packages\django\contrib\auth\decorators.py", line 23, in _wrapper_view
    return view_func(request, *args, **kwargs)
  File "C:\Users\kate\PycharmProjects\member-management\management\decorators.py", line 75, in wrapper_func
    return view_func(request, *args, **kwargs)
  File "C:\Users\kate\PycharmProjects\member-management\management\views.py", line 178, in barangay_members
    vote_count_ave_matrix.append(round(sum(vote_counts) / len(vote_counts)))
TypeError: unsupported operand type(s) for +: 'int' and 'BarangayElectionContender'
"GET /brgy/Baguinbin/ HTTP/1.1" 500 83153
C:\Users\kate\PycharmProjects\member-management\management\views.py changed, reloading.
Watching for file changes with StatReloader
C:\Users\kate\PycharmProjects\member-management\management\views.py changed, reloading.
Watching for file changes with StatReloader
C:\Users\kate\PycharmProjects\member-management\management\views.py changed, reloading.
Watching for file changes with StatReloader
C:\Users\kate\PycharmProjects\member-management\management\views.py changed, reloading.
Watching for file changes with StatReloader
C:\Users\kate\PycharmProjects\member-management\management\views.py changed, reloading.
Watching for file changes with StatReloader
C:\Users\kate\PycharmProjects\member-management\management\views.py changed, reloading.
Watching for file changes with StatReloader
C:\Users\kate\PycharmProjects\member-management\management\views.py changed, reloading.
Watching for file changes with StatReloader
C:\Users\kate\PycharmProjects\member-management\management\views.py changed, reloading.
Watching for file changes with StatReloader
C:\Users\kate\PycharmProjects\member-management\management\views.py changed, reloading.
Watching for file changes with StatReloader
C:\Users\kate\PycharmProjects\member-management\management\views.py changed, reloading.
Watching for file changes with StatReloader
C:\Users\kate\PycharmProjects\member-management\management\views.py changed, reloading.
Watching for file changes with StatReloader
C:\Users\kate\PycharmProjects\member-management\management\views.py changed, reloading.
Watching for file changes with StatReloader
C:\Users\kate\PycharmProjects\member-management\management\views.py changed, reloading.
Watching for file changes with StatReloader
C:\Users\kate\PycharmProjects\member-management\management\views.py changed, reloading.
Watching for file changes with StatReloader
Watching for file changes with StatReloader
Not Found: /favicon.ico
"GET /favicon.ico HTTP/1.1" 404 19760
Internal Server Error: /brgy/Belen/
Traceback (most recent call last):
  File "C:\Users\kate\PycharmProjects\member-management\venv\lib\site-packages\django\core\handlers\exception.py", line 55, in inner
    response = get_response(request)
  File "C:\Users\kate\PycharmProjects\member-management\venv\lib\site-packages\django\core\handlers\base.py", line 197, in _get_response
    response = wrapped_callback(request, *callback_args, **callback_kwargs)
  File "C:\Users\kate\PycharmProjects\member-management\venv\lib\site-packages\django\contrib\auth\decorators.py", line 23, in _wrapper_view
    return view_func(request, *args, **kwargs)
  File "C:\Users\kate\PycharmProjects\member-management\management\decorators.py", line 75, in wrapper_func
    return view_func(request, *args, **kwargs)
  File "C:\Users\kate\PycharmProjects\member-management\management\views.py", line 165, in barangay_members
    election_dict[list(election_dict.keys())[0]].keys())  # Get party names from the first election type
IndexError: list index out of range
"GET /brgy/Belen/ HTTP/1.1" 500 79411
C:\Users\kate\PycharmProjects\member-management\management\views.py changed, reloading.
Watching for file changes with StatReloader
C:\Users\kate\PycharmProjects\member-management\management\views.py changed, reloading.
Watching for file changes with StatReloader
Internal Server Error: /brgy/Baguinbin/
Traceback (most recent call last):
  File "C:\Users\kate\PycharmProjects\member-management\venv\lib\site-packages\django\core\handlers\exception.py", line 55, in inner
    response = get_response(request)
  File "C:\Users\kate\PycharmProjects\member-management\venv\lib\site-packages\django\core\handlers\base.py", line 197, in _get_response
    response = wrapped_callback(request, *callback_args, **callback_kwargs)
  File "C:\Users\kate\PycharmProjects\member-management\venv\lib\site-packages\django\contrib\auth\decorators.py", line 23, in _wrapper_view
    return view_func(request, *args, **kwargs)
  File "C:\Users\kate\PycharmProjects\member-management\management\decorators.py", line 75, in wrapper_func
    return view_func(request, *args, **kwargs)
  File "C:\Users\kate\PycharmProjects\member-management\management\views.py", line 173, in barangay_members
    party_votes[party].append(avg_vote_count)  # Store the average for each year
KeyError: 'Party'
"GET /brgy/Baguinbin/ HTTP/1.1" 500 83402
C:\Users\kate\PycharmProjects\member-management\management\views.py changed, reloading.
Watching for file changes with StatReloader
C:\Users\kate\PycharmProjects\member-management\management\views.py changed, reloading.
Watching for file changes with StatReloader
C:\Users\kate\PycharmProjects\member-management\management\views.py changed, reloading.
Watching for file changes with StatReloader
C:\Users\kate\PycharmProjects\member-management\management\views.py changed, reloading.
Watching for file changes with StatReloader
C:\Users\kate\PycharmProjects\member-management\management\views.py changed, reloading.
Watching for file changes with StatReloader
C:\Users\kate\PycharmProjects\member-management\management\views.py changed, reloading.
Watching for file changes with StatReloader
C:\Users\kate\PycharmProjects\member-management\management\views.py changed, reloading.
Watching for file changes with StatReloader
C:\Users\kate\PycharmProjects\member-management\management\views.py changed, reloading.
Watching for file changes with StatReloader
C:\Users\kate\PycharmProjects\member-management\management\views.py changed, reloading.
Watching for file changes with StatReloader
C:\Users\kate\PycharmProjects\member-management\management\views.py changed, reloading.
Watching for file changes with StatReloader
C:\Users\kate\PycharmProjects\member-management\management\views.py changed, reloading.
Watching for file changes with StatReloader
C:\Users\kate\PycharmProjects\member-management\management\views.py changed, reloading.
Watching for file changes with StatReloader
C:\Users\kate\PycharmProjects\member-management\management\views.py changed, reloading.
Watching for file changes with StatReloader
C:\Users\kate\PycharmProjects\member-management\management\views.py changed, reloading.
Watching for file changes with StatReloader
C:\Users\kate\PycharmProjects\member-management\management\views.py changed, reloading.
Watching for file changes with StatReloader
C:\Users\kate\PycharmProjects\member-management\management\views.py changed, reloading.
Watching for file changes with StatReloader
Internal Server Error: /brgy/Baguinbin/
Traceback (most recent call last):
  File "C:\Users\kate\PycharmProjects\member-management\venv\lib\site-packages\django\core\handlers\exception.py", line 55, in inner
    response = get_response(request)
  File "C:\Users\kate\PycharmProjects\member-management\venv\lib\site-packages\django\core\handlers\base.py", line 197, in _get_response
    response = wrapped_callback(request, *callback_args, **callback_kwargs)
  File "C:\Users\kate\PycharmProjects\member-management\venv\lib\site-packages\django\contrib\auth\decorators.py", line 23, in _wrapper_view
    return view_func(request, *args, **kwargs)
  File "C:\Users\kate\PycharmProjects\member-management\management\decorators.py", line 75, in wrapper_func
    return view_func(request, *args, **kwargs)
  File "C:\Users\kate\PycharmProjects\member-management\management\views.py", line 209, in barangay_members
    party_votes[party].append(avg_vote_count)  # Store the average for each year
KeyError: 'Party'
"GET /brgy/Baguinbin/ HTTP/1.1" 500 83539
C:\Users\kate\PycharmProjects\member-management\management\views.py changed, reloading.
Watching for file changes with StatReloader
Internal Server Error: /brgy/Baguinbin/
Traceback (most recent call last):
  File "C:\Users\kate\PycharmProjects\member-management\venv\lib\site-packages\django\core\handlers\exception.py", line 55, in inner
    response = get_response(request)
  File "C:\Users\kate\PycharmProjects\member-management\venv\lib\site-packages\django\core\handlers\base.py", line 197, in _get_response
    response = wrapped_callback(request, *callback_args, **callback_kwargs)
  File "C:\Users\kate\PycharmProjects\member-management\venv\lib\site-packages\django\contrib\auth\decorators.py", line 23, in _wrapper_view
    return view_func(request, *args, **kwargs)
  File "C:\Users\kate\PycharmProjects\member-management\management\decorators.py", line 75, in wrapper_func
    return view_func(request, *args, **kwargs)
  File "C:\Users\kate\PycharmProjects\member-management\management\views.py", line 209, in barangay_members
    party_votes[party].append(avg_vote_count)  # Store the average for each year
KeyError: 'Party'
"GET /brgy/Baguinbin/ HTTP/1.1" 500 83539
C:\Users\kate\PycharmProjects\member-management\management\views.py changed, reloading.
Watching for file changes with StatReloader
Internal Server Error: /brgy/Baguinbin/
Traceback (most recent call last):
  File "C:\Users\kate\PycharmProjects\member-management\venv\lib\site-packages\django\core\handlers\exception.py", line 55, in inner
    response = get_response(request)
  File "C:\Users\kate\PycharmProjects\member-management\venv\lib\site-packages\django\core\handlers\base.py", line 197, in _get_response
    response = wrapped_callback(request, *callback_args, **callback_kwargs)
  File "C:\Users\kate\PycharmProjects\member-management\venv\lib\site-packages\django\contrib\auth\decorators.py", line 23, in _wrapper_view
    return view_func(request, *args, **kwargs)
  File "C:\Users\kate\PycharmProjects\member-management\management\decorators.py", line 75, in wrapper_func
    return view_func(request, *args, **kwargs)
  File "C:\Users\kate\PycharmProjects\member-management\management\views.py", line 200, in barangay_members
    election_dict[list(election_dict.keys())].keys())
TypeError: unhashable type: 'list'
"GET /brgy/Baguinbin/ HTTP/1.1" 500 82068
C:\Users\kate\PycharmProjects\member-management\management\views.py changed, reloading.
Watching for file changes with StatReloader
Internal Server Error: /brgy/Baguinbin/
Traceback (most recent call last):
  File "C:\Users\kate\PycharmProjects\member-management\venv\lib\site-packages\django\core\handlers\exception.py", line 55, in inner
    response = get_response(request)
  File "C:\Users\kate\PycharmProjects\member-management\venv\lib\site-packages\django\core\handlers\base.py", line 197, in _get_response
    response = wrapped_callback(request, *callback_args, **callback_kwargs)
  File "C:\Users\kate\PycharmProjects\member-management\venv\lib\site-packages\django\contrib\auth\decorators.py", line 23, in _wrapper_view
    return view_func(request, *args, **kwargs)
  File "C:\Users\kate\PycharmProjects\member-management\management\decorators.py", line 75, in wrapper_func
    return view_func(request, *args, **kwargs)
  File "C:\Users\kate\PycharmProjects\member-management\management\views.py", line 224, in barangay_members
    matrix[index].append(contenders)
IndexError: list index out of range
"GET /brgy/Baguinbin/ HTTP/1.1" 500 84391
C:\Users\kate\PycharmProjects\member-management\management\views.py changed, reloading.
Watching for file changes with StatReloader
Internal Server Error: /brgy/Baguinbin/
Traceback (most recent call last):
  File "C:\Users\kate\PycharmProjects\member-management\venv\lib\site-packages\django\core\handlers\exception.py", line 55, in inner
    response = get_response(request)
  File "C:\Users\kate\PycharmProjects\member-management\venv\lib\site-packages\django\core\handlers\base.py", line 197, in _get_response
    response = wrapped_callback(request, *callback_args, **callback_kwargs)
  File "C:\Users\kate\PycharmProjects\member-management\venv\lib\site-packages\django\contrib\auth\decorators.py", line 23, in _wrapper_view
    return view_func(request, *args, **kwargs)
  File "C:\Users\kate\PycharmProjects\member-management\management\decorators.py", line 75, in wrapper_func
    return view_func(request, *args, **kwargs)
  File "C:\Users\kate\PycharmProjects\member-management\management\views.py", line 209, in barangay_members
    party_votes[party].append(avg_vote_count)  # Store the average for each year
KeyError: 'Party'
"GET /brgy/Baguinbin/ HTTP/1.1" 500 83539
C:\Users\kate\PycharmProjects\member-management\management\views.py changed, reloading.
Watching for file changes with StatReloader
C:\Users\kate\PycharmProjects\member-management\management\views.py changed, reloading.
Watching for file changes with StatReloader
Internal Server Error: /brgy/Baguinbin/
Traceback (most recent call last):
  File "C:\Users\kate\PycharmProjects\member-management\venv\lib\site-packages\django\core\handlers\exception.py", line 55, in inner
    response = get_response(request)
  File "C:\Users\kate\PycharmProjects\member-management\venv\lib\site-packages\django\core\handlers\base.py", line 197, in _get_response
    response = wrapped_callback(request, *callback_args, **callback_kwargs)
  File "C:\Users\kate\PycharmProjects\member-management\venv\lib\site-packages\django\contrib\auth\decorators.py", line 23, in _wrapper_view
    return view_func(request, *args, **kwargs)
  File "C:\Users\kate\PycharmProjects\member-management\management\decorators.py", line 75, in wrapper_func
    return view_func(request, *args, **kwargs)
  File "C:\Users\kate\PycharmProjects\member-management\management\views.py", line 228, in barangay_members
    matrix[index].append(contenders)
IndexError: list index out of range
"GET /brgy/Baguinbin/ HTTP/1.1" 500 84391
C:\Users\kate\PycharmProjects\member-management\management\views.py changed, reloading.
Watching for file changes with StatReloader
C:\Users\kate\PycharmProjects\member-management\management\views.py changed, reloading.
Watching for file changes with StatReloader
C:\Users\kate\PycharmProjects\member-management\management\views.py changed, reloading.
Watching for file changes with StatReloader
C:\Users\kate\PycharmProjects\member-management\management\views.py changed, reloading.
Watching for file changes with StatReloader
C:\Users\kate\PycharmProjects\member-management\management\views.py changed, reloading.
Watching for file changes with StatReloader
C:\Users\kate\PycharmProjects\member-management\management\views.py changed, reloading.
Watching for file changes with StatReloader
Internal Server Error: /brgy/Baguinbin/
Traceback (most recent call last):
  File "C:\Users\kate\PycharmProjects\member-management\venv\lib\site-packages\django\core\handlers\exception.py", line 55, in inner
    response = get_response(request)
  File "C:\Users\kate\PycharmProjects\member-management\venv\lib\site-packages\django\core\handlers\base.py", line 197, in _get_response
    response = wrapped_callback(request, *callback_args, **callback_kwargs)
  File "C:\Users\kate\PycharmProjects\member-management\venv\lib\site-packages\django\contrib\auth\decorators.py", line 23, in _wrapper_view
    return view_func(request, *args, **kwargs)
  File "C:\Users\kate\PycharmProjects\member-management\management\decorators.py", line 75, in wrapper_func
    return view_func(request, *args, **kwargs)
  File "C:\Users\kate\PycharmProjects\member-management\management\views.py", line 317, in barangay_members
    return render(request, 'member_brgy.html', {
  File "C:\Users\kate\PycharmProjects\member-management\venv\lib\site-packages\django\shortcuts.py", line 24, in render
    content = loader.render_to_string(template_name, context, request, using=using)
  File "C:\Users\kate\PycharmProjects\member-management\venv\lib\site-packages\django\template\loader.py", line 62, in render_to_string
    return template.render(context, request)
  File "C:\Users\kate\PycharmProjects\member-management\venv\lib\site-packages\django\template\backends\django.py", line 61, in render
    return self.template.render(context)
  File "C:\Users\kate\PycharmProjects\member-management\venv\lib\site-packages\django\template\base.py", line 175, in render
    return self._render(context)
  File "C:\Users\kate\PycharmProjects\member-management\venv\lib\site-packages\django\template\base.py", line 167, in _render
    return self.nodelist.render(context)
  File "C:\Users\kate\PycharmProjects\member-management\venv\lib\site-packages\django\template\base.py", line 1005, in render
    return SafeString("".join([node.render_annotated(context) for node in self]))
  File "C:\Users\kate\PycharmProjects\member-management\venv\lib\site-packages\django\template\base.py", line 1005, in <listcomp>
    return SafeString("".join([node.render_annotated(context) for node in self]))
  File "C:\Users\kate\PycharmProjects\member-management\venv\lib\site-packages\django\template\base.py", line 966, in render_annotated
    return self.render(context)
  File "C:\Users\kate\PycharmProjects\member-management\venv\lib\site-packages\django\template\loader_tags.py", line 157, in render
    return compiled_parent._render(context)
  File "C:\Users\kate\PycharmProjects\member-management\venv\lib\site-packages\django\template\base.py", line 167, in _render
    return self.nodelist.render(context)
  File "C:\Users\kate\PycharmProjects\member-management\venv\lib\site-packages\django\template\base.py", line 1005, in render
    return SafeString("".join([node.render_annotated(context) for node in self]))
  File "C:\Users\kate\PycharmProjects\member-management\venv\lib\site-packages\django\template\base.py", line 1005, in <listcomp>
    return SafeString("".join([node.render_annotated(context) for node in self]))
  File "C:\Users\kate\PycharmProjects\member-management\venv\lib\site-packages\django\template\base.py", line 966, in render_annotated
    return self.render(context)
  File "C:\Users\kate\PycharmProjects\member-management\venv\lib\site-packages\django\template\loader_tags.py", line 63, in render
    result = block.nodelist.render(context)
  File "C:\Users\kate\PycharmProjects\member-management\venv\lib\site-packages\django\template\base.py", line 1005, in render
    return SafeString("".join([node.render_annotated(context) for node in self]))
  File "C:\Users\kate\PycharmProjects\member-management\venv\lib\site-packages\django\template\base.py", line 1005, in <listcomp>
    return SafeString("".join([node.render_annotated(context) for node in self]))
  File "C:\Users\kate\PycharmProjects\member-management\venv\lib\site-packages\django\template\base.py", line 966, in render_annotated
    return self.render(context)
  File "C:\Users\kate\PycharmProjects\member-management\venv\lib\site-packages\django\template\defaulttags.py", line 226, in render
    raise ValueError(
ValueError: Need 2 values to unpack in for loop; got 26. 
"GET /brgy/Baguinbin/ HTTP/1.1" 500 231513
Internal Server Error: /brgy/Baguinbin/
Traceback (most recent call last):
  File "C:\Users\kate\PycharmProjects\member-management\venv\lib\site-packages\django\core\handlers\exception.py", line 55, in inner
    response = get_response(request)
  File "C:\Users\kate\PycharmProjects\member-management\venv\lib\site-packages\django\core\handlers\base.py", line 197, in _get_response
    response = wrapped_callback(request, *callback_args, **callback_kwargs)
  File "C:\Users\kate\PycharmProjects\member-management\venv\lib\site-packages\django\contrib\auth\decorators.py", line 23, in _wrapper_view
    return view_func(request, *args, **kwargs)
  File "C:\Users\kate\PycharmProjects\member-management\management\decorators.py", line 75, in wrapper_func
    return view_func(request, *args, **kwargs)
  File "C:\Users\kate\PycharmProjects\member-management\management\views.py", line 317, in barangay_members
    return render(request, 'member_brgy.html', {
  File "C:\Users\kate\PycharmProjects\member-management\venv\lib\site-packages\django\shortcuts.py", line 24, in render
    content = loader.render_to_string(template_name, context, request, using=using)
  File "C:\Users\kate\PycharmProjects\member-management\venv\lib\site-packages\django\template\loader.py", line 62, in render_to_string
    return template.render(context, request)
  File "C:\Users\kate\PycharmProjects\member-management\venv\lib\site-packages\django\template\backends\django.py", line 61, in render
    return self.template.render(context)
  File "C:\Users\kate\PycharmProjects\member-management\venv\lib\site-packages\django\template\base.py", line 175, in render
    return self._render(context)
  File "C:\Users\kate\PycharmProjects\member-management\venv\lib\site-packages\django\template\base.py", line 167, in _render
    return self.nodelist.render(context)
  File "C:\Users\kate\PycharmProjects\member-management\venv\lib\site-packages\django\template\base.py", line 1005, in render
    return SafeString("".join([node.render_annotated(context) for node in self]))
  File "C:\Users\kate\PycharmProjects\member-management\venv\lib\site-packages\django\template\base.py", line 1005, in <listcomp>
    return SafeString("".join([node.render_annotated(context) for node in self]))
  File "C:\Users\kate\PycharmProjects\member-management\venv\lib\site-packages\django\template\base.py", line 966, in render_annotated
    return self.render(context)
  File "C:\Users\kate\PycharmProjects\member-management\venv\lib\site-packages\django\template\loader_tags.py", line 157, in render
    return compiled_parent._render(context)
  File "C:\Users\kate\PycharmProjects\member-management\venv\lib\site-packages\django\template\base.py", line 167, in _render
    return self.nodelist.render(context)
  File "C:\Users\kate\PycharmProjects\member-management\venv\lib\site-packages\django\template\base.py", line 1005, in render
    return SafeString("".join([node.render_annotated(context) for node in self]))
  File "C:\Users\kate\PycharmProjects\member-management\venv\lib\site-packages\django\template\base.py", line 1005, in <listcomp>
    return SafeString("".join([node.render_annotated(context) for node in self]))
  File "C:\Users\kate\PycharmProjects\member-management\venv\lib\site-packages\django\template\base.py", line 966, in render_annotated
    return self.render(context)
  File "C:\Users\kate\PycharmProjects\member-management\venv\lib\site-packages\django\template\loader_tags.py", line 63, in render
    result = block.nodelist.render(context)
  File "C:\Users\kate\PycharmProjects\member-management\venv\lib\site-packages\django\template\base.py", line 1005, in render
    return SafeString("".join([node.render_annotated(context) for node in self]))
  File "C:\Users\kate\PycharmProjects\member-management\venv\lib\site-packages\django\template\base.py", line 1005, in <listcomp>
    return SafeString("".join([node.render_annotated(context) for node in self]))
  File "C:\Users\kate\PycharmProjects\member-management\venv\lib\site-packages\django\template\base.py", line 966, in render_annotated
    return self.render(context)
  File "C:\Users\kate\PycharmProjects\member-management\venv\lib\site-packages\django\template\defaulttags.py", line 226, in render
    raise ValueError(
ValueError: Need 2 values to unpack in for loop; got 26. 
"GET /brgy/Baguinbin/ HTTP/1.1" 500 231513
C:\Users\kate\PycharmProjects\member-management\management\views.py changed, reloading.
Watching for file changes with StatReloader
C:\Users\kate\PycharmProjects\member-management\management\views.py changed, reloading.
Watching for file changes with StatReloader
C:\Users\kate\PycharmProjects\member-management\management\views.py changed, reloading.
Watching for file changes with StatReloader
Internal Server Error: /brgy/Baguinbin/
Traceback (most recent call last):
  File "C:\Users\kate\PycharmProjects\member-management\venv\lib\site-packages\django\core\handlers\exception.py", line 55, in inner
    response = get_response(request)
  File "C:\Users\kate\PycharmProjects\member-management\venv\lib\site-packages\django\core\handlers\base.py", line 197, in _get_response
    response = wrapped_callback(request, *callback_args, **callback_kwargs)
  File "C:\Users\kate\PycharmProjects\member-management\venv\lib\site-packages\django\contrib\auth\decorators.py", line 23, in _wrapper_view
    return view_func(request, *args, **kwargs)
  File "C:\Users\kate\PycharmProjects\member-management\management\decorators.py", line 75, in wrapper_func
    return view_func(request, *args, **kwargs)
  File "C:\Users\kate\PycharmProjects\member-management\management\views.py", line 209, in barangay_members
    party_votes[election_type].append([(party, avg_vote_count)])
AttributeError: 'dict' object has no attribute 'append'
"GET /brgy/Baguinbin/ HTTP/1.1" 500 83658
C:\Users\kate\PycharmProjects\member-management\management\views.py changed, reloading.
Watching for file changes with StatReloader
C:\Users\kate\PycharmProjects\member-management\management\views.py changed, reloading.
Watching for file changes with StatReloader
C:\Users\kate\PycharmProjects\member-management\management\views.py changed, reloading.
Watching for file changes with StatReloader
C:\Users\kate\PycharmProjects\member-management\management\views.py changed, reloading.
Watching for file changes with StatReloader
C:\Users\kate\PycharmProjects\member-management\management\views.py changed, reloading.
Watching for file changes with StatReloader
C:\Users\kate\PycharmProjects\member-management\management\views.py changed, reloading.
Watching for file changes with StatReloader
Internal Server Error: /brgy/Baguinbin/
Traceback (most recent call last):
  File "C:\Users\kate\PycharmProjects\member-management\venv\lib\site-packages\django\template\base.py", line 505, in parse
    compile_func = self.tags[command]
KeyError: 'party_vote'

During handling of the above exception, another exception occurred:

Traceback (most recent call last):
  File "C:\Users\kate\PycharmProjects\member-management\venv\lib\site-packages\django\core\handlers\exception.py", line 55, in inner
    response = get_response(request)
  File "C:\Users\kate\PycharmProjects\member-management\venv\lib\site-packages\django\core\handlers\base.py", line 197, in _get_response
    response = wrapped_callback(request, *callback_args, **callback_kwargs)
  File "C:\Users\kate\PycharmProjects\member-management\venv\lib\site-packages\django\contrib\auth\decorators.py", line 23, in _wrapper_view
    return view_func(request, *args, **kwargs)
  File "C:\Users\kate\PycharmProjects\member-management\management\decorators.py", line 75, in wrapper_func
    return view_func(request, *args, **kwargs)
  File "C:\Users\kate\PycharmProjects\member-management\management\views.py", line 314, in barangay_members
    return render(request, 'member_brgy.html', {
  File "C:\Users\kate\PycharmProjects\member-management\venv\lib\site-packages\django\shortcuts.py", line 24, in render
    content = loader.render_to_string(template_name, context, request, using=using)
  File "C:\Users\kate\PycharmProjects\member-management\venv\lib\site-packages\django\template\loader.py", line 61, in render_to_string
    template = get_template(template_name, using=using)
  File "C:\Users\kate\PycharmProjects\member-management\venv\lib\site-packages\django\template\loader.py", line 15, in get_template
    return engine.get_template(template_name)
  File "C:\Users\kate\PycharmProjects\member-management\venv\lib\site-packages\django\template\backends\django.py", line 33, in get_template
    return Template(self.engine.get_template(template_name), self)
  File "C:\Users\kate\PycharmProjects\member-management\venv\lib\site-packages\django\template\engine.py", line 175, in get_template
    template, origin = self.find_template(template_name)
  File "C:\Users\kate\PycharmProjects\member-management\venv\lib\site-packages\django\template\engine.py", line 157, in find_template
    template = loader.get_template(name, skip=skip)
  File "C:\Users\kate\PycharmProjects\member-management\venv\lib\site-packages\django\template\loaders\cached.py", line 57, in get_template
    template = super().get_template(template_name, skip)
  File "C:\Users\kate\PycharmProjects\member-management\venv\lib\site-packages\django\template\loaders\base.py", line 28, in get_template
    return Template(
  File "C:\Users\kate\PycharmProjects\member-management\venv\lib\site-packages\django\template\base.py", line 154, in __init__
    self.nodelist = self.compile_nodelist()
  File "C:\Users\kate\PycharmProjects\member-management\venv\lib\site-packages\django\template\base.py", line 200, in compile_nodelist
    return parser.parse()
  File "C:\Users\kate\PycharmProjects\member-management\venv\lib\site-packages\django\template\base.py", line 513, in parse
    raise self.error(token, e)
  File "C:\Users\kate\PycharmProjects\member-management\venv\lib\site-packages\django\template\base.py", line 511, in parse
    compiled_result = compile_func(self, token)
  File "C:\Users\kate\PycharmProjects\member-management\venv\lib\site-packages\django\template\loader_tags.py", line 293, in do_extends
    nodelist = parser.parse()
  File "C:\Users\kate\PycharmProjects\member-management\venv\lib\site-packages\django\template\base.py", line 513, in parse
    raise self.error(token, e)
  File "C:\Users\kate\PycharmProjects\member-management\venv\lib\site-packages\django\template\base.py", line 511, in parse
    compiled_result = compile_func(self, token)
  File "C:\Users\kate\PycharmProjects\member-management\venv\lib\site-packages\django\template\loader_tags.py", line 232, in do_block
    nodelist = parser.parse(("endblock",))
  File "C:\Users\kate\PycharmProjects\member-management\venv\lib\site-packages\django\template\base.py", line 513, in parse
    raise self.error(token, e)
  File "C:\Users\kate\PycharmProjects\member-management\venv\lib\site-packages\django\template\base.py", line 511, in parse
    compiled_result = compile_func(self, token)
  File "C:\Users\kate\PycharmProjects\member-management\venv\lib\site-packages\django\template\defaulttags.py", line 853, in do_for
    nodelist_loop = parser.parse(
  File "C:\Users\kate\PycharmProjects\member-management\venv\lib\site-packages\django\template\base.py", line 507, in parse
    self.invalid_block_tag(token, command, parse_until)
  File "C:\Users\kate\PycharmProjects\member-management\venv\lib\site-packages\django\template\base.py", line 558, in invalid_block_tag
    raise self.error(
django.template.exceptions.TemplateSyntaxError: Invalid block tag on line 357: 'party_vote', expected 'empty' or 'endfor'. Did you forget to register or load this tag?
"GET /brgy/Baguinbin/ HTTP/1.1" 500 233714
Watching for file changes with StatReloader
Not Found: /favicon.ico
"GET /favicon.ico HTTP/1.1" 404 19760
C:\Users\kate\PycharmProjects\member-management\management\views.py changed, reloading.
Watching for file changes with StatReloader
C:\Users\kate\PycharmProjects\member-management\management\views.py changed, reloading.
Watching for file changes with StatReloader
C:\Users\kate\PycharmProjects\member-management\management\views.py changed, reloading.
Watching for file changes with StatReloader
Internal Server Error: /election-results/
Traceback (most recent call last):
  File "C:\Users\kate\PycharmProjects\member-management\venv\lib\site-packages\django\core\handlers\exception.py", line 55, in inner
    response = get_response(request)
  File "C:\Users\kate\PycharmProjects\member-management\venv\lib\site-packages\django\core\handlers\base.py", line 197, in _get_response
    response = wrapped_callback(request, *callback_args, **callback_kwargs)
  File "C:\Users\kate\PycharmProjects\member-management\management\views.py", line 4549, in election_results_func
    congressional_election_type, created_congressional = ElectionType.get_or_create(
AttributeError: type object 'ElectionType' has no attribute 'get_or_create'
"GET /election-results/ HTTP/1.1" 500 65588
C:\Users\kate\PycharmProjects\member-management\management\views.py changed, reloading.
Watching for file changes with StatReloader
C:\Users\kate\PycharmProjects\member-management\management\views.py changed, reloading.
Watching for file changes with StatReloader
Internal Server Error: /election-results/
Traceback (most recent call last):
  File "C:\Users\kate\PycharmProjects\member-management\venv\lib\site-packages\django\core\handlers\exception.py", line 55, in inner
    response = get_response(request)
  File "C:\Users\kate\PycharmProjects\member-management\venv\lib\site-packages\django\core\handlers\base.py", line 197, in _get_response
    response = wrapped_callback(request, *callback_args, **callback_kwargs)
  File "C:\Users\kate\PycharmProjects\member-management\management\views.py", line 4569, in election_results_func
    return render(request, 'election_results.html', {
  File "C:\Users\kate\PycharmProjects\member-management\venv\lib\site-packages\django\shortcuts.py", line 24, in render
    content = loader.render_to_string(template_name, context, request, using=using)
  File "C:\Users\kate\PycharmProjects\member-management\venv\lib\site-packages\django\template\loader.py", line 61, in render_to_string
    template = get_template(template_name, using=using)
  File "C:\Users\kate\PycharmProjects\member-management\venv\lib\site-packages\django\template\loader.py", line 15, in get_template
    return engine.get_template(template_name)
  File "C:\Users\kate\PycharmProjects\member-management\venv\lib\site-packages\django\template\backends\django.py", line 33, in get_template
    return Template(self.engine.get_template(template_name), self)
  File "C:\Users\kate\PycharmProjects\member-management\venv\lib\site-packages\django\template\engine.py", line 175, in get_template
    template, origin = self.find_template(template_name)
  File "C:\Users\kate\PycharmProjects\member-management\venv\lib\site-packages\django\template\engine.py", line 157, in find_template
    template = loader.get_template(name, skip=skip)
  File "C:\Users\kate\PycharmProjects\member-management\venv\lib\site-packages\django\template\loaders\cached.py", line 57, in get_template
    template = super().get_template(template_name, skip)
  File "C:\Users\kate\PycharmProjects\member-management\venv\lib\site-packages\django\template\loaders\base.py", line 28, in get_template
    return Template(
  File "C:\Users\kate\PycharmProjects\member-management\venv\lib\site-packages\django\template\base.py", line 154, in __init__
    self.nodelist = self.compile_nodelist()
  File "C:\Users\kate\PycharmProjects\member-management\venv\lib\site-packages\django\template\base.py", line 200, in compile_nodelist
    return parser.parse()
  File "C:\Users\kate\PycharmProjects\member-management\venv\lib\site-packages\django\template\base.py", line 513, in parse
    raise self.error(token, e)
  File "C:\Users\kate\PycharmProjects\member-management\venv\lib\site-packages\django\template\base.py", line 511, in parse
    compiled_result = compile_func(self, token)
  File "C:\Users\kate\PycharmProjects\member-management\venv\lib\site-packages\django\template\loader_tags.py", line 292, in do_extends
    parent_name = parser.compile_filter(bits[1])
  File "C:\Users\kate\PycharmProjects\member-management\venv\lib\site-packages\django\template\base.py", line 600, in compile_filter
    return FilterExpression(token, self)
  File "C:\Users\kate\PycharmProjects\member-management\venv\lib\site-packages\django\template\base.py", line 703, in __init__
    raise TemplateSyntaxError(
django.template.exceptions.TemplateSyntaxError: Could not parse the remainder: ''base.html' from ''base.html'
"GET /election-results/ HTTP/1.1" 500 143097
C:\Users\kate\PycharmProjects\member-management\management\views.py changed, reloading.
Watching for file changes with StatReloader
C:\Users\kate\PycharmProjects\member-management\management\views.py changed, reloading.
Watching for file changes with StatReloader
C:\Users\kate\PycharmProjects\member-management\management\views.py changed, reloading.
Watching for file changes with StatReloader
C:\Users\kate\PycharmProjects\member-management\management\views.py changed, reloading.
Watching for file changes with StatReloader
C:\Users\kate\PycharmProjects\member-management\management\views.py changed, reloading.
Watching for file changes with StatReloader
C:\Users\kate\PycharmProjects\member-management\management\views.py changed, reloading.
Watching for file changes with StatReloader
Internal Server Error: /election-results/
Traceback (most recent call last):
  File "C:\Users\kate\PycharmProjects\member-management\venv\lib\site-packages\django\core\handlers\exception.py", line 55, in inner
    response = get_response(request)
  File "C:\Users\kate\PycharmProjects\member-management\venv\lib\site-packages\django\core\handlers\base.py", line 197, in _get_response
    response = wrapped_callback(request, *callback_args, **callback_kwargs)
  File "C:\Users\kate\PycharmProjects\member-management\management\views.py", line 4581, in election_results_func
    congress_election_result, created_congress_election = ElectionResults.objects.get_or_create(
  File "C:\Users\kate\PycharmProjects\member-management\venv\lib\site-packages\django\db\models\manager.py", line 87, in manager_method
    return getattr(self.get_queryset(), name)(*args, **kwargs)
  File "C:\Users\kate\PycharmProjects\member-management\venv\lib\site-packages\django\db\models\query.py", line 916, in get_or_create
    return self.get(**kwargs), False
  File "C:\Users\kate\PycharmProjects\member-management\venv\lib\site-packages\django\db\models\query.py", line 623, in get
    clone = self._chain() if self.query.combinator else self.filter(*args, **kwargs)
  File "C:\Users\kate\PycharmProjects\member-management\venv\lib\site-packages\django\db\models\query.py", line 1436, in filter
    return self._filter_or_exclude(False, args, kwargs)
  File "C:\Users\kate\PycharmProjects\member-management\venv\lib\site-packages\django\db\models\query.py", line 1454, in _filter_or_exclude
    clone._filter_or_exclude_inplace(negate, args, kwargs)
  File "C:\Users\kate\PycharmProjects\member-management\venv\lib\site-packages\django\db\models\query.py", line 1461, in _filter_or_exclude_inplace
    self._query.add_q(Q(*args, **kwargs))
  File "C:\Users\kate\PycharmProjects\member-management\venv\lib\site-packages\django\db\models\sql\query.py", line 1546, in add_q
    clause, _ = self._add_q(q_object, self.used_aliases)
  File "C:\Users\kate\PycharmProjects\member-management\venv\lib\site-packages\django\db\models\sql\query.py", line 1577, in _add_q
    child_clause, needed_inner = self.build_filter(
  File "C:\Users\kate\PycharmProjects\member-management\venv\lib\site-packages\django\db\models\sql\query.py", line 1427, in build_filter
    lookups, parts, reffed_expression = self.solve_lookup_type(arg, summarize)
  File "C:\Users\kate\PycharmProjects\member-management\venv\lib\site-packages\django\db\models\sql\query.py", line 1237, in solve_lookup_type
    _, field, _, lookup_parts = self.names_to_path(lookup_splitted, self.get_meta())
  File "C:\Users\kate\PycharmProjects\member-management\venv\lib\site-packages\django\db\models\sql\query.py", line 1725, in names_to_path
    raise FieldError(
django.core.exceptions.FieldError: Cannot resolve keyword 'election_date' into field. Choices are: contenders, election_type, election_type_id, election_year, id
"POST /election-results/ HTTP/1.1" 500 121033
C:\Users\kate\PycharmProjects\member-management\management\views.py changed, reloading.
Watching for file changes with StatReloader
Internal Server Error: /election-results/
Traceback (most recent call last):
  File "C:\Users\kate\PycharmProjects\member-management\venv\lib\site-packages\django\template\base.py", line 505, in parse
    compile_func = self.tags[command]
KeyError: 'endblock'

During handling of the above exception, another exception occurred:

Traceback (most recent call last):
  File "C:\Users\kate\PycharmProjects\member-management\venv\lib\site-packages\django\core\handlers\exception.py", line 55, in inner
    response = get_response(request)
  File "C:\Users\kate\PycharmProjects\member-management\venv\lib\site-packages\django\core\handlers\base.py", line 197, in _get_response
    response = wrapped_callback(request, *callback_args, **callback_kwargs)
  File "C:\Users\kate\PycharmProjects\member-management\management\views.py", line 4586, in election_results_func
    return render(request, 'election_results.html', {
  File "C:\Users\kate\PycharmProjects\member-management\venv\lib\site-packages\django\shortcuts.py", line 24, in render
    content = loader.render_to_string(template_name, context, request, using=using)
  File "C:\Users\kate\PycharmProjects\member-management\venv\lib\site-packages\django\template\loader.py", line 61, in render_to_string
    template = get_template(template_name, using=using)
  File "C:\Users\kate\PycharmProjects\member-management\venv\lib\site-packages\django\template\loader.py", line 15, in get_template
    return engine.get_template(template_name)
  File "C:\Users\kate\PycharmProjects\member-management\venv\lib\site-packages\django\template\backends\django.py", line 33, in get_template
    return Template(self.engine.get_template(template_name), self)
  File "C:\Users\kate\PycharmProjects\member-management\venv\lib\site-packages\django\template\engine.py", line 175, in get_template
    template, origin = self.find_template(template_name)
  File "C:\Users\kate\PycharmProjects\member-management\venv\lib\site-packages\django\template\engine.py", line 157, in find_template
    template = loader.get_template(name, skip=skip)
  File "C:\Users\kate\PycharmProjects\member-management\venv\lib\site-packages\django\template\loaders\cached.py", line 57, in get_template
    template = super().get_template(template_name, skip)
  File "C:\Users\kate\PycharmProjects\member-management\venv\lib\site-packages\django\template\loaders\base.py", line 28, in get_template
    return Template(
  File "C:\Users\kate\PycharmProjects\member-management\venv\lib\site-packages\django\template\base.py", line 154, in __init__
    self.nodelist = self.compile_nodelist()
  File "C:\Users\kate\PycharmProjects\member-management\venv\lib\site-packages\django\template\base.py", line 200, in compile_nodelist
    return parser.parse()
  File "C:\Users\kate\PycharmProjects\member-management\venv\lib\site-packages\django\template\base.py", line 513, in parse
    raise self.error(token, e)
  File "C:\Users\kate\PycharmProjects\member-management\venv\lib\site-packages\django\template\base.py", line 511, in parse
    compiled_result = compile_func(self, token)
  File "C:\Users\kate\PycharmProjects\member-management\venv\lib\site-packages\django\template\loader_tags.py", line 293, in do_extends
    nodelist = parser.parse()
  File "C:\Users\kate\PycharmProjects\member-management\venv\lib\site-packages\django\template\base.py", line 513, in parse
    raise self.error(token, e)
  File "C:\Users\kate\PycharmProjects\member-management\venv\lib\site-packages\django\template\base.py", line 511, in parse
    compiled_result = compile_func(self, token)
  File "C:\Users\kate\PycharmProjects\member-management\venv\lib\site-packages\django\template\loader_tags.py", line 232, in do_block
    nodelist = parser.parse(("endblock",))
  File "C:\Users\kate\PycharmProjects\member-management\venv\lib\site-packages\django\template\base.py", line 513, in parse
    raise self.error(token, e)
  File "C:\Users\kate\PycharmProjects\member-management\venv\lib\site-packages\django\template\base.py", line 511, in parse
    compiled_result = compile_func(self, token)
  File "C:\Users\kate\PycharmProjects\member-management\venv\lib\site-packages\django\template\defaulttags.py", line 853, in do_for
    nodelist_loop = parser.parse(
  File "C:\Users\kate\PycharmProjects\member-management\venv\lib\site-packages\django\template\base.py", line 507, in parse
    self.invalid_block_tag(token, command, parse_until)
  File "C:\Users\kate\PycharmProjects\member-management\venv\lib\site-packages\django\template\base.py", line 558, in invalid_block_tag
    raise self.error(
django.template.exceptions.TemplateSyntaxError: Invalid block tag on line 71: 'endblock', expected 'empty' or 'endfor'. Did you forget to register or load this tag?
"GET /election-results/ HTTP/1.1" 500 190910
C:\Users\kate\PycharmProjects\member-management\management\views.py changed, reloading.
Watching for file changes with StatReloader
C:\Users\kate\PycharmProjects\member-management\management\views.py changed, reloading.
Watching for file changes with StatReloader
C:\Users\kate\PycharmProjects\member-management\management\views.py changed, reloading.
Watching for file changes with StatReloader
C:\Users\kate\PycharmProjects\member-management\management\views.py changed, reloading.
Watching for file changes with StatReloader
C:\Users\kate\PycharmProjects\member-management\management\views.py changed, reloading.
Watching for file changes with StatReloader
C:\Users\kate\PycharmProjects\member-management\management\views.py changed, reloading.
Watching for file changes with StatReloader
C:\Users\kate\PycharmProjects\member-management\management\views.py changed, reloading.
Watching for file changes with StatReloader
C:\Users\kate\PycharmProjects\member-management\management\views.py changed, reloading.
Watching for file changes with StatReloader
Internal Server Error: /election-results/
Traceback (most recent call last):
  File "C:\Users\kate\PycharmProjects\member-management\venv\lib\site-packages\django\core\handlers\exception.py", line 55, in inner
    response = get_response(request)
  File "C:\Users\kate\PycharmProjects\member-management\venv\lib\site-packages\django\core\handlers\base.py", line 197, in _get_response
    response = wrapped_callback(request, *callback_args, **callback_kwargs)
  File "C:\Users\kate\PycharmProjects\member-management\management\views.py", line 4597, in election_results_func
    board_election_year, board_election_created = ElectionResults.objects.get_or_create(
  File "C:\Users\kate\PycharmProjects\member-management\venv\lib\site-packages\django\db\models\manager.py", line 87, in manager_method
    return getattr(self.get_queryset(), name)(*args, **kwargs)
  File "C:\Users\kate\PycharmProjects\member-management\venv\lib\site-packages\django\db\models\query.py", line 916, in get_or_create
    return self.get(**kwargs), False
  File "C:\Users\kate\PycharmProjects\member-management\venv\lib\site-packages\django\db\models\query.py", line 623, in get
    clone = self._chain() if self.query.combinator else self.filter(*args, **kwargs)
  File "C:\Users\kate\PycharmProjects\member-management\venv\lib\site-packages\django\db\models\query.py", line 1436, in filter
    return self._filter_or_exclude(False, args, kwargs)
  File "C:\Users\kate\PycharmProjects\member-management\venv\lib\site-packages\django\db\models\query.py", line 1454, in _filter_or_exclude
    clone._filter_or_exclude_inplace(negate, args, kwargs)
  File "C:\Users\kate\PycharmProjects\member-management\venv\lib\site-packages\django\db\models\query.py", line 1461, in _filter_or_exclude_inplace
    self._query.add_q(Q(*args, **kwargs))
  File "C:\Users\kate\PycharmProjects\member-management\venv\lib\site-packages\django\db\models\sql\query.py", line 1546, in add_q
    clause, _ = self._add_q(q_object, self.used_aliases)
  File "C:\Users\kate\PycharmProjects\member-management\venv\lib\site-packages\django\db\models\sql\query.py", line 1577, in _add_q
    child_clause, needed_inner = self.build_filter(
  File "C:\Users\kate\PycharmProjects\member-management\venv\lib\site-packages\django\db\models\sql\query.py", line 1427, in build_filter
    lookups, parts, reffed_expression = self.solve_lookup_type(arg, summarize)
  File "C:\Users\kate\PycharmProjects\member-management\venv\lib\site-packages\django\db\models\sql\query.py", line 1237, in solve_lookup_type
    _, field, _, lookup_parts = self.names_to_path(lookup_splitted, self.get_meta())
  File "C:\Users\kate\PycharmProjects\member-management\venv\lib\site-packages\django\db\models\sql\query.py", line 1725, in names_to_path
    raise FieldError(
django.core.exceptions.FieldError: Cannot resolve keyword 'date' into field. Choices are: contenders, election_type, election_type_id, election_year, id
"POST /election-results/ HTTP/1.1" 500 120915
C:\Users\kate\PycharmProjects\member-management\management\views.py changed, reloading.
Watching for file changes with StatReloader
Internal Server Error: /election-results/
Traceback (most recent call last):
  File "C:\Users\kate\PycharmProjects\member-management\venv\lib\site-packages\django\db\models\query.py", line 916, in get_or_create
    return self.get(**kwargs), False
  File "C:\Users\kate\PycharmProjects\member-management\venv\lib\site-packages\django\db\models\query.py", line 637, in get
    raise self.model.DoesNotExist(
management.models.ElectionResults.DoesNotExist: ElectionResults matching query does not exist.

During handling of the above exception, another exception occurred:

Traceback (most recent call last):
  File "C:\Users\kate\PycharmProjects\member-management\venv\lib\site-packages\django\db\backends\utils.py", line 89, in _execute
    return self.cursor.execute(sql, params)
  File "C:\Users\kate\PycharmProjects\member-management\venv\lib\site-packages\django\db\backends\sqlite3\base.py", line 328, in execute
    return super().execute(query, params)
sqlite3.IntegrityError: NOT NULL constraint failed: management_electionresults.election_type_id

The above exception was the direct cause of the following exception:

Traceback (most recent call last):
  File "C:\Users\kate\PycharmProjects\member-management\venv\lib\site-packages\django\core\handlers\exception.py", line 55, in inner
    response = get_response(request)
  File "C:\Users\kate\PycharmProjects\member-management\venv\lib\site-packages\django\core\handlers\base.py", line 197, in _get_response
    response = wrapped_callback(request, *callback_args, **callback_kwargs)
  File "C:\Users\kate\PycharmProjects\member-management\management\views.py", line 4597, in election_results_func
    board_election_year, board_election_created = ElectionResults.objects.get_or_create(
  File "C:\Users\kate\PycharmProjects\member-management\venv\lib\site-packages\django\db\models\manager.py", line 87, in manager_method
    return getattr(self.get_queryset(), name)(*args, **kwargs)
  File "C:\Users\kate\PycharmProjects\member-management\venv\lib\site-packages\django\db\models\query.py", line 923, in get_or_create
    return self.create(**params), True
  File "C:\Users\kate\PycharmProjects\member-management\venv\lib\site-packages\django\db\models\query.py", line 658, in create
    obj.save(force_insert=True, using=self.db)
  File "C:\Users\kate\PycharmProjects\member-management\venv\lib\site-packages\django\db\models\base.py", line 814, in save
    self.save_base(
  File "C:\Users\kate\PycharmProjects\member-management\venv\lib\site-packages\django\db\models\base.py", line 877, in save_base
    updated = self._save_table(
  File "C:\Users\kate\PycharmProjects\member-management\venv\lib\site-packages\django\db\models\base.py", line 1020, in _save_table
    results = self._do_insert(
  File "C:\Users\kate\PycharmProjects\member-management\venv\lib\site-packages\django\db\models\base.py", line 1061, in _do_insert
    return manager._insert(
  File "C:\Users\kate\PycharmProjects\member-management\venv\lib\site-packages\django\db\models\manager.py", line 87, in manager_method
    return getattr(self.get_queryset(), name)(*args, **kwargs)
  File "C:\Users\kate\PycharmProjects\member-management\venv\lib\site-packages\django\db\models\query.py", line 1805, in _insert
    return query.get_compiler(using=using).execute_sql(returning_fields)
  File "C:\Users\kate\PycharmProjects\member-management\venv\lib\site-packages\django\db\models\sql\compiler.py", line 1822, in execute_sql
    cursor.execute(sql, params)
  File "C:\Users\kate\PycharmProjects\member-management\venv\lib\site-packages\django\db\backends\utils.py", line 102, in execute
    return super().execute(sql, params)
  File "C:\Users\kate\PycharmProjects\member-management\venv\lib\site-packages\django\db\backends\utils.py", line 67, in execute
    return self._execute_with_wrappers(
  File "C:\Users\kate\PycharmProjects\member-management\venv\lib\site-packages\django\db\backends\utils.py", line 80, in _execute_with_wrappers
    return executor(sql, params, many, context)
  File "C:\Users\kate\PycharmProjects\member-management\venv\lib\site-packages\django\db\backends\utils.py", line 89, in _execute
    return self.cursor.execute(sql, params)
  File "C:\Users\kate\PycharmProjects\member-management\venv\lib\site-packages\django\db\utils.py", line 91, in __exit__
    raise dj_exc_value.with_traceback(traceback) from exc_value
  File "C:\Users\kate\PycharmProjects\member-management\venv\lib\site-packages\django\db\backends\utils.py", line 89, in _execute
    return self.cursor.execute(sql, params)
  File "C:\Users\kate\PycharmProjects\member-management\venv\lib\site-packages\django\db\backends\sqlite3\base.py", line 328, in execute
    return super().execute(query, params)
django.db.utils.IntegrityError: NOT NULL constraint failed: management_electionresults.election_type_id
"POST /election-results/ HTTP/1.1" 500 169640
Internal Server Error: /election-results/
Traceback (most recent call last):
  File "C:\Users\kate\PycharmProjects\member-management\venv\lib\site-packages\django\db\models\query.py", line 916, in get_or_create
    return self.get(**kwargs), False
  File "C:\Users\kate\PycharmProjects\member-management\venv\lib\site-packages\django\db\models\query.py", line 637, in get
    raise self.model.DoesNotExist(
management.models.ElectionResults.DoesNotExist: ElectionResults matching query does not exist.

During handling of the above exception, another exception occurred:

Traceback (most recent call last):
  File "C:\Users\kate\PycharmProjects\member-management\venv\lib\site-packages\django\db\backends\utils.py", line 89, in _execute
    return self.cursor.execute(sql, params)
  File "C:\Users\kate\PycharmProjects\member-management\venv\lib\site-packages\django\db\backends\sqlite3\base.py", line 328, in execute
    return super().execute(query, params)
sqlite3.IntegrityError: NOT NULL constraint failed: management_electionresults.election_type_id

The above exception was the direct cause of the following exception:

Traceback (most recent call last):
  File "C:\Users\kate\PycharmProjects\member-management\venv\lib\site-packages\django\core\handlers\exception.py", line 55, in inner
    response = get_response(request)
  File "C:\Users\kate\PycharmProjects\member-management\venv\lib\site-packages\django\core\handlers\base.py", line 197, in _get_response
    response = wrapped_callback(request, *callback_args, **callback_kwargs)
  File "C:\Users\kate\PycharmProjects\member-management\management\views.py", line 4597, in election_results_func
    board_election_year, board_election_created = ElectionResults.objects.get_or_create(
  File "C:\Users\kate\PycharmProjects\member-management\venv\lib\site-packages\django\db\models\manager.py", line 87, in manager_method
    return getattr(self.get_queryset(), name)(*args, **kwargs)
  File "C:\Users\kate\PycharmProjects\member-management\venv\lib\site-packages\django\db\models\query.py", line 923, in get_or_create
    return self.create(**params), True
  File "C:\Users\kate\PycharmProjects\member-management\venv\lib\site-packages\django\db\models\query.py", line 658, in create
    obj.save(force_insert=True, using=self.db)
  File "C:\Users\kate\PycharmProjects\member-management\venv\lib\site-packages\django\db\models\base.py", line 814, in save
    self.save_base(
  File "C:\Users\kate\PycharmProjects\member-management\venv\lib\site-packages\django\db\models\base.py", line 877, in save_base
    updated = self._save_table(
  File "C:\Users\kate\PycharmProjects\member-management\venv\lib\site-packages\django\db\models\base.py", line 1020, in _save_table
    results = self._do_insert(
  File "C:\Users\kate\PycharmProjects\member-management\venv\lib\site-packages\django\db\models\base.py", line 1061, in _do_insert
    return manager._insert(
  File "C:\Users\kate\PycharmProjects\member-management\venv\lib\site-packages\django\db\models\manager.py", line 87, in manager_method
    return getattr(self.get_queryset(), name)(*args, **kwargs)
  File "C:\Users\kate\PycharmProjects\member-management\venv\lib\site-packages\django\db\models\query.py", line 1805, in _insert
    return query.get_compiler(using=using).execute_sql(returning_fields)
  File "C:\Users\kate\PycharmProjects\member-management\venv\lib\site-packages\django\db\models\sql\compiler.py", line 1822, in execute_sql
    cursor.execute(sql, params)
  File "C:\Users\kate\PycharmProjects\member-management\venv\lib\site-packages\django\db\backends\utils.py", line 102, in execute
    return super().execute(sql, params)
  File "C:\Users\kate\PycharmProjects\member-management\venv\lib\site-packages\django\db\backends\utils.py", line 67, in execute
    return self._execute_with_wrappers(
  File "C:\Users\kate\PycharmProjects\member-management\venv\lib\site-packages\django\db\backends\utils.py", line 80, in _execute_with_wrappers
    return executor(sql, params, many, context)
  File "C:\Users\kate\PycharmProjects\member-management\venv\lib\site-packages\django\db\backends\utils.py", line 89, in _execute
    return self.cursor.execute(sql, params)
  File "C:\Users\kate\PycharmProjects\member-management\venv\lib\site-packages\django\db\utils.py", line 91, in __exit__
    raise dj_exc_value.with_traceback(traceback) from exc_value
  File "C:\Users\kate\PycharmProjects\member-management\venv\lib\site-packages\django\db\backends\utils.py", line 89, in _execute
    return self.cursor.execute(sql, params)
  File "C:\Users\kate\PycharmProjects\member-management\venv\lib\site-packages\django\db\backends\sqlite3\base.py", line 328, in execute
    return super().execute(query, params)
django.db.utils.IntegrityError: NOT NULL constraint failed: management_electionresults.election_type_id
"POST /election-results/ HTTP/1.1" 500 169632
C:\Users\kate\PycharmProjects\member-management\management\views.py changed, reloading.
Watching for file changes with StatReloader
Internal Server Error: /election-results/
Traceback (most recent call last):
  File "C:\Users\kate\PycharmProjects\member-management\venv\lib\site-packages\django\core\handlers\exception.py", line 55, in inner
    response = get_response(request)
  File "C:\Users\kate\PycharmProjects\member-management\venv\lib\site-packages\django\core\handlers\base.py", line 197, in _get_response
    response = wrapped_callback(request, *callback_args, **callback_kwargs)
  File "C:\Users\kate\PycharmProjects\member-management\management\views.py", line 4627, in election_results_func
    mayoral_election_instance, created_instance = ElectionResults.objects.get_or_create(
  File "C:\Users\kate\PycharmProjects\member-management\venv\lib\site-packages\django\db\models\manager.py", line 87, in manager_method
    return getattr(self.get_queryset(), name)(*args, **kwargs)
  File "C:\Users\kate\PycharmProjects\member-management\venv\lib\site-packages\django\db\models\query.py", line 916, in get_or_create
    return self.get(**kwargs), False
  File "C:\Users\kate\PycharmProjects\member-management\venv\lib\site-packages\django\db\models\query.py", line 623, in get
    clone = self._chain() if self.query.combinator else self.filter(*args, **kwargs)
  File "C:\Users\kate\PycharmProjects\member-management\venv\lib\site-packages\django\db\models\query.py", line 1436, in filter
    return self._filter_or_exclude(False, args, kwargs)
  File "C:\Users\kate\PycharmProjects\member-management\venv\lib\site-packages\django\db\models\query.py", line 1454, in _filter_or_exclude
    clone._filter_or_exclude_inplace(negate, args, kwargs)
  File "C:\Users\kate\PycharmProjects\member-management\venv\lib\site-packages\django\db\models\query.py", line 1461, in _filter_or_exclude_inplace
    self._query.add_q(Q(*args, **kwargs))
  File "C:\Users\kate\PycharmProjects\member-management\venv\lib\site-packages\django\db\models\sql\query.py", line 1546, in add_q
    clause, _ = self._add_q(q_object, self.used_aliases)
  File "C:\Users\kate\PycharmProjects\member-management\venv\lib\site-packages\django\db\models\sql\query.py", line 1577, in _add_q
    child_clause, needed_inner = self.build_filter(
  File "C:\Users\kate\PycharmProjects\member-management\venv\lib\site-packages\django\db\models\sql\query.py", line 1465, in build_filter
    self.check_related_objects(join_info.final_field, value, join_info.opts)
  File "C:\Users\kate\PycharmProjects\member-management\venv\lib\site-packages\django\db\models\sql\query.py", line 1271, in check_related_objects
    raise ValueError(
ValueError: Cannot use QuerySet for "ElectionResults": Use a QuerySet for "ElectionType".
"POST /election-results/ HTTP/1.1" 500 117932
C:\Users\kate\PycharmProjects\member-management\management\views.py changed, reloading.
Watching for file changes with StatReloader
C:\Users\kate\PycharmProjects\member-management\management\views.py changed, reloading.
Watching for file changes with StatReloader
Internal Server Error: /election-results/
Traceback (most recent call last):
  File "C:\Users\kate\PycharmProjects\member-management\venv\lib\site-packages\django\core\handlers\exception.py", line 55, in inner
    response = get_response(request)
  File "C:\Users\kate\PycharmProjects\member-management\venv\lib\site-packages\django\core\handlers\base.py", line 197, in _get_response
    response = wrapped_callback(request, *callback_args, **callback_kwargs)
  File "C:\Users\kate\PycharmProjects\member-management\management\views.py", line 4649, in election_results_func
    mayoral_election_instance.contender.add(mayoral_contender)
AttributeError: 'ElectionResults' object has no attribute 'contender'
"POST /election-results/ HTTP/1.1" 500 70937
C:\Users\kate\PycharmProjects\member-management\management\views.py changed, reloading.
Watching for file changes with StatReloader
C:\Users\kate\PycharmProjects\member-management\management\views.py changed, reloading.
Watching for file changes with StatReloader
C:\Users\kate\PycharmProjects\member-management\management\views.py changed, reloading.
Watching for file changes with StatReloader
C:\Users\kate\PycharmProjects\member-management\management\views.py changed, reloading.
Watching for file changes with StatReloader
Internal Server Error: /election-results/
Traceback (most recent call last):
  File "C:\Users\kate\PycharmProjects\member-management\venv\lib\site-packages\django\core\handlers\exception.py", line 55, in inner
    response = get_response(request)
  File "C:\Users\kate\PycharmProjects\member-management\venv\lib\site-packages\django\core\handlers\base.py", line 197, in _get_response
    response = wrapped_callback(request, *callback_args, **callback_kwargs)
  File "C:\Users\kate\PycharmProjects\member-management\management\views.py", line 4567, in election_results_func
    year = election.election_year.date('%Y')
AttributeError: 'datetime.date' object has no attribute 'date'
"GET /election-results/ HTTP/1.1" 500 68249
C:\Users\kate\PycharmProjects\member-management\management\views.py changed, reloading.
Watching for file changes with StatReloader
Internal Server Error: /election-results/
Traceback (most recent call last):
  File "C:\Users\kate\PycharmProjects\member-management\venv\lib\site-packages\django\core\handlers\exception.py", line 55, in inner
    response = get_response(request)
  File "C:\Users\kate\PycharmProjects\member-management\venv\lib\site-packages\django\core\handlers\base.py", line 197, in _get_response
    response = wrapped_callback(request, *callback_args, **callback_kwargs)
  File "C:\Users\kate\PycharmProjects\member-management\management\views.py", line 4568, in election_results_func
    print(year.date('%Y'))
AttributeError: 'datetime.date' object has no attribute 'date'
"GET /election-results/ HTTP/1.1" 500 68408
Internal Server Error: /election-results/
Traceback (most recent call last):
  File "C:\Users\kate\PycharmProjects\member-management\venv\lib\site-packages\django\core\handlers\exception.py", line 55, in inner
    response = get_response(request)
  File "C:\Users\kate\PycharmProjects\member-management\venv\lib\site-packages\django\core\handlers\base.py", line 197, in _get_response
    response = wrapped_callback(request, *callback_args, **callback_kwargs)
  File "C:\Users\kate\PycharmProjects\member-management\management\views.py", line 4568, in election_results_func
    print(year.date('%Y'))
AttributeError: 'datetime.date' object has no attribute 'date'
"GET /election-results/ HTTP/1.1" 500 68408
C:\Users\kate\PycharmProjects\member-management\management\views.py changed, reloading.
Watching for file changes with StatReloader
Internal Server Error: /election-results/
Traceback (most recent call last):
  File "C:\Users\kate\PycharmProjects\member-management\venv\lib\site-packages\django\core\handlers\exception.py", line 55, in inner
    response = get_response(request)
  File "C:\Users\kate\PycharmProjects\member-management\venv\lib\site-packages\django\core\handlers\base.py", line 197, in _get_response
    response = wrapped_callback(request, *callback_args, **callback_kwargs)
  File "C:\Users\kate\PycharmProjects\member-management\management\views.py", line 4568, in election_results_func
    print(date(year, '%Y'))
TypeError: an integer is required (got type datetime.date)
"GET /election-results/ HTTP/1.1" 500 68304
C:\Users\kate\PycharmProjects\member-management\management\views.py changed, reloading.
Watching for file changes with StatReloader
C:\Users\kate\PycharmProjects\member-management\management\views.py changed, reloading.
Watching for file changes with StatReloader
Internal Server Error: /election-results/
Traceback (most recent call last):
  File "C:\Users\kate\PycharmProjects\member-management\venv\lib\site-packages\django\core\handlers\exception.py", line 55, in inner
    response = get_response(request)
  File "C:\Users\kate\PycharmProjects\member-management\venv\lib\site-packages\django\core\handlers\base.py", line 197, in _get_response
    response = wrapped_callback(request, *callback_args, **callback_kwargs)
  File "C:\Users\kate\PycharmProjects\member-management\management\views.py", line 4568, in election_results_func
    formatted_year = datetime.strptime(year, '%Y')
TypeError: strptime() argument 1 must be str, not datetime.date
"GET /election-results/ HTTP/1.1" 500 68399
Internal Server Error: /election-results/
Traceback (most recent call last):
  File "C:\Users\kate\PycharmProjects\member-management\venv\lib\site-packages\django\core\handlers\exception.py", line 55, in inner
    response = get_response(request)
  File "C:\Users\kate\PycharmProjects\member-management\venv\lib\site-packages\django\core\handlers\base.py", line 197, in _get_response
    response = wrapped_callback(request, *callback_args, **callback_kwargs)
  File "C:\Users\kate\PycharmProjects\member-management\management\views.py", line 4568, in election_results_func
    formatted_year = datetime.strptime(year, '%Y')
TypeError: strptime() argument 1 must be str, not datetime.date
"GET /election-results/ HTTP/1.1" 500 68399
Internal Server Error: /election-results/
Traceback (most recent call last):
  File "C:\Users\kate\PycharmProjects\member-management\venv\lib\site-packages\django\core\handlers\exception.py", line 55, in inner
    response = get_response(request)
  File "C:\Users\kate\PycharmProjects\member-management\venv\lib\site-packages\django\core\handlers\base.py", line 197, in _get_response
    response = wrapped_callback(request, *callback_args, **callback_kwargs)
  File "C:\Users\kate\PycharmProjects\member-management\management\views.py", line 4568, in election_results_func
    formatted_year = datetime.strptime(year, '%Y')
TypeError: strptime() argument 1 must be str, not datetime.date
"GET /election-results/ HTTP/1.1" 500 68399
C:\Users\kate\PycharmProjects\member-management\management\views.py changed, reloading.
Watching for file changes with StatReloader
C:\Users\kate\PycharmProjects\member-management\management\views.py changed, reloading.
Watching for file changes with StatReloader
C:\Users\kate\PycharmProjects\member-management\management\views.py changed, reloading.
Watching for file changes with StatReloader
C:\Users\kate\PycharmProjects\member-management\management\views.py changed, reloading.
Watching for file changes with StatReloader
Watching for file changes with StatReloader
C:\Users\kate\PycharmProjects\member-management\management\views.py changed, reloading.
Watching for file changes with StatReloader
Internal Server Error: /election-results/
Traceback (most recent call last):
  File "C:\Users\kate\PycharmProjects\member-management\venv\lib\site-packages\django\template\base.py", line 505, in parse
    compile_func = self.tags[command]
KeyError: 'year,'

During handling of the above exception, another exception occurred:

Traceback (most recent call last):
  File "C:\Users\kate\PycharmProjects\member-management\venv\lib\site-packages\django\core\handlers\exception.py", line 55, in inner
    response = get_response(request)
  File "C:\Users\kate\PycharmProjects\member-management\venv\lib\site-packages\django\core\handlers\base.py", line 197, in _get_response
    response = wrapped_callback(request, *callback_args, **callback_kwargs)
  File "C:\Users\kate\PycharmProjects\member-management\management\views.py", line 4668, in election_results_func
    return render(request, 'election_results.html', {
  File "C:\Users\kate\PycharmProjects\member-management\venv\lib\site-packages\django\shortcuts.py", line 24, in render
    content = loader.render_to_string(template_name, context, request, using=using)
  File "C:\Users\kate\PycharmProjects\member-management\venv\lib\site-packages\django\template\loader.py", line 61, in render_to_string
    template = get_template(template_name, using=using)
  File "C:\Users\kate\PycharmProjects\member-management\venv\lib\site-packages\django\template\loader.py", line 15, in get_template
    return engine.get_template(template_name)
  File "C:\Users\kate\PycharmProjects\member-management\venv\lib\site-packages\django\template\backends\django.py", line 33, in get_template
    return Template(self.engine.get_template(template_name), self)
  File "C:\Users\kate\PycharmProjects\member-management\venv\lib\site-packages\django\template\engine.py", line 175, in get_template
    template, origin = self.find_template(template_name)
  File "C:\Users\kate\PycharmProjects\member-management\venv\lib\site-packages\django\template\engine.py", line 157, in find_template
    template = loader.get_template(name, skip=skip)
  File "C:\Users\kate\PycharmProjects\member-management\venv\lib\site-packages\django\template\loaders\cached.py", line 57, in get_template
    template = super().get_template(template_name, skip)
  File "C:\Users\kate\PycharmProjects\member-management\venv\lib\site-packages\django\template\loaders\base.py", line 28, in get_template
    return Template(
  File "C:\Users\kate\PycharmProjects\member-management\venv\lib\site-packages\django\template\base.py", line 154, in __init__
    self.nodelist = self.compile_nodelist()
  File "C:\Users\kate\PycharmProjects\member-management\venv\lib\site-packages\django\template\base.py", line 200, in compile_nodelist
    return parser.parse()
  File "C:\Users\kate\PycharmProjects\member-management\venv\lib\site-packages\django\template\base.py", line 513, in parse
    raise self.error(token, e)
  File "C:\Users\kate\PycharmProjects\member-management\venv\lib\site-packages\django\template\base.py", line 511, in parse
    compiled_result = compile_func(self, token)
  File "C:\Users\kate\PycharmProjects\member-management\venv\lib\site-packages\django\template\loader_tags.py", line 293, in do_extends
    nodelist = parser.parse()
  File "C:\Users\kate\PycharmProjects\member-management\venv\lib\site-packages\django\template\base.py", line 513, in parse
    raise self.error(token, e)
  File "C:\Users\kate\PycharmProjects\member-management\venv\lib\site-packages\django\template\base.py", line 511, in parse
    compiled_result = compile_func(self, token)
  File "C:\Users\kate\PycharmProjects\member-management\venv\lib\site-packages\django\template\loader_tags.py", line 232, in do_block
    nodelist = parser.parse(("endblock",))
  File "C:\Users\kate\PycharmProjects\member-management\venv\lib\site-packages\django\template\base.py", line 507, in parse
    self.invalid_block_tag(token, command, parse_until)
  File "C:\Users\kate\PycharmProjects\member-management\venv\lib\site-packages\django\template\base.py", line 558, in invalid_block_tag
    raise self.error(
django.template.exceptions.TemplateSyntaxError: Invalid block tag on line 99: 'year,', expected 'endblock'. Did you forget to register or load this tag?
"GET /election-results/ HTTP/1.1" 500 185874
Internal Server Error: /election-results/
Traceback (most recent call last):
  File "C:\Users\kate\PycharmProjects\member-management\venv\lib\site-packages\django\core\handlers\exception.py", line 55, in inner
    response = get_response(request)
  File "C:\Users\kate\PycharmProjects\member-management\venv\lib\site-packages\django\core\handlers\base.py", line 197, in _get_response
    response = wrapped_callback(request, *callback_args, **callback_kwargs)
  File "C:\Users\kate\PycharmProjects\member-management\management\views.py", line 4668, in election_results_func
    return render(request, 'election_results.html', {
  File "C:\Users\kate\PycharmProjects\member-management\venv\lib\site-packages\django\shortcuts.py", line 24, in render
    content = loader.render_to_string(template_name, context, request, using=using)
  File "C:\Users\kate\PycharmProjects\member-management\venv\lib\site-packages\django\template\loader.py", line 62, in render_to_string
    return template.render(context, request)
  File "C:\Users\kate\PycharmProjects\member-management\venv\lib\site-packages\django\template\backends\django.py", line 61, in render
    return self.template.render(context)
  File "C:\Users\kate\PycharmProjects\member-management\venv\lib\site-packages\django\template\base.py", line 175, in render
    return self._render(context)
  File "C:\Users\kate\PycharmProjects\member-management\venv\lib\site-packages\django\template\base.py", line 167, in _render
    return self.nodelist.render(context)
  File "C:\Users\kate\PycharmProjects\member-management\venv\lib\site-packages\django\template\base.py", line 1005, in render
    return SafeString("".join([node.render_annotated(context) for node in self]))
  File "C:\Users\kate\PycharmProjects\member-management\venv\lib\site-packages\django\template\base.py", line 1005, in <listcomp>
    return SafeString("".join([node.render_annotated(context) for node in self]))
  File "C:\Users\kate\PycharmProjects\member-management\venv\lib\site-packages\django\template\base.py", line 966, in render_annotated
    return self.render(context)
  File "C:\Users\kate\PycharmProjects\member-management\venv\lib\site-packages\django\template\loader_tags.py", line 157, in render
    return compiled_parent._render(context)
  File "C:\Users\kate\PycharmProjects\member-management\venv\lib\site-packages\django\template\base.py", line 167, in _render
    return self.nodelist.render(context)
  File "C:\Users\kate\PycharmProjects\member-management\venv\lib\site-packages\django\template\base.py", line 1005, in render
    return SafeString("".join([node.render_annotated(context) for node in self]))
  File "C:\Users\kate\PycharmProjects\member-management\venv\lib\site-packages\django\template\base.py", line 1005, in <listcomp>
    return SafeString("".join([node.render_annotated(context) for node in self]))
  File "C:\Users\kate\PycharmProjects\member-management\venv\lib\site-packages\django\template\base.py", line 966, in render_annotated
    return self.render(context)
  File "C:\Users\kate\PycharmProjects\member-management\venv\lib\site-packages\django\template\loader_tags.py", line 63, in render
    result = block.nodelist.render(context)
  File "C:\Users\kate\PycharmProjects\member-management\venv\lib\site-packages\django\template\base.py", line 1005, in render
    return SafeString("".join([node.render_annotated(context) for node in self]))
  File "C:\Users\kate\PycharmProjects\member-management\venv\lib\site-packages\django\template\base.py", line 1005, in <listcomp>
    return SafeString("".join([node.render_annotated(context) for node in self]))
  File "C:\Users\kate\PycharmProjects\member-management\venv\lib\site-packages\django\template\base.py", line 966, in render_annotated
    return self.render(context)
  File "C:\Users\kate\PycharmProjects\member-management\venv\lib\site-packages\django\template\defaulttags.py", line 238, in render
    nodelist.append(node.render_annotated(context))
  File "C:\Users\kate\PycharmProjects\member-management\venv\lib\site-packages\django\template\base.py", line 966, in render_annotated
    return self.render(context)
  File "C:\Users\kate\PycharmProjects\member-management\venv\lib\site-packages\django\template\defaulttags.py", line 238, in render
    nodelist.append(node.render_annotated(context))
  File "C:\Users\kate\PycharmProjects\member-management\venv\lib\site-packages\django\template\base.py", line 966, in render_annotated
    return self.render(context)
  File "C:\Users\kate\PycharmProjects\member-management\venv\lib\site-packages\django\template\defaulttags.py", line 193, in render
    values = list(values)
TypeError: 'ElectionContender' object is not iterable
"GET /election-results/ HTTP/1.1" 500 219796
Internal Server Error: /election-results/
Traceback (most recent call last):
  File "C:\Users\kate\PycharmProjects\member-management\venv\lib\site-packages\django\core\handlers\exception.py", line 55, in inner
    response = get_response(request)
  File "C:\Users\kate\PycharmProjects\member-management\venv\lib\site-packages\django\core\handlers\base.py", line 197, in _get_response
    response = wrapped_callback(request, *callback_args, **callback_kwargs)
  File "C:\Users\kate\PycharmProjects\member-management\management\views.py", line 4668, in election_results_func
    return render(request, 'election_results.html', {
  File "C:\Users\kate\PycharmProjects\member-management\venv\lib\site-packages\django\shortcuts.py", line 24, in render
    content = loader.render_to_string(template_name, context, request, using=using)
  File "C:\Users\kate\PycharmProjects\member-management\venv\lib\site-packages\django\template\loader.py", line 62, in render_to_string
    return template.render(context, request)
  File "C:\Users\kate\PycharmProjects\member-management\venv\lib\site-packages\django\template\backends\django.py", line 61, in render
    return self.template.render(context)
  File "C:\Users\kate\PycharmProjects\member-management\venv\lib\site-packages\django\template\base.py", line 175, in render
    return self._render(context)
  File "C:\Users\kate\PycharmProjects\member-management\venv\lib\site-packages\django\template\base.py", line 167, in _render
    return self.nodelist.render(context)
  File "C:\Users\kate\PycharmProjects\member-management\venv\lib\site-packages\django\template\base.py", line 1005, in render
    return SafeString("".join([node.render_annotated(context) for node in self]))
  File "C:\Users\kate\PycharmProjects\member-management\venv\lib\site-packages\django\template\base.py", line 1005, in <listcomp>
    return SafeString("".join([node.render_annotated(context) for node in self]))
  File "C:\Users\kate\PycharmProjects\member-management\venv\lib\site-packages\django\template\base.py", line 966, in render_annotated
    return self.render(context)
  File "C:\Users\kate\PycharmProjects\member-management\venv\lib\site-packages\django\template\loader_tags.py", line 157, in render
    return compiled_parent._render(context)
  File "C:\Users\kate\PycharmProjects\member-management\venv\lib\site-packages\django\template\base.py", line 167, in _render
    return self.nodelist.render(context)
  File "C:\Users\kate\PycharmProjects\member-management\venv\lib\site-packages\django\template\base.py", line 1005, in render
    return SafeString("".join([node.render_annotated(context) for node in self]))
  File "C:\Users\kate\PycharmProjects\member-management\venv\lib\site-packages\django\template\base.py", line 1005, in <listcomp>
    return SafeString("".join([node.render_annotated(context) for node in self]))
  File "C:\Users\kate\PycharmProjects\member-management\venv\lib\site-packages\django\template\base.py", line 966, in render_annotated
    return self.render(context)
  File "C:\Users\kate\PycharmProjects\member-management\venv\lib\site-packages\django\template\loader_tags.py", line 63, in render
    result = block.nodelist.render(context)
  File "C:\Users\kate\PycharmProjects\member-management\venv\lib\site-packages\django\template\base.py", line 1005, in render
    return SafeString("".join([node.render_annotated(context) for node in self]))
  File "C:\Users\kate\PycharmProjects\member-management\venv\lib\site-packages\django\template\base.py", line 1005, in <listcomp>
    return SafeString("".join([node.render_annotated(context) for node in self]))
  File "C:\Users\kate\PycharmProjects\member-management\venv\lib\site-packages\django\template\base.py", line 966, in render_annotated
    return self.render(context)
  File "C:\Users\kate\PycharmProjects\member-management\venv\lib\site-packages\django\template\defaulttags.py", line 238, in render
    nodelist.append(node.render_annotated(context))
  File "C:\Users\kate\PycharmProjects\member-management\venv\lib\site-packages\django\template\base.py", line 966, in render_annotated
    return self.render(context)
  File "C:\Users\kate\PycharmProjects\member-management\venv\lib\site-packages\django\template\defaulttags.py", line 238, in render
    nodelist.append(node.render_annotated(context))
  File "C:\Users\kate\PycharmProjects\member-management\venv\lib\site-packages\django\template\base.py", line 966, in render_annotated
    return self.render(context)
  File "C:\Users\kate\PycharmProjects\member-management\venv\lib\site-packages\django\template\defaulttags.py", line 193, in render
    values = list(values)
TypeError: 'ElectionContender' object is not iterable
"GET /election-results/ HTTP/1.1" 500 219796
Internal Server Error: /election-results/
Traceback (most recent call last):
  File "C:\Users\kate\PycharmProjects\member-management\venv\lib\site-packages\django\core\handlers\exception.py", line 55, in inner
    response = get_response(request)
  File "C:\Users\kate\PycharmProjects\member-management\venv\lib\site-packages\django\core\handlers\base.py", line 197, in _get_response
    response = wrapped_callback(request, *callback_args, **callback_kwargs)
  File "C:\Users\kate\PycharmProjects\member-management\management\views.py", line 4668, in election_results_func
    return render(request, 'election_results.html', {
  File "C:\Users\kate\PycharmProjects\member-management\venv\lib\site-packages\django\shortcuts.py", line 24, in render
    content = loader.render_to_string(template_name, context, request, using=using)
  File "C:\Users\kate\PycharmProjects\member-management\venv\lib\site-packages\django\template\loader.py", line 62, in render_to_string
    return template.render(context, request)
  File "C:\Users\kate\PycharmProjects\member-management\venv\lib\site-packages\django\template\backends\django.py", line 61, in render
    return self.template.render(context)
  File "C:\Users\kate\PycharmProjects\member-management\venv\lib\site-packages\django\template\base.py", line 175, in render
    return self._render(context)
  File "C:\Users\kate\PycharmProjects\member-management\venv\lib\site-packages\django\template\base.py", line 167, in _render
    return self.nodelist.render(context)
  File "C:\Users\kate\PycharmProjects\member-management\venv\lib\site-packages\django\template\base.py", line 1005, in render
    return SafeString("".join([node.render_annotated(context) for node in self]))
  File "C:\Users\kate\PycharmProjects\member-management\venv\lib\site-packages\django\template\base.py", line 1005, in <listcomp>
    return SafeString("".join([node.render_annotated(context) for node in self]))
  File "C:\Users\kate\PycharmProjects\member-management\venv\lib\site-packages\django\template\base.py", line 966, in render_annotated
    return self.render(context)
  File "C:\Users\kate\PycharmProjects\member-management\venv\lib\site-packages\django\template\loader_tags.py", line 157, in render
    return compiled_parent._render(context)
  File "C:\Users\kate\PycharmProjects\member-management\venv\lib\site-packages\django\template\base.py", line 167, in _render
    return self.nodelist.render(context)
  File "C:\Users\kate\PycharmProjects\member-management\venv\lib\site-packages\django\template\base.py", line 1005, in render
    return SafeString("".join([node.render_annotated(context) for node in self]))
  File "C:\Users\kate\PycharmProjects\member-management\venv\lib\site-packages\django\template\base.py", line 1005, in <listcomp>
    return SafeString("".join([node.render_annotated(context) for node in self]))
  File "C:\Users\kate\PycharmProjects\member-management\venv\lib\site-packages\django\template\base.py", line 966, in render_annotated
    return self.render(context)
  File "C:\Users\kate\PycharmProjects\member-management\venv\lib\site-packages\django\template\loader_tags.py", line 63, in render
    result = block.nodelist.render(context)
  File "C:\Users\kate\PycharmProjects\member-management\venv\lib\site-packages\django\template\base.py", line 1005, in render
    return SafeString("".join([node.render_annotated(context) for node in self]))
  File "C:\Users\kate\PycharmProjects\member-management\venv\lib\site-packages\django\template\base.py", line 1005, in <listcomp>
    return SafeString("".join([node.render_annotated(context) for node in self]))
  File "C:\Users\kate\PycharmProjects\member-management\venv\lib\site-packages\django\template\base.py", line 966, in render_annotated
    return self.render(context)
  File "C:\Users\kate\PycharmProjects\member-management\venv\lib\site-packages\django\template\defaulttags.py", line 238, in render
    nodelist.append(node.render_annotated(context))
  File "C:\Users\kate\PycharmProjects\member-management\venv\lib\site-packages\django\template\base.py", line 966, in render_annotated
    return self.render(context)
  File "C:\Users\kate\PycharmProjects\member-management\venv\lib\site-packages\django\template\defaulttags.py", line 238, in render
    nodelist.append(node.render_annotated(context))
  File "C:\Users\kate\PycharmProjects\member-management\venv\lib\site-packages\django\template\base.py", line 966, in render_annotated
    return self.render(context)
  File "C:\Users\kate\PycharmProjects\member-management\venv\lib\site-packages\django\template\defaulttags.py", line 193, in render
    values = list(values)
TypeError: 'ElectionContender' object is not iterable
"GET /election-results/ HTTP/1.1" 500 219796
C:\Users\kate\PycharmProjects\member-management\management\views.py changed, reloading.
Watching for file changes with StatReloader
C:\Users\kate\PycharmProjects\member-management\management\views.py changed, reloading.
Watching for file changes with StatReloader
C:\Users\kate\PycharmProjects\member-management\management\views.py changed, reloading.
Watching for file changes with StatReloader
C:\Users\kate\PycharmProjects\member-management\management\views.py changed, reloading.
Watching for file changes with StatReloader
Internal Server Error: /election-results/
Traceback (most recent call last):
  File "C:\Users\kate\PycharmProjects\member-management\venv\lib\site-packages\django\core\handlers\exception.py", line 55, in inner
    response = get_response(request)
  File "C:\Users\kate\PycharmProjects\member-management\venv\lib\site-packages\django\core\handlers\base.py", line 197, in _get_response
    response = wrapped_callback(request, *callback_args, **callback_kwargs)
  File "C:\Users\kate\PycharmProjects\member-management\management\views.py", line 4565, in election_results_func
    con
NameError: name 'con' is not defined
"POST /election-results/ HTTP/1.1" 500 69057
C:\Users\kate\PycharmProjects\member-management\management\views.py changed, reloading.
Watching for file changes with StatReloader
C:\Users\kate\PycharmProjects\member-management\management\views.py changed, reloading.
Watching for file changes with StatReloader
C:\Users\kate\PycharmProjects\member-management\management\views.py changed, reloading.
Watching for file changes with StatReloader
C:\Users\kate\PycharmProjects\member-management\management\views.py changed, reloading.
Watching for file changes with StatReloader
C:\Users\kate\PycharmProjects\member-management\management\views.py changed, reloading.
Watching for file changes with StatReloader
C:\Users\kate\PycharmProjects\member-management\management\views.py changed, reloading.
Watching for file changes with StatReloader
C:\Users\kate\PycharmProjects\member-management\management\views.py changed, reloading.
Watching for file changes with StatReloader
C:\Users\kate\PycharmProjects\member-management\management\views.py changed, reloading.
Watching for file changes with StatReloader
C:\Users\kate\PycharmProjects\member-management\management\views.py changed, reloading.
Watching for file changes with StatReloader
C:\Users\kate\PycharmProjects\member-management\management\views.py changed, reloading.
Watching for file changes with StatReloader
C:\Users\kate\PycharmProjects\member-management\management\views.py changed, reloading.
Watching for file changes with StatReloader
C:\Users\kate\PycharmProjects\member-management\management\views.py changed, reloading.
Watching for file changes with StatReloader
C:\Users\kate\PycharmProjects\member-management\management\views.py changed, reloading.
Watching for file changes with StatReloader
Watching for file changes with StatReloader
C:\Users\kate\PycharmProjects\member-management\management\views.py changed, reloading.
Watching for file changes with StatReloader
C:\Users\kate\PycharmProjects\member-management\management\views.py changed, reloading.
Watching for file changes with StatReloader
Not Found: /favicon.ico
"GET /favicon.ico HTTP/1.1" 404 19949
C:\Users\kate\PycharmProjects\member-management\management\views.py changed, reloading.
Watching for file changes with StatReloader
C:\Users\kate\PycharmProjects\member-management\management\views.py changed, reloading.
Watching for file changes with StatReloader
C:\Users\kate\PycharmProjects\member-management\management\views.py changed, reloading.
Watching for file changes with StatReloader
C:\Users\kate\PycharmProjects\member-management\management\views.py changed, reloading.
Watching for file changes with StatReloader
C:\Users\kate\PycharmProjects\member-management\management\views.py changed, reloading.
Watching for file changes with StatReloader
C:\Users\kate\PycharmProjects\member-management\management\views.py changed, reloading.
Watching for file changes with StatReloader
C:\Users\kate\PycharmProjects\member-management\management\views.py changed, reloading.
Watching for file changes with StatReloader
C:\Users\kate\PycharmProjects\member-management\management\views.py changed, reloading.
Watching for file changes with StatReloader
C:\Users\kate\PycharmProjects\member-management\management\views.py changed, reloading.
Watching for file changes with StatReloader
C:\Users\kate\PycharmProjects\member-management\management\views.py changed, reloading.
Watching for file changes with StatReloader
C:\Users\kate\PycharmProjects\member-management\management\views.py changed, reloading.
Watching for file changes with StatReloader
C:\Users\kate\PycharmProjects\member-management\management\views.py changed, reloading.
Watching for file changes with StatReloader
C:\Users\kate\PycharmProjects\member-management\management\views.py changed, reloading.
Watching for file changes with StatReloader
C:\Users\kate\PycharmProjects\member-management\management\views.py changed, reloading.
Watching for file changes with StatReloader
C:\Users\kate\PycharmProjects\member-management\management\views.py changed, reloading.
Watching for file changes with StatReloader
C:\Users\kate\PycharmProjects\member-management\management\views.py changed, reloading.
Watching for file changes with StatReloader
C:\Users\kate\PycharmProjects\member-management\management\views.py changed, reloading.
Watching for file changes with StatReloader
C:\Users\kate\PycharmProjects\member-management\management\views.py changed, reloading.
Watching for file changes with StatReloader
C:\Users\kate\PycharmProjects\member-management\management\views.py changed, reloading.
Watching for file changes with StatReloader
C:\Users\kate\PycharmProjects\member-management\management\views.py changed, reloading.
Watching for file changes with StatReloader
C:\Users\kate\PycharmProjects\member-management\management\views.py changed, reloading.
Watching for file changes with StatReloader
C:\Users\kate\PycharmProjects\member-management\management\views.py changed, reloading.
Watching for file changes with StatReloader
C:\Users\kate\PycharmProjects\member-management\management\views.py changed, reloading.
Watching for file changes with StatReloader
C:\Users\kate\PycharmProjects\member-management\management\views.py changed, reloading.
Watching for file changes with StatReloader
C:\Users\kate\PycharmProjects\member-management\management\views.py changed, reloading.
Watching for file changes with StatReloader
C:\Users\kate\PycharmProjects\member-management\management\views.py changed, reloading.
Watching for file changes with StatReloader
C:\Users\kate\PycharmProjects\member-management\management\views.py changed, reloading.
Watching for file changes with StatReloader
C:\Users\kate\PycharmProjects\member-management\management\views.py changed, reloading.
Watching for file changes with StatReloader
C:\Users\kate\PycharmProjects\member-management\management\views.py changed, reloading.
Watching for file changes with StatReloader
C:\Users\kate\PycharmProjects\member-management\management\views.py changed, reloading.
Watching for file changes with StatReloader
C:\Users\kate\PycharmProjects\member-management\management\views.py changed, reloading.
Watching for file changes with StatReloader
C:\Users\kate\PycharmProjects\member-management\management\views.py changed, reloading.
Watching for file changes with StatReloader
C:\Users\kate\PycharmProjects\member-management\management\views.py changed, reloading.
Watching for file changes with StatReloader
C:\Users\kate\PycharmProjects\member-management\management\views.py changed, reloading.
Watching for file changes with StatReloader
C:\Users\kate\PycharmProjects\member-management\management\views.py changed, reloading.
Watching for file changes with StatReloader
C:\Users\kate\PycharmProjects\member-management\management\views.py changed, reloading.
Watching for file changes with StatReloader
C:\Users\kate\PycharmProjects\member-management\management\views.py changed, reloading.
Watching for file changes with StatReloader
Internal Server Error: /home/
Traceback (most recent call last):
  File "C:\Users\kate\PycharmProjects\member-management\venv\lib\site-packages\django\core\handlers\exception.py", line 55, in inner
    response = get_response(request)
  File "C:\Users\kate\PycharmProjects\member-management\venv\lib\site-packages\django\core\handlers\base.py", line 197, in _get_response
    response = wrapped_callback(request, *callback_args, **callback_kwargs)
  File "C:\Users\kate\PycharmProjects\member-management\venv\lib\site-packages\django\contrib\auth\decorators.py", line 23, in _wrapper_view
    return view_func(request, *args, **kwargs)
  File "C:\Users\kate\PycharmProjects\member-management\management\decorators.py", line 75, in wrapper_func
    return view_func(request, *args, **kwargs)
  File "C:\Users\kate\PycharmProjects\member-management\management\views.py", line 62, in homepage
    print(datetime.strptime(search_engine_field_query, "%B").month)
  File "C:\Users\kate\AppData\Local\Programs\Python\Python39\lib\_strptime.py", line 568, in _strptime_datetime
    tt, fraction, gmtoff_fraction = _strptime(data_string, format)
  File "C:\Users\kate\AppData\Local\Programs\Python\Python39\lib\_strptime.py", line 349, in _strptime
    raise ValueError("time data %r does not match format %r" %
ValueError: time data 'rosario' does not match format '%B'
"GET /home/?search=rosario HTTP/1.1" 500 87651
Internal Server Error: /home/
Traceback (most recent call last):
  File "C:\Users\kate\PycharmProjects\member-management\venv\lib\site-packages\django\core\handlers\exception.py", line 55, in inner
    response = get_response(request)
  File "C:\Users\kate\PycharmProjects\member-management\venv\lib\site-packages\django\core\handlers\base.py", line 197, in _get_response
    response = wrapped_callback(request, *callback_args, **callback_kwargs)
  File "C:\Users\kate\PycharmProjects\member-management\venv\lib\site-packages\django\contrib\auth\decorators.py", line 23, in _wrapper_view
    return view_func(request, *args, **kwargs)
  File "C:\Users\kate\PycharmProjects\member-management\management\decorators.py", line 75, in wrapper_func
    return view_func(request, *args, **kwargs)
  File "C:\Users\kate\PycharmProjects\member-management\management\views.py", line 62, in homepage
    print(datetime.strptime(search_engine_field_query, "%B").month)
  File "C:\Users\kate\AppData\Local\Programs\Python\Python39\lib\_strptime.py", line 568, in _strptime_datetime
    tt, fraction, gmtoff_fraction = _strptime(data_string, format)
  File "C:\Users\kate\AppData\Local\Programs\Python\Python39\lib\_strptime.py", line 349, in _strptime
    raise ValueError("time data %r does not match format %r" %
ValueError: time data 'febuary' does not match format '%B'
"GET /home/?search=febuary HTTP/1.1" 500 87651
C:\Users\kate\PycharmProjects\member-management\management\views.py changed, reloading.
Watching for file changes with StatReloader
C:\Users\kate\PycharmProjects\member-management\management\views.py changed, reloading.
Watching for file changes with StatReloader
Internal Server Error: /home/
Traceback (most recent call last):
  File "C:\Users\kate\PycharmProjects\member-management\venv\lib\site-packages\django\core\handlers\exception.py", line 55, in inner
    response = get_response(request)
  File "C:\Users\kate\PycharmProjects\member-management\venv\lib\site-packages\django\core\handlers\base.py", line 197, in _get_response
    response = wrapped_callback(request, *callback_args, **callback_kwargs)
  File "C:\Users\kate\PycharmProjects\member-management\venv\lib\site-packages\django\contrib\auth\decorators.py", line 23, in _wrapper_view
    return view_func(request, *args, **kwargs)
  File "C:\Users\kate\PycharmProjects\member-management\management\decorators.py", line 75, in wrapper_func
    return view_func(request, *args, **kwargs)
  File "C:\Users\kate\PycharmProjects\member-management\management\views.py", line 62, in homepage
    print(datetime.strptime(search_engine_field_query.title(), "%B").month)
  File "C:\Users\kate\AppData\Local\Programs\Python\Python39\lib\_strptime.py", line 568, in _strptime_datetime
    tt, fraction, gmtoff_fraction = _strptime(data_string, format)
  File "C:\Users\kate\AppData\Local\Programs\Python\Python39\lib\_strptime.py", line 349, in _strptime
    raise ValueError("time data %r does not match format %r" %
ValueError: time data 'Febuary' does not match format '%B'
"GET /home/?search=febuary HTTP/1.1" 500 87804
Internal Server Error: /home/
Traceback (most recent call last):
  File "C:\Users\kate\PycharmProjects\member-management\venv\lib\site-packages\django\core\handlers\exception.py", line 55, in inner
    response = get_response(request)
  File "C:\Users\kate\PycharmProjects\member-management\venv\lib\site-packages\django\core\handlers\base.py", line 197, in _get_response
    response = wrapped_callback(request, *callback_args, **callback_kwargs)
  File "C:\Users\kate\PycharmProjects\member-management\venv\lib\site-packages\django\contrib\auth\decorators.py", line 23, in _wrapper_view
    return view_func(request, *args, **kwargs)
  File "C:\Users\kate\PycharmProjects\member-management\management\decorators.py", line 75, in wrapper_func
    return view_func(request, *args, **kwargs)
  File "C:\Users\kate\PycharmProjects\member-management\management\views.py", line 62, in homepage
    print(datetime.strptime(search_engine_field_query.title(), "%B").month)
  File "C:\Users\kate\AppData\Local\Programs\Python\Python39\lib\_strptime.py", line 568, in _strptime_datetime
    tt, fraction, gmtoff_fraction = _strptime(data_string, format)
  File "C:\Users\kate\AppData\Local\Programs\Python\Python39\lib\_strptime.py", line 349, in _strptime
    raise ValueError("time data %r does not match format %r" %
ValueError: time data 'Genesis' does not match format '%B'
"GET /home/?search=genesis HTTP/1.1" 500 87666
C:\Users\kate\PycharmProjects\member-management\management\views.py changed, reloading.
Watching for file changes with StatReloader
Internal Server Error: /home/
Traceback (most recent call last):
  File "C:\Users\kate\PycharmProjects\member-management\venv\lib\site-packages\django\core\handlers\exception.py", line 55, in inner
    response = get_response(request)
  File "C:\Users\kate\PycharmProjects\member-management\venv\lib\site-packages\django\core\handlers\base.py", line 197, in _get_response
    response = wrapped_callback(request, *callback_args, **callback_kwargs)
  File "C:\Users\kate\PycharmProjects\member-management\venv\lib\site-packages\django\contrib\auth\decorators.py", line 23, in _wrapper_view
    return view_func(request, *args, **kwargs)
  File "C:\Users\kate\PycharmProjects\member-management\management\decorators.py", line 75, in wrapper_func
    return view_func(request, *args, **kwargs)
  File "C:\Users\kate\PycharmProjects\member-management\management\views.py", line 69, in homepage
    | Q(birthday__month__icontains=datetime.strptime(search_engine_field_query.title(), "%B").month)
  File "C:\Users\kate\AppData\Local\Programs\Python\Python39\lib\_strptime.py", line 568, in _strptime_datetime
    tt, fraction, gmtoff_fraction = _strptime(data_string, format)
  File "C:\Users\kate\AppData\Local\Programs\Python\Python39\lib\_strptime.py", line 349, in _strptime
    raise ValueError("time data %r does not match format %r" %
ValueError: time data 'Genesis' does not match format '%B'
"GET /home/?search=genesis HTTP/1.1" 500 87772
Internal Server Error: /member-profile/Genesis/28/
Traceback (most recent call last):
  File "C:\Users\kate\PycharmProjects\member-management\venv\lib\site-packages\django\core\handlers\exception.py", line 55, in inner
    response = get_response(request)
  File "C:\Users\kate\PycharmProjects\member-management\venv\lib\site-packages\django\core\handlers\base.py", line 197, in _get_response
    response = wrapped_callback(request, *callback_args, **callback_kwargs)
  File "C:\Users\kate\PycharmProjects\member-management\venv\lib\site-packages\django\contrib\auth\decorators.py", line 23, in _wrapper_view
    return view_func(request, *args, **kwargs)
  File "C:\Users\kate\PycharmProjects\member-management\management\decorators.py", line 75, in wrapper_func
    return view_func(request, *args, **kwargs)
  File "C:\Users\kate\PycharmProjects\member-management\management\views.py", line 920, in member_profile
    member = Member.objects.get(id=id, name=name)
  File "C:\Users\kate\PycharmProjects\member-management\venv\lib\site-packages\django\db\models\manager.py", line 87, in manager_method
    return getattr(self.get_queryset(), name)(*args, **kwargs)
  File "C:\Users\kate\PycharmProjects\member-management\venv\lib\site-packages\django\db\models\query.py", line 637, in get
    raise self.model.DoesNotExist(
management.models.Member.DoesNotExist: Member matching query does not exist.
"GET /member-profile/Genesis/28/ HTTP/1.1" 500 86164
Internal Server Error: /individual/28/
Traceback (most recent call last):
  File "C:\Users\kate\PycharmProjects\member-management\venv\lib\site-packages\django\core\handlers\exception.py", line 55, in inner
    response = get_response(request)
  File "C:\Users\kate\PycharmProjects\member-management\venv\lib\site-packages\django\core\handlers\base.py", line 197, in _get_response
    response = wrapped_callback(request, *callback_args, **callback_kwargs)
  File "C:\Users\kate\PycharmProjects\member-management\management\views.py", line 4028, in individual_view
    individual_parents = IndividualParents.objects.get(individual=individual)
  File "C:\Users\kate\PycharmProjects\member-management\venv\lib\site-packages\django\db\models\manager.py", line 87, in manager_method
    return getattr(self.get_queryset(), name)(*args, **kwargs)
  File "C:\Users\kate\PycharmProjects\member-management\venv\lib\site-packages\django\db\models\query.py", line 637, in get
    raise self.model.DoesNotExist(
management.models.IndividualParents.DoesNotExist: IndividualParents matching query does not exist.
"GET /individual/28/ HTTP/1.1" 500 74985
C:\Users\kate\PycharmProjects\member-management\management\views.py changed, reloading.
Watching for file changes with StatReloader
Internal Server Error: /individual/28/
Traceback (most recent call last):
  File "C:\Users\kate\PycharmProjects\member-management\venv\lib\site-packages\django\template\base.py", line 505, in parse
    compile_func = self.tags[command]
KeyError: 'individual_spouse.spouse'

During handling of the above exception, another exception occurred:

Traceback (most recent call last):
  File "C:\Users\kate\PycharmProjects\member-management\venv\lib\site-packages\django\core\handlers\exception.py", line 55, in inner
    response = get_response(request)
  File "C:\Users\kate\PycharmProjects\member-management\venv\lib\site-packages\django\core\handlers\base.py", line 197, in _get_response
    response = wrapped_callback(request, *callback_args, **callback_kwargs)
  File "C:\Users\kate\PycharmProjects\member-management\management\views.py", line 4033, in individual_view
    return render(request, 'individual_page.html', {
  File "C:\Users\kate\PycharmProjects\member-management\venv\lib\site-packages\django\shortcuts.py", line 24, in render
    content = loader.render_to_string(template_name, context, request, using=using)
  File "C:\Users\kate\PycharmProjects\member-management\venv\lib\site-packages\django\template\loader.py", line 61, in render_to_string
    template = get_template(template_name, using=using)
  File "C:\Users\kate\PycharmProjects\member-management\venv\lib\site-packages\django\template\loader.py", line 15, in get_template
    return engine.get_template(template_name)
  File "C:\Users\kate\PycharmProjects\member-management\venv\lib\site-packages\django\template\backends\django.py", line 33, in get_template
    return Template(self.engine.get_template(template_name), self)
  File "C:\Users\kate\PycharmProjects\member-management\venv\lib\site-packages\django\template\engine.py", line 175, in get_template
    template, origin = self.find_template(template_name)
  File "C:\Users\kate\PycharmProjects\member-management\venv\lib\site-packages\django\template\engine.py", line 157, in find_template
    template = loader.get_template(name, skip=skip)
  File "C:\Users\kate\PycharmProjects\member-management\venv\lib\site-packages\django\template\loaders\cached.py", line 57, in get_template
    template = super().get_template(template_name, skip)
  File "C:\Users\kate\PycharmProjects\member-management\venv\lib\site-packages\django\template\loaders\base.py", line 28, in get_template
    return Template(
  File "C:\Users\kate\PycharmProjects\member-management\venv\lib\site-packages\django\template\base.py", line 154, in __init__
    self.nodelist = self.compile_nodelist()
  File "C:\Users\kate\PycharmProjects\member-management\venv\lib\site-packages\django\template\base.py", line 200, in compile_nodelist
    return parser.parse()
  File "C:\Users\kate\PycharmProjects\member-management\venv\lib\site-packages\django\template\base.py", line 513, in parse
    raise self.error(token, e)
  File "C:\Users\kate\PycharmProjects\member-management\venv\lib\site-packages\django\template\base.py", line 511, in parse
    compiled_result = compile_func(self, token)
  File "C:\Users\kate\PycharmProjects\member-management\venv\lib\site-packages\django\template\loader_tags.py", line 293, in do_extends
    nodelist = parser.parse()
  File "C:\Users\kate\PycharmProjects\member-management\venv\lib\site-packages\django\template\base.py", line 513, in parse
    raise self.error(token, e)
  File "C:\Users\kate\PycharmProjects\member-management\venv\lib\site-packages\django\template\base.py", line 511, in parse
    compiled_result = compile_func(self, token)
  File "C:\Users\kate\PycharmProjects\member-management\venv\lib\site-packages\django\template\loader_tags.py", line 232, in do_block
    nodelist = parser.parse(("endblock",))
  File "C:\Users\kate\PycharmProjects\member-management\venv\lib\site-packages\django\template\base.py", line 507, in parse
    self.invalid_block_tag(token, command, parse_until)
  File "C:\Users\kate\PycharmProjects\member-management\venv\lib\site-packages\django\template\base.py", line 558, in invalid_block_tag
    raise self.error(
django.template.exceptions.TemplateSyntaxError: Invalid block tag on line 51: 'individual_spouse.spouse', expected 'endblock'. Did you forget to register or load this tag?
"GET /individual/28/ HTTP/1.1" 500 174924
Internal Server Error: /individual/28/
Traceback (most recent call last):
  File "C:\Users\kate\PycharmProjects\member-management\venv\lib\site-packages\django\template\base.py", line 505, in parse
    compile_func = self.tags[command]
KeyError: 'individual_spouse.spouse'

During handling of the above exception, another exception occurred:

Traceback (most recent call last):
  File "C:\Users\kate\PycharmProjects\member-management\venv\lib\site-packages\django\core\handlers\exception.py", line 55, in inner
    response = get_response(request)
  File "C:\Users\kate\PycharmProjects\member-management\venv\lib\site-packages\django\core\handlers\base.py", line 197, in _get_response
    response = wrapped_callback(request, *callback_args, **callback_kwargs)
  File "C:\Users\kate\PycharmProjects\member-management\management\views.py", line 4033, in individual_view
    return render(request, 'individual_page.html', {
  File "C:\Users\kate\PycharmProjects\member-management\venv\lib\site-packages\django\shortcuts.py", line 24, in render
    content = loader.render_to_string(template_name, context, request, using=using)
  File "C:\Users\kate\PycharmProjects\member-management\venv\lib\site-packages\django\template\loader.py", line 61, in render_to_string
    template = get_template(template_name, using=using)
  File "C:\Users\kate\PycharmProjects\member-management\venv\lib\site-packages\django\template\loader.py", line 15, in get_template
    return engine.get_template(template_name)
  File "C:\Users\kate\PycharmProjects\member-management\venv\lib\site-packages\django\template\backends\django.py", line 33, in get_template
    return Template(self.engine.get_template(template_name), self)
  File "C:\Users\kate\PycharmProjects\member-management\venv\lib\site-packages\django\template\engine.py", line 175, in get_template
    template, origin = self.find_template(template_name)
  File "C:\Users\kate\PycharmProjects\member-management\venv\lib\site-packages\django\template\engine.py", line 157, in find_template
    template = loader.get_template(name, skip=skip)
  File "C:\Users\kate\PycharmProjects\member-management\venv\lib\site-packages\django\template\loaders\cached.py", line 57, in get_template
    template = super().get_template(template_name, skip)
  File "C:\Users\kate\PycharmProjects\member-management\venv\lib\site-packages\django\template\loaders\base.py", line 28, in get_template
    return Template(
  File "C:\Users\kate\PycharmProjects\member-management\venv\lib\site-packages\django\template\base.py", line 154, in __init__
    self.nodelist = self.compile_nodelist()
  File "C:\Users\kate\PycharmProjects\member-management\venv\lib\site-packages\django\template\base.py", line 200, in compile_nodelist
    return parser.parse()
  File "C:\Users\kate\PycharmProjects\member-management\venv\lib\site-packages\django\template\base.py", line 513, in parse
    raise self.error(token, e)
  File "C:\Users\kate\PycharmProjects\member-management\venv\lib\site-packages\django\template\base.py", line 511, in parse
    compiled_result = compile_func(self, token)
  File "C:\Users\kate\PycharmProjects\member-management\venv\lib\site-packages\django\template\loader_tags.py", line 293, in do_extends
    nodelist = parser.parse()
  File "C:\Users\kate\PycharmProjects\member-management\venv\lib\site-packages\django\template\base.py", line 513, in parse
    raise self.error(token, e)
  File "C:\Users\kate\PycharmProjects\member-management\venv\lib\site-packages\django\template\base.py", line 511, in parse
    compiled_result = compile_func(self, token)
  File "C:\Users\kate\PycharmProjects\member-management\venv\lib\site-packages\django\template\loader_tags.py", line 232, in do_block
    nodelist = parser.parse(("endblock",))
  File "C:\Users\kate\PycharmProjects\member-management\venv\lib\site-packages\django\template\base.py", line 507, in parse
    self.invalid_block_tag(token, command, parse_until)
  File "C:\Users\kate\PycharmProjects\member-management\venv\lib\site-packages\django\template\base.py", line 558, in invalid_block_tag
    raise self.error(
django.template.exceptions.TemplateSyntaxError: Invalid block tag on line 51: 'individual_spouse.spouse', expected 'endblock'. Did you forget to register or load this tag?
"GET /individual/28/ HTTP/1.1" 500 176326
Internal Server Error: /individual/28/
Traceback (most recent call last):
  File "C:\Users\kate\PycharmProjects\member-management\venv\lib\site-packages\django\template\base.py", line 505, in parse
    compile_func = self.tags[command]
KeyError: 'individual_spouse.spouse'

During handling of the above exception, another exception occurred:

Traceback (most recent call last):
  File "C:\Users\kate\PycharmProjects\member-management\venv\lib\site-packages\django\core\handlers\exception.py", line 55, in inner
    response = get_response(request)
  File "C:\Users\kate\PycharmProjects\member-management\venv\lib\site-packages\django\core\handlers\base.py", line 197, in _get_response
    response = wrapped_callback(request, *callback_args, **callback_kwargs)
  File "C:\Users\kate\PycharmProjects\member-management\management\views.py", line 4033, in individual_view
    return render(request, 'individual_page.html', {
  File "C:\Users\kate\PycharmProjects\member-management\venv\lib\site-packages\django\shortcuts.py", line 24, in render
    content = loader.render_to_string(template_name, context, request, using=using)
  File "C:\Users\kate\PycharmProjects\member-management\venv\lib\site-packages\django\template\loader.py", line 61, in render_to_string
    template = get_template(template_name, using=using)
  File "C:\Users\kate\PycharmProjects\member-management\venv\lib\site-packages\django\template\loader.py", line 15, in get_template
    return engine.get_template(template_name)
  File "C:\Users\kate\PycharmProjects\member-management\venv\lib\site-packages\django\template\backends\django.py", line 33, in get_template
    return Template(self.engine.get_template(template_name), self)
  File "C:\Users\kate\PycharmProjects\member-management\venv\lib\site-packages\django\template\engine.py", line 175, in get_template
    template, origin = self.find_template(template_name)
  File "C:\Users\kate\PycharmProjects\member-management\venv\lib\site-packages\django\template\engine.py", line 157, in find_template
    template = loader.get_template(name, skip=skip)
  File "C:\Users\kate\PycharmProjects\member-management\venv\lib\site-packages\django\template\loaders\cached.py", line 57, in get_template
    template = super().get_template(template_name, skip)
  File "C:\Users\kate\PycharmProjects\member-management\venv\lib\site-packages\django\template\loaders\base.py", line 28, in get_template
    return Template(
  File "C:\Users\kate\PycharmProjects\member-management\venv\lib\site-packages\django\template\base.py", line 154, in __init__
    self.nodelist = self.compile_nodelist()
  File "C:\Users\kate\PycharmProjects\member-management\venv\lib\site-packages\django\template\base.py", line 200, in compile_nodelist
    return parser.parse()
  File "C:\Users\kate\PycharmProjects\member-management\venv\lib\site-packages\django\template\base.py", line 513, in parse
    raise self.error(token, e)
  File "C:\Users\kate\PycharmProjects\member-management\venv\lib\site-packages\django\template\base.py", line 511, in parse
    compiled_result = compile_func(self, token)
  File "C:\Users\kate\PycharmProjects\member-management\venv\lib\site-packages\django\template\loader_tags.py", line 293, in do_extends
    nodelist = parser.parse()
  File "C:\Users\kate\PycharmProjects\member-management\venv\lib\site-packages\django\template\base.py", line 513, in parse
    raise self.error(token, e)
  File "C:\Users\kate\PycharmProjects\member-management\venv\lib\site-packages\django\template\base.py", line 511, in parse
    compiled_result = compile_func(self, token)
  File "C:\Users\kate\PycharmProjects\member-management\venv\lib\site-packages\django\template\loader_tags.py", line 232, in do_block
    nodelist = parser.parse(("endblock",))
  File "C:\Users\kate\PycharmProjects\member-management\venv\lib\site-packages\django\template\base.py", line 507, in parse
    self.invalid_block_tag(token, command, parse_until)
  File "C:\Users\kate\PycharmProjects\member-management\venv\lib\site-packages\django\template\base.py", line 558, in invalid_block_tag
    raise self.error(
django.template.exceptions.TemplateSyntaxError: Invalid block tag on line 51: 'individual_spouse.spouse', expected 'endblock'. Did you forget to register or load this tag?
"GET /individual/28/ HTTP/1.1" 500 176326
Internal Server Error: /individual/28/
Traceback (most recent call last):
  File "C:\Users\kate\PycharmProjects\member-management\venv\lib\site-packages\django\template\base.py", line 505, in parse
    compile_func = self.tags[command]
KeyError: 'individual_spouse.spouse'

During handling of the above exception, another exception occurred:

Traceback (most recent call last):
  File "C:\Users\kate\PycharmProjects\member-management\venv\lib\site-packages\django\core\handlers\exception.py", line 55, in inner
    response = get_response(request)
  File "C:\Users\kate\PycharmProjects\member-management\venv\lib\site-packages\django\core\handlers\base.py", line 197, in _get_response
    response = wrapped_callback(request, *callback_args, **callback_kwargs)
  File "C:\Users\kate\PycharmProjects\member-management\management\views.py", line 4033, in individual_view
    return render(request, 'individual_page.html', {
  File "C:\Users\kate\PycharmProjects\member-management\venv\lib\site-packages\django\shortcuts.py", line 24, in render
    content = loader.render_to_string(template_name, context, request, using=using)
  File "C:\Users\kate\PycharmProjects\member-management\venv\lib\site-packages\django\template\loader.py", line 61, in render_to_string
    template = get_template(template_name, using=using)
  File "C:\Users\kate\PycharmProjects\member-management\venv\lib\site-packages\django\template\loader.py", line 15, in get_template
    return engine.get_template(template_name)
  File "C:\Users\kate\PycharmProjects\member-management\venv\lib\site-packages\django\template\backends\django.py", line 33, in get_template
    return Template(self.engine.get_template(template_name), self)
  File "C:\Users\kate\PycharmProjects\member-management\venv\lib\site-packages\django\template\engine.py", line 175, in get_template
    template, origin = self.find_template(template_name)
  File "C:\Users\kate\PycharmProjects\member-management\venv\lib\site-packages\django\template\engine.py", line 157, in find_template
    template = loader.get_template(name, skip=skip)
  File "C:\Users\kate\PycharmProjects\member-management\venv\lib\site-packages\django\template\loaders\cached.py", line 57, in get_template
    template = super().get_template(template_name, skip)
  File "C:\Users\kate\PycharmProjects\member-management\venv\lib\site-packages\django\template\loaders\base.py", line 28, in get_template
    return Template(
  File "C:\Users\kate\PycharmProjects\member-management\venv\lib\site-packages\django\template\base.py", line 154, in __init__
    self.nodelist = self.compile_nodelist()
  File "C:\Users\kate\PycharmProjects\member-management\venv\lib\site-packages\django\template\base.py", line 200, in compile_nodelist
    return parser.parse()
  File "C:\Users\kate\PycharmProjects\member-management\venv\lib\site-packages\django\template\base.py", line 513, in parse
    raise self.error(token, e)
  File "C:\Users\kate\PycharmProjects\member-management\venv\lib\site-packages\django\template\base.py", line 511, in parse
    compiled_result = compile_func(self, token)
  File "C:\Users\kate\PycharmProjects\member-management\venv\lib\site-packages\django\template\loader_tags.py", line 293, in do_extends
    nodelist = parser.parse()
  File "C:\Users\kate\PycharmProjects\member-management\venv\lib\site-packages\django\template\base.py", line 513, in parse
    raise self.error(token, e)
  File "C:\Users\kate\PycharmProjects\member-management\venv\lib\site-packages\django\template\base.py", line 511, in parse
    compiled_result = compile_func(self, token)
  File "C:\Users\kate\PycharmProjects\member-management\venv\lib\site-packages\django\template\loader_tags.py", line 232, in do_block
    nodelist = parser.parse(("endblock",))
  File "C:\Users\kate\PycharmProjects\member-management\venv\lib\site-packages\django\template\base.py", line 507, in parse
    self.invalid_block_tag(token, command, parse_until)
  File "C:\Users\kate\PycharmProjects\member-management\venv\lib\site-packages\django\template\base.py", line 558, in invalid_block_tag
    raise self.error(
django.template.exceptions.TemplateSyntaxError: Invalid block tag on line 51: 'individual_spouse.spouse', expected 'endblock'. Did you forget to register or load this tag?
"GET /individual/28/ HTTP/1.1" 500 176326
Internal Server Error: /individual/28/
Traceback (most recent call last):
  File "C:\Users\kate\PycharmProjects\member-management\venv\lib\site-packages\django\core\handlers\exception.py", line 55, in inner
    response = get_response(request)
  File "C:\Users\kate\PycharmProjects\member-management\venv\lib\site-packages\django\core\handlers\base.py", line 197, in _get_response
    response = wrapped_callback(request, *callback_args, **callback_kwargs)
  File "C:\Users\kate\PycharmProjects\member-management\management\views.py", line 4033, in individual_view
    return render(request, 'individual_page.html', {
  File "C:\Users\kate\PycharmProjects\member-management\venv\lib\site-packages\django\shortcuts.py", line 24, in render
    content = loader.render_to_string(template_name, context, request, using=using)
  File "C:\Users\kate\PycharmProjects\member-management\venv\lib\site-packages\django\template\loader.py", line 62, in render_to_string
    return template.render(context, request)
  File "C:\Users\kate\PycharmProjects\member-management\venv\lib\site-packages\django\template\backends\django.py", line 61, in render
    return self.template.render(context)
  File "C:\Users\kate\PycharmProjects\member-management\venv\lib\site-packages\django\template\base.py", line 175, in render
    return self._render(context)
  File "C:\Users\kate\PycharmProjects\member-management\venv\lib\site-packages\django\template\base.py", line 167, in _render
    return self.nodelist.render(context)
  File "C:\Users\kate\PycharmProjects\member-management\venv\lib\site-packages\django\template\base.py", line 1005, in render
    return SafeString("".join([node.render_annotated(context) for node in self]))
  File "C:\Users\kate\PycharmProjects\member-management\venv\lib\site-packages\django\template\base.py", line 1005, in <listcomp>
    return SafeString("".join([node.render_annotated(context) for node in self]))
  File "C:\Users\kate\PycharmProjects\member-management\venv\lib\site-packages\django\template\base.py", line 966, in render_annotated
    return self.render(context)
  File "C:\Users\kate\PycharmProjects\member-management\venv\lib\site-packages\django\template\loader_tags.py", line 157, in render
    return compiled_parent._render(context)
  File "C:\Users\kate\PycharmProjects\member-management\venv\lib\site-packages\django\template\base.py", line 167, in _render
    return self.nodelist.render(context)
  File "C:\Users\kate\PycharmProjects\member-management\venv\lib\site-packages\django\template\base.py", line 1005, in render
    return SafeString("".join([node.render_annotated(context) for node in self]))
  File "C:\Users\kate\PycharmProjects\member-management\venv\lib\site-packages\django\template\base.py", line 1005, in <listcomp>
    return SafeString("".join([node.render_annotated(context) for node in self]))
  File "C:\Users\kate\PycharmProjects\member-management\venv\lib\site-packages\django\template\base.py", line 966, in render_annotated
    return self.render(context)
  File "C:\Users\kate\PycharmProjects\member-management\venv\lib\site-packages\django\template\loader_tags.py", line 63, in render
    result = block.nodelist.render(context)
  File "C:\Users\kate\PycharmProjects\member-management\venv\lib\site-packages\django\template\base.py", line 1005, in render
    return SafeString("".join([node.render_annotated(context) for node in self]))
  File "C:\Users\kate\PycharmProjects\member-management\venv\lib\site-packages\django\template\base.py", line 1005, in <listcomp>
    return SafeString("".join([node.render_annotated(context) for node in self]))
  File "C:\Users\kate\PycharmProjects\member-management\venv\lib\site-packages\django\template\base.py", line 966, in render_annotated
    return self.render(context)
  File "C:\Users\kate\PycharmProjects\member-management\venv\lib\site-packages\django\template\defaulttags.py", line 193, in render
    values = list(values)
TypeError: 'IndividualOffspring' object is not iterable
"GET /individual/28/ HTTP/1.1" 500 162263
Internal Server Error: /individual/28/
Traceback (most recent call last):
  File "C:\Users\kate\PycharmProjects\member-management\venv\lib\site-packages\django\core\handlers\exception.py", line 55, in inner
    response = get_response(request)
  File "C:\Users\kate\PycharmProjects\member-management\venv\lib\site-packages\django\core\handlers\base.py", line 197, in _get_response
    response = wrapped_callback(request, *callback_args, **callback_kwargs)
  File "C:\Users\kate\PycharmProjects\member-management\management\views.py", line 4033, in individual_view
    return render(request, 'individual_page.html', {
  File "C:\Users\kate\PycharmProjects\member-management\venv\lib\site-packages\django\shortcuts.py", line 24, in render
    content = loader.render_to_string(template_name, context, request, using=using)
  File "C:\Users\kate\PycharmProjects\member-management\venv\lib\site-packages\django\template\loader.py", line 62, in render_to_string
    return template.render(context, request)
  File "C:\Users\kate\PycharmProjects\member-management\venv\lib\site-packages\django\template\backends\django.py", line 61, in render
    return self.template.render(context)
  File "C:\Users\kate\PycharmProjects\member-management\venv\lib\site-packages\django\template\base.py", line 175, in render
    return self._render(context)
  File "C:\Users\kate\PycharmProjects\member-management\venv\lib\site-packages\django\template\base.py", line 167, in _render
    return self.nodelist.render(context)
  File "C:\Users\kate\PycharmProjects\member-management\venv\lib\site-packages\django\template\base.py", line 1005, in render
    return SafeString("".join([node.render_annotated(context) for node in self]))
  File "C:\Users\kate\PycharmProjects\member-management\venv\lib\site-packages\django\template\base.py", line 1005, in <listcomp>
    return SafeString("".join([node.render_annotated(context) for node in self]))
  File "C:\Users\kate\PycharmProjects\member-management\venv\lib\site-packages\django\template\base.py", line 966, in render_annotated
    return self.render(context)
  File "C:\Users\kate\PycharmProjects\member-management\venv\lib\site-packages\django\template\loader_tags.py", line 157, in render
    return compiled_parent._render(context)
  File "C:\Users\kate\PycharmProjects\member-management\venv\lib\site-packages\django\template\base.py", line 167, in _render
    return self.nodelist.render(context)
  File "C:\Users\kate\PycharmProjects\member-management\venv\lib\site-packages\django\template\base.py", line 1005, in render
    return SafeString("".join([node.render_annotated(context) for node in self]))
  File "C:\Users\kate\PycharmProjects\member-management\venv\lib\site-packages\django\template\base.py", line 1005, in <listcomp>
    return SafeString("".join([node.render_annotated(context) for node in self]))
  File "C:\Users\kate\PycharmProjects\member-management\venv\lib\site-packages\django\template\base.py", line 966, in render_annotated
    return self.render(context)
  File "C:\Users\kate\PycharmProjects\member-management\venv\lib\site-packages\django\template\loader_tags.py", line 63, in render
    result = block.nodelist.render(context)
  File "C:\Users\kate\PycharmProjects\member-management\venv\lib\site-packages\django\template\base.py", line 1005, in render
    return SafeString("".join([node.render_annotated(context) for node in self]))
  File "C:\Users\kate\PycharmProjects\member-management\venv\lib\site-packages\django\template\base.py", line 1005, in <listcomp>
    return SafeString("".join([node.render_annotated(context) for node in self]))
  File "C:\Users\kate\PycharmProjects\member-management\venv\lib\site-packages\django\template\base.py", line 966, in render_annotated
    return self.render(context)
  File "C:\Users\kate\PycharmProjects\member-management\venv\lib\site-packages\django\template\defaulttags.py", line 193, in render
    values = list(values)
TypeError: 'IndividualOffspring' object is not iterable
"GET /individual/28/ HTTP/1.1" 500 162263
Internal Server Error: /individual/28/
Traceback (most recent call last):
  File "C:\Users\kate\PycharmProjects\member-management\venv\lib\site-packages\django\core\handlers\exception.py", line 55, in inner
    response = get_response(request)
  File "C:\Users\kate\PycharmProjects\member-management\venv\lib\site-packages\django\core\handlers\base.py", line 197, in _get_response
    response = wrapped_callback(request, *callback_args, **callback_kwargs)
  File "C:\Users\kate\PycharmProjects\member-management\management\views.py", line 4033, in individual_view
    return render(request, 'individual_page.html', {
  File "C:\Users\kate\PycharmProjects\member-management\venv\lib\site-packages\django\shortcuts.py", line 24, in render
    content = loader.render_to_string(template_name, context, request, using=using)
  File "C:\Users\kate\PycharmProjects\member-management\venv\lib\site-packages\django\template\loader.py", line 62, in render_to_string
    return template.render(context, request)
  File "C:\Users\kate\PycharmProjects\member-management\venv\lib\site-packages\django\template\backends\django.py", line 61, in render
    return self.template.render(context)
  File "C:\Users\kate\PycharmProjects\member-management\venv\lib\site-packages\django\template\base.py", line 175, in render
    return self._render(context)
  File "C:\Users\kate\PycharmProjects\member-management\venv\lib\site-packages\django\template\base.py", line 167, in _render
    return self.nodelist.render(context)
  File "C:\Users\kate\PycharmProjects\member-management\venv\lib\site-packages\django\template\base.py", line 1005, in render
    return SafeString("".join([node.render_annotated(context) for node in self]))
  File "C:\Users\kate\PycharmProjects\member-management\venv\lib\site-packages\django\template\base.py", line 1005, in <listcomp>
    return SafeString("".join([node.render_annotated(context) for node in self]))
  File "C:\Users\kate\PycharmProjects\member-management\venv\lib\site-packages\django\template\base.py", line 966, in render_annotated
    return self.render(context)
  File "C:\Users\kate\PycharmProjects\member-management\venv\lib\site-packages\django\template\loader_tags.py", line 157, in render
    return compiled_parent._render(context)
  File "C:\Users\kate\PycharmProjects\member-management\venv\lib\site-packages\django\template\base.py", line 167, in _render
    return self.nodelist.render(context)
  File "C:\Users\kate\PycharmProjects\member-management\venv\lib\site-packages\django\template\base.py", line 1005, in render
    return SafeString("".join([node.render_annotated(context) for node in self]))
  File "C:\Users\kate\PycharmProjects\member-management\venv\lib\site-packages\django\template\base.py", line 1005, in <listcomp>
    return SafeString("".join([node.render_annotated(context) for node in self]))
  File "C:\Users\kate\PycharmProjects\member-management\venv\lib\site-packages\django\template\base.py", line 966, in render_annotated
    return self.render(context)
  File "C:\Users\kate\PycharmProjects\member-management\venv\lib\site-packages\django\template\loader_tags.py", line 63, in render
    result = block.nodelist.render(context)
  File "C:\Users\kate\PycharmProjects\member-management\venv\lib\site-packages\django\template\base.py", line 1005, in render
    return SafeString("".join([node.render_annotated(context) for node in self]))
  File "C:\Users\kate\PycharmProjects\member-management\venv\lib\site-packages\django\template\base.py", line 1005, in <listcomp>
    return SafeString("".join([node.render_annotated(context) for node in self]))
  File "C:\Users\kate\PycharmProjects\member-management\venv\lib\site-packages\django\template\base.py", line 966, in render_annotated
    return self.render(context)
  File "C:\Users\kate\PycharmProjects\member-management\venv\lib\site-packages\django\template\defaulttags.py", line 193, in render
    values = list(values)
TypeError: 'IndividualOffspring' object is not iterable
"GET /individual/28/ HTTP/1.1" 500 162263
C:\Users\kate\PycharmProjects\member-management\management\views.py changed, reloading.
Watching for file changes with StatReloader
C:\Users\kate\PycharmProjects\member-management\management\views.py changed, reloading.
Watching for file changes with StatReloader
Internal Server Error: /home/
Traceback (most recent call last):
  File "C:\Users\kate\PycharmProjects\member-management\venv\lib\site-packages\django\core\handlers\exception.py", line 55, in inner
    response = get_response(request)
  File "C:\Users\kate\PycharmProjects\member-management\venv\lib\site-packages\django\core\handlers\base.py", line 197, in _get_response
    response = wrapped_callback(request, *callback_args, **callback_kwargs)
  File "C:\Users\kate\PycharmProjects\member-management\venv\lib\site-packages\django\contrib\auth\decorators.py", line 23, in _wrapper_view
    return view_func(request, *args, **kwargs)
  File "C:\Users\kate\PycharmProjects\member-management\management\decorators.py", line 75, in wrapper_func
    return view_func(request, *args, **kwargs)
  File "C:\Users\kate\PycharmProjects\member-management\management\views.py", line 69, in homepage
    | Q(birthday__month__icontains=datetime.strptime(search_engine_field_query.title(), "%B").month)
  File "C:\Users\kate\AppData\Local\Programs\Python\Python39\lib\_strptime.py", line 568, in _strptime_datetime
    tt, fraction, gmtoff_fraction = _strptime(data_string, format)
  File "C:\Users\kate\AppData\Local\Programs\Python\Python39\lib\_strptime.py", line 349, in _strptime
    raise ValueError("time data %r does not match format %r" %
ValueError: time data '2023' does not match format '%B'
"GET /home/?search=2023 HTTP/1.1" 500 87807
C:\Users\kate\PycharmProjects\member-management\management\views.py changed, reloading.
Watching for file changes with StatReloader
Internal Server Error: /home/
Traceback (most recent call last):
  File "C:\Users\kate\PycharmProjects\member-management\venv\lib\site-packages\django\core\handlers\exception.py", line 55, in inner
    response = get_response(request)
  File "C:\Users\kate\PycharmProjects\member-management\venv\lib\site-packages\django\core\handlers\base.py", line 197, in _get_response
    response = wrapped_callback(request, *callback_args, **callback_kwargs)
  File "C:\Users\kate\PycharmProjects\member-management\venv\lib\site-packages\django\contrib\auth\decorators.py", line 23, in _wrapper_view
    return view_func(request, *args, **kwargs)
  File "C:\Users\kate\PycharmProjects\member-management\management\decorators.py", line 75, in wrapper_func
    return view_func(request, *args, **kwargs)
  File "C:\Users\kate\PycharmProjects\member-management\management\views.py", line 70, in homepage
    | Q(birthday__month__icontains=datetime.strptime(search_engine_field_query.title(), "%B").month)
  File "C:\Users\kate\AppData\Local\Programs\Python\Python39\lib\_strptime.py", line 568, in _strptime_datetime
    tt, fraction, gmtoff_fraction = _strptime(data_string, format)
  File "C:\Users\kate\AppData\Local\Programs\Python\Python39\lib\_strptime.py", line 349, in _strptime
    raise ValueError("time data %r does not match format %r" %
ValueError: time data '2023' does not match format '%B'
"GET /home/?search=2023 HTTP/1.1" 500 87897
Internal Server Error: /home/
Traceback (most recent call last):
  File "C:\Users\kate\PycharmProjects\member-management\venv\lib\site-packages\django\core\handlers\exception.py", line 55, in inner
    response = get_response(request)
  File "C:\Users\kate\PycharmProjects\member-management\venv\lib\site-packages\django\core\handlers\base.py", line 197, in _get_response
    response = wrapped_callback(request, *callback_args, **callback_kwargs)
  File "C:\Users\kate\PycharmProjects\member-management\venv\lib\site-packages\django\contrib\auth\decorators.py", line 23, in _wrapper_view
    return view_func(request, *args, **kwargs)
  File "C:\Users\kate\PycharmProjects\member-management\management\decorators.py", line 75, in wrapper_func
    return view_func(request, *args, **kwargs)
  File "C:\Users\kate\PycharmProjects\member-management\management\views.py", line 70, in homepage
    | Q(birthday__month__icontains=datetime.strptime(search_engine_field_query.title(), "%B").month)
  File "C:\Users\kate\AppData\Local\Programs\Python\Python39\lib\_strptime.py", line 568, in _strptime_datetime
    tt, fraction, gmtoff_fraction = _strptime(data_string, format)
  File "C:\Users\kate\AppData\Local\Programs\Python\Python39\lib\_strptime.py", line 349, in _strptime
    raise ValueError("time data %r does not match format %r" %
ValueError: time data '2023' does not match format '%B'
"GET /home/?search=2023 HTTP/1.1" 500 87760
C:\Users\kate\PycharmProjects\member-management\management\views.py changed, reloading.
Watching for file changes with StatReloader
C:\Users\kate\PycharmProjects\member-management\management\views.py changed, reloading.
Watching for file changes with StatReloader
Internal Server Error: /home/
Traceback (most recent call last):
  File "C:\Users\kate\PycharmProjects\member-management\venv\lib\site-packages\django\core\handlers\exception.py", line 55, in inner
    response = get_response(request)
  File "C:\Users\kate\PycharmProjects\member-management\venv\lib\site-packages\django\core\handlers\base.py", line 197, in _get_response
    response = wrapped_callback(request, *callback_args, **callback_kwargs)
  File "C:\Users\kate\PycharmProjects\member-management\venv\lib\site-packages\django\contrib\auth\decorators.py", line 23, in _wrapper_view
    return view_func(request, *args, **kwargs)
  File "C:\Users\kate\PycharmProjects\member-management\management\decorators.py", line 75, in wrapper_func
    return view_func(request, *args, **kwargs)
  File "C:\Users\kate\PycharmProjects\member-management\management\views.py", line 69, in homepage
    | Q(birthday__year__icontains=datetime.strptime(search_engine_field_query, "%Y").year)
  File "C:\Users\kate\AppData\Local\Programs\Python\Python39\lib\_strptime.py", line 568, in _strptime_datetime
    tt, fraction, gmtoff_fraction = _strptime(data_string, format)
  File "C:\Users\kate\AppData\Local\Programs\Python\Python39\lib\_strptime.py", line 349, in _strptime
    raise ValueError("time data %r does not match format %r" %
ValueError: time data 'gensi' does not match format '%Y'
"GET /home/?search=gensi HTTP/1.1" 500 87752
C:\Users\kate\PycharmProjects\member-management\management\views.py changed, reloading.
Watching for file changes with StatReloader
C:\Users\kate\PycharmProjects\member-management\management\views.py changed, reloading.
Watching for file changes with StatReloader
C:\Users\kate\PycharmProjects\member-management\management\views.py changed, reloading.
Watching for file changes with StatReloader
Internal Server Error: /home/
Traceback (most recent call last):
  File "C:\Users\kate\PycharmProjects\member-management\venv\lib\site-packages\django\core\handlers\exception.py", line 55, in inner
    response = get_response(request)
  File "C:\Users\kate\PycharmProjects\member-management\venv\lib\site-packages\django\core\handlers\base.py", line 197, in _get_response
    response = wrapped_callback(request, *callback_args, **callback_kwargs)
  File "C:\Users\kate\PycharmProjects\member-management\venv\lib\site-packages\django\contrib\auth\decorators.py", line 23, in _wrapper_view
    return view_func(request, *args, **kwargs)
  File "C:\Users\kate\PycharmProjects\member-management\management\decorators.py", line 75, in wrapper_func
    return view_func(request, *args, **kwargs)
  File "C:\Users\kate\PycharmProjects\member-management\management\views.py", line 69, in homepage
    | Q(birthday__year__icontains=datetime.strptime(search_engine_field_query, "%Y"))
  File "C:\Users\kate\AppData\Local\Programs\Python\Python39\lib\_strptime.py", line 568, in _strptime_datetime
    tt, fraction, gmtoff_fraction = _strptime(data_string, format)
  File "C:\Users\kate\AppData\Local\Programs\Python\Python39\lib\_strptime.py", line 349, in _strptime
    raise ValueError("time data %r does not match format %r" %
ValueError: time data 'catholic' does not match format '%Y'
"GET /home/?search=catholic HTTP/1.1" 500 87917
C:\Users\kate\PycharmProjects\member-management\management\views.py changed, reloading.
Watching for file changes with StatReloader
C:\Users\kate\PycharmProjects\member-management\management\views.py changed, reloading.
Watching for file changes with StatReloader
C:\Users\kate\PycharmProjects\member-management\management\views.py changed, reloading.
Watching for file changes with StatReloader
C:\Users\kate\PycharmProjects\member-management\management\views.py changed, reloading.
Watching for file changes with StatReloader
C:\Users\kate\PycharmProjects\member-management\management\views.py changed, reloading.
Watching for file changes with StatReloader
C:\Users\kate\PycharmProjects\member-management\management\urls.py changed, reloading.
Watching for file changes with StatReloader
Internal Server Error: /individual/28/
Traceback (most recent call last):
  File "C:\Users\kate\PycharmProjects\member-management\venv\lib\site-packages\django\core\handlers\exception.py", line 55, in inner
    response = get_response(request)
  File "C:\Users\kate\PycharmProjects\member-management\venv\lib\site-packages\django\core\handlers\base.py", line 197, in _get_response
    response = wrapped_callback(request, *callback_args, **callback_kwargs)
  File "C:\Users\kate\PycharmProjects\member-management\management\views.py", line 4059, in individual_view
    return render(request, 'individual_page.html', {
  File "C:\Users\kate\PycharmProjects\member-management\venv\lib\site-packages\django\shortcuts.py", line 24, in render
    content = loader.render_to_string(template_name, context, request, using=using)
  File "C:\Users\kate\PycharmProjects\member-management\venv\lib\site-packages\django\template\loader.py", line 62, in render_to_string
    return template.render(context, request)
  File "C:\Users\kate\PycharmProjects\member-management\venv\lib\site-packages\django\template\backends\django.py", line 61, in render
    return self.template.render(context)
  File "C:\Users\kate\PycharmProjects\member-management\venv\lib\site-packages\django\template\base.py", line 175, in render
    return self._render(context)
  File "C:\Users\kate\PycharmProjects\member-management\venv\lib\site-packages\django\template\base.py", line 167, in _render
    return self.nodelist.render(context)
  File "C:\Users\kate\PycharmProjects\member-management\venv\lib\site-packages\django\template\base.py", line 1005, in render
    return SafeString("".join([node.render_annotated(context) for node in self]))
  File "C:\Users\kate\PycharmProjects\member-management\venv\lib\site-packages\django\template\base.py", line 1005, in <listcomp>
    return SafeString("".join([node.render_annotated(context) for node in self]))
  File "C:\Users\kate\PycharmProjects\member-management\venv\lib\site-packages\django\template\base.py", line 966, in render_annotated
    return self.render(context)
  File "C:\Users\kate\PycharmProjects\member-management\venv\lib\site-packages\django\template\loader_tags.py", line 157, in render
    return compiled_parent._render(context)
  File "C:\Users\kate\PycharmProjects\member-management\venv\lib\site-packages\django\template\base.py", line 167, in _render
    return self.nodelist.render(context)
  File "C:\Users\kate\PycharmProjects\member-management\venv\lib\site-packages\django\template\base.py", line 1005, in render
    return SafeString("".join([node.render_annotated(context) for node in self]))
  File "C:\Users\kate\PycharmProjects\member-management\venv\lib\site-packages\django\template\base.py", line 1005, in <listcomp>
    return SafeString("".join([node.render_annotated(context) for node in self]))
  File "C:\Users\kate\PycharmProjects\member-management\venv\lib\site-packages\django\template\base.py", line 966, in render_annotated
    return self.render(context)
  File "C:\Users\kate\PycharmProjects\member-management\venv\lib\site-packages\django\template\loader_tags.py", line 63, in render
    result = block.nodelist.render(context)
  File "C:\Users\kate\PycharmProjects\member-management\venv\lib\site-packages\django\template\base.py", line 1005, in render
    return SafeString("".join([node.render_annotated(context) for node in self]))
  File "C:\Users\kate\PycharmProjects\member-management\venv\lib\site-packages\django\template\base.py", line 1005, in <listcomp>
    return SafeString("".join([node.render_annotated(context) for node in self]))
  File "C:\Users\kate\PycharmProjects\member-management\venv\lib\site-packages\django\template\base.py", line 966, in render_annotated
    return self.render(context)
  File "C:\Users\kate\PycharmProjects\member-management\venv\lib\site-packages\django\template\defaulttags.py", line 321, in render
    return nodelist.render(context)
  File "C:\Users\kate\PycharmProjects\member-management\venv\lib\site-packages\django\template\base.py", line 1005, in render
    return SafeString("".join([node.render_annotated(context) for node in self]))
  File "C:\Users\kate\PycharmProjects\member-management\venv\lib\site-packages\django\template\base.py", line 1005, in <listcomp>
    return SafeString("".join([node.render_annotated(context) for node in self]))
  File "C:\Users\kate\PycharmProjects\member-management\venv\lib\site-packages\django\template\base.py", line 966, in render_annotated
    return self.render(context)
  File "C:\Users\kate\PycharmProjects\member-management\venv\lib\site-packages\django\template\defaulttags.py", line 471, in render
    url = reverse(view_name, args=args, kwargs=kwargs, current_app=current_app)
  File "C:\Users\kate\PycharmProjects\member-management\venv\lib\site-packages\django\urls\base.py", line 88, in reverse
    return resolver._reverse_with_prefix(view, prefix, *args, **kwargs)
  File "C:\Users\kate\PycharmProjects\member-management\venv\lib\site-packages\django\urls\resolvers.py", line 828, in _reverse_with_prefix
    raise NoReverseMatch(msg)
django.urls.exceptions.NoReverseMatch: Reverse for 'suspect-voter' with arguments '('',)' not found. 1 pattern(s) tried: ['suspect/(?P<username>[^/]+)/\\Z']
"GET /individual/28/ HTTP/1.1" 500 204334
Internal Server Error: /individual/28/
Traceback (most recent call last):
  File "C:\Users\kate\PycharmProjects\member-management\venv\lib\site-packages\django\core\handlers\exception.py", line 55, in inner
    response = get_response(request)
  File "C:\Users\kate\PycharmProjects\member-management\venv\lib\site-packages\django\core\handlers\base.py", line 197, in _get_response
    response = wrapped_callback(request, *callback_args, **callback_kwargs)
  File "C:\Users\kate\PycharmProjects\member-management\management\views.py", line 4059, in individual_view
    return render(request, 'individual_page.html', {
  File "C:\Users\kate\PycharmProjects\member-management\venv\lib\site-packages\django\shortcuts.py", line 24, in render
    content = loader.render_to_string(template_name, context, request, using=using)
  File "C:\Users\kate\PycharmProjects\member-management\venv\lib\site-packages\django\template\loader.py", line 62, in render_to_string
    return template.render(context, request)
  File "C:\Users\kate\PycharmProjects\member-management\venv\lib\site-packages\django\template\backends\django.py", line 61, in render
    return self.template.render(context)
  File "C:\Users\kate\PycharmProjects\member-management\venv\lib\site-packages\django\template\base.py", line 175, in render
    return self._render(context)
  File "C:\Users\kate\PycharmProjects\member-management\venv\lib\site-packages\django\template\base.py", line 167, in _render
    return self.nodelist.render(context)
  File "C:\Users\kate\PycharmProjects\member-management\venv\lib\site-packages\django\template\base.py", line 1005, in render
    return SafeString("".join([node.render_annotated(context) for node in self]))
  File "C:\Users\kate\PycharmProjects\member-management\venv\lib\site-packages\django\template\base.py", line 1005, in <listcomp>
    return SafeString("".join([node.render_annotated(context) for node in self]))
  File "C:\Users\kate\PycharmProjects\member-management\venv\lib\site-packages\django\template\base.py", line 966, in render_annotated
    return self.render(context)
  File "C:\Users\kate\PycharmProjects\member-management\venv\lib\site-packages\django\template\loader_tags.py", line 157, in render
    return compiled_parent._render(context)
  File "C:\Users\kate\PycharmProjects\member-management\venv\lib\site-packages\django\template\base.py", line 167, in _render
    return self.nodelist.render(context)
  File "C:\Users\kate\PycharmProjects\member-management\venv\lib\site-packages\django\template\base.py", line 1005, in render
    return SafeString("".join([node.render_annotated(context) for node in self]))
  File "C:\Users\kate\PycharmProjects\member-management\venv\lib\site-packages\django\template\base.py", line 1005, in <listcomp>
    return SafeString("".join([node.render_annotated(context) for node in self]))
  File "C:\Users\kate\PycharmProjects\member-management\venv\lib\site-packages\django\template\base.py", line 966, in render_annotated
    return self.render(context)
  File "C:\Users\kate\PycharmProjects\member-management\venv\lib\site-packages\django\template\loader_tags.py", line 63, in render
    result = block.nodelist.render(context)
  File "C:\Users\kate\PycharmProjects\member-management\venv\lib\site-packages\django\template\base.py", line 1005, in render
    return SafeString("".join([node.render_annotated(context) for node in self]))
  File "C:\Users\kate\PycharmProjects\member-management\venv\lib\site-packages\django\template\base.py", line 1005, in <listcomp>
    return SafeString("".join([node.render_annotated(context) for node in self]))
  File "C:\Users\kate\PycharmProjects\member-management\venv\lib\site-packages\django\template\base.py", line 966, in render_annotated
    return self.render(context)
  File "C:\Users\kate\PycharmProjects\member-management\venv\lib\site-packages\django\template\defaulttags.py", line 321, in render
    return nodelist.render(context)
  File "C:\Users\kate\PycharmProjects\member-management\venv\lib\site-packages\django\template\base.py", line 1005, in render
    return SafeString("".join([node.render_annotated(context) for node in self]))
  File "C:\Users\kate\PycharmProjects\member-management\venv\lib\site-packages\django\template\base.py", line 1005, in <listcomp>
    return SafeString("".join([node.render_annotated(context) for node in self]))
  File "C:\Users\kate\PycharmProjects\member-management\venv\lib\site-packages\django\template\base.py", line 966, in render_annotated
    return self.render(context)
  File "C:\Users\kate\PycharmProjects\member-management\venv\lib\site-packages\django\template\defaulttags.py", line 471, in render
    url = reverse(view_name, args=args, kwargs=kwargs, current_app=current_app)
  File "C:\Users\kate\PycharmProjects\member-management\venv\lib\site-packages\django\urls\base.py", line 88, in reverse
    return resolver._reverse_with_prefix(view, prefix, *args, **kwargs)
  File "C:\Users\kate\PycharmProjects\member-management\venv\lib\site-packages\django\urls\resolvers.py", line 828, in _reverse_with_prefix
    raise NoReverseMatch(msg)
django.urls.exceptions.NoReverseMatch: Reverse for 'suspect-voter' with arguments '('',)' not found. 1 pattern(s) tried: ['suspect/(?P<username>[^/]+)/\\Z']
"GET /individual/28/ HTTP/1.1" 500 204471
Internal Server Error: /individual/28/
Traceback (most recent call last):
  File "C:\Users\kate\PycharmProjects\member-management\venv\lib\site-packages\django\core\handlers\exception.py", line 55, in inner
    response = get_response(request)
  File "C:\Users\kate\PycharmProjects\member-management\venv\lib\site-packages\django\core\handlers\base.py", line 197, in _get_response
    response = wrapped_callback(request, *callback_args, **callback_kwargs)
  File "C:\Users\kate\PycharmProjects\member-management\management\views.py", line 4059, in individual_view
    return render(request, 'individual_page.html', {
  File "C:\Users\kate\PycharmProjects\member-management\venv\lib\site-packages\django\shortcuts.py", line 24, in render
    content = loader.render_to_string(template_name, context, request, using=using)
  File "C:\Users\kate\PycharmProjects\member-management\venv\lib\site-packages\django\template\loader.py", line 62, in render_to_string
    return template.render(context, request)
  File "C:\Users\kate\PycharmProjects\member-management\venv\lib\site-packages\django\template\backends\django.py", line 61, in render
    return self.template.render(context)
  File "C:\Users\kate\PycharmProjects\member-management\venv\lib\site-packages\django\template\base.py", line 175, in render
    return self._render(context)
  File "C:\Users\kate\PycharmProjects\member-management\venv\lib\site-packages\django\template\base.py", line 167, in _render
    return self.nodelist.render(context)
  File "C:\Users\kate\PycharmProjects\member-management\venv\lib\site-packages\django\template\base.py", line 1005, in render
    return SafeString("".join([node.render_annotated(context) for node in self]))
  File "C:\Users\kate\PycharmProjects\member-management\venv\lib\site-packages\django\template\base.py", line 1005, in <listcomp>
    return SafeString("".join([node.render_annotated(context) for node in self]))
  File "C:\Users\kate\PycharmProjects\member-management\venv\lib\site-packages\django\template\base.py", line 966, in render_annotated
    return self.render(context)
  File "C:\Users\kate\PycharmProjects\member-management\venv\lib\site-packages\django\template\loader_tags.py", line 157, in render
    return compiled_parent._render(context)
  File "C:\Users\kate\PycharmProjects\member-management\venv\lib\site-packages\django\template\base.py", line 167, in _render
    return self.nodelist.render(context)
  File "C:\Users\kate\PycharmProjects\member-management\venv\lib\site-packages\django\template\base.py", line 1005, in render
    return SafeString("".join([node.render_annotated(context) for node in self]))
  File "C:\Users\kate\PycharmProjects\member-management\venv\lib\site-packages\django\template\base.py", line 1005, in <listcomp>
    return SafeString("".join([node.render_annotated(context) for node in self]))
  File "C:\Users\kate\PycharmProjects\member-management\venv\lib\site-packages\django\template\base.py", line 966, in render_annotated
    return self.render(context)
  File "C:\Users\kate\PycharmProjects\member-management\venv\lib\site-packages\django\template\loader_tags.py", line 63, in render
    result = block.nodelist.render(context)
  File "C:\Users\kate\PycharmProjects\member-management\venv\lib\site-packages\django\template\base.py", line 1005, in render
    return SafeString("".join([node.render_annotated(context) for node in self]))
  File "C:\Users\kate\PycharmProjects\member-management\venv\lib\site-packages\django\template\base.py", line 1005, in <listcomp>
    return SafeString("".join([node.render_annotated(context) for node in self]))
  File "C:\Users\kate\PycharmProjects\member-management\venv\lib\site-packages\django\template\base.py", line 966, in render_annotated
    return self.render(context)
  File "C:\Users\kate\PycharmProjects\member-management\venv\lib\site-packages\django\template\defaulttags.py", line 471, in render
    url = reverse(view_name, args=args, kwargs=kwargs, current_app=current_app)
  File "C:\Users\kate\PycharmProjects\member-management\venv\lib\site-packages\django\urls\base.py", line 88, in reverse
    return resolver._reverse_with_prefix(view, prefix, *args, **kwargs)
  File "C:\Users\kate\PycharmProjects\member-management\venv\lib\site-packages\django\urls\resolvers.py", line 828, in _reverse_with_prefix
    raise NoReverseMatch(msg)
django.urls.exceptions.NoReverseMatch: Reverse for 'promote-member-to-leader' with arguments '('',)' not found. 1 pattern(s) tried: ['promote/(?P<username>[^/]+)/\\Z']
"GET /individual/28/ HTTP/1.1" 500 184818
"GET /static/images/qr-codes/QR-Code---.png HTTP/1.1" 404 1849
"GET /static/images/qr-codes/QR-Code---.png HTTP/1.1" 404 1849
"GET /static/images/qr-codes/QR-Code---.png HTTP/1.1" 404 1849
"GET /static/images/qr-codes/QR-Code---.png HTTP/1.1" 404 1849
"GET /static/images/qr-codes/QR-Code---.png HTTP/1.1" 404 1849
"GET /static/images/qr-codes/QR-Code---.png HTTP/1.1" 404 1849
"GET /static/images/qr-codes/QR-Code---.png HTTP/1.1" 404 1849
"GET /static/images/qr-codes/QR-Code---.png HTTP/1.1" 404 1849
"GET /static/images/qr-codes/QR-Code---.png HTTP/1.1" 404 1849
"GET /static/images/qr-codes/QR-Code---.png HTTP/1.1" 404 1849
"GET /static/images/qr-codes/QR-Code---.png HTTP/1.1" 404 1849
"GET /static/images/qr-codes/QR-Code---.png HTTP/1.1" 404 1849
"GET /static/images/qr-codes/QR-Code---.png HTTP/1.1" 404 1849
"GET /static/images/qr-codes/QR-Code---.png HTTP/1.1" 404 1849
"GET /static/images/qr-codes/QR-Code---.png HTTP/1.1" 404 1849
Internal Server Error: /individual/28/
Traceback (most recent call last):
  File "C:\Users\kate\PycharmProjects\member-management\venv\lib\site-packages\django\core\handlers\exception.py", line 55, in inner
    response = get_response(request)
  File "C:\Users\kate\PycharmProjects\member-management\venv\lib\site-packages\django\core\handlers\base.py", line 197, in _get_response
    response = wrapped_callback(request, *callback_args, **callback_kwargs)
  File "C:\Users\kate\PycharmProjects\member-management\management\views.py", line 4059, in individual_view
    return render(request, 'individual_page.html', {
  File "C:\Users\kate\PycharmProjects\member-management\venv\lib\site-packages\django\shortcuts.py", line 24, in render
    content = loader.render_to_string(template_name, context, request, using=using)
  File "C:\Users\kate\PycharmProjects\member-management\venv\lib\site-packages\django\template\loader.py", line 62, in render_to_string
    return template.render(context, request)
  File "C:\Users\kate\PycharmProjects\member-management\venv\lib\site-packages\django\template\backends\django.py", line 61, in render
    return self.template.render(context)
  File "C:\Users\kate\PycharmProjects\member-management\venv\lib\site-packages\django\template\base.py", line 175, in render
    return self._render(context)
  File "C:\Users\kate\PycharmProjects\member-management\venv\lib\site-packages\django\template\base.py", line 167, in _render
    return self.nodelist.render(context)
  File "C:\Users\kate\PycharmProjects\member-management\venv\lib\site-packages\django\template\base.py", line 1005, in render
    return SafeString("".join([node.render_annotated(context) for node in self]))
  File "C:\Users\kate\PycharmProjects\member-management\venv\lib\site-packages\django\template\base.py", line 1005, in <listcomp>
    return SafeString("".join([node.render_annotated(context) for node in self]))
  File "C:\Users\kate\PycharmProjects\member-management\venv\lib\site-packages\django\template\base.py", line 966, in render_annotated
    return self.render(context)
  File "C:\Users\kate\PycharmProjects\member-management\venv\lib\site-packages\django\template\loader_tags.py", line 157, in render
    return compiled_parent._render(context)
  File "C:\Users\kate\PycharmProjects\member-management\venv\lib\site-packages\django\template\base.py", line 167, in _render
    return self.nodelist.render(context)
  File "C:\Users\kate\PycharmProjects\member-management\venv\lib\site-packages\django\template\base.py", line 1005, in render
    return SafeString("".join([node.render_annotated(context) for node in self]))
  File "C:\Users\kate\PycharmProjects\member-management\venv\lib\site-packages\django\template\base.py", line 1005, in <listcomp>
    return SafeString("".join([node.render_annotated(context) for node in self]))
  File "C:\Users\kate\PycharmProjects\member-management\venv\lib\site-packages\django\template\base.py", line 966, in render_annotated
    return self.render(context)
  File "C:\Users\kate\PycharmProjects\member-management\venv\lib\site-packages\django\template\loader_tags.py", line 63, in render
    result = block.nodelist.render(context)
  File "C:\Users\kate\PycharmProjects\member-management\venv\lib\site-packages\django\template\base.py", line 1005, in render
    return SafeString("".join([node.render_annotated(context) for node in self]))
  File "C:\Users\kate\PycharmProjects\member-management\venv\lib\site-packages\django\template\base.py", line 1005, in <listcomp>
    return SafeString("".join([node.render_annotated(context) for node in self]))
  File "C:\Users\kate\PycharmProjects\member-management\venv\lib\site-packages\django\template\base.py", line 966, in render_annotated
    return self.render(context)
  File "C:\Users\kate\PycharmProjects\member-management\venv\lib\site-packages\django\template\base.py", line 1064, in render
    output = self.filter_expression.resolve(context)
  File "C:\Users\kate\PycharmProjects\member-management\venv\lib\site-packages\django\template\base.py", line 715, in resolve
    obj = self.var.resolve(context)
  File "C:\Users\kate\PycharmProjects\member-management\venv\lib\site-packages\django\template\base.py", line 847, in resolve
    value = self._resolve_lookup(context)
  File "C:\Users\kate\PycharmProjects\member-management\venv\lib\site-packages\django\template\base.py", line 914, in _resolve_lookup
    current = current()
  File "C:\Users\kate\PycharmProjects\member-management\management\models.py", line 194, in middle_initial
    return self.middle_name[0]
TypeError: 'NoneType' object is not subscriptable
"GET /individual/28/ HTTP/1.1" 500 185888
Internal Server Error: /individual/28/
Traceback (most recent call last):
  File "C:\Users\kate\PycharmProjects\member-management\venv\lib\site-packages\django\core\handlers\exception.py", line 55, in inner
    response = get_response(request)
  File "C:\Users\kate\PycharmProjects\member-management\venv\lib\site-packages\django\core\handlers\base.py", line 197, in _get_response
    response = wrapped_callback(request, *callback_args, **callback_kwargs)
  File "C:\Users\kate\PycharmProjects\member-management\management\views.py", line 4059, in individual_view
    return render(request, 'individual_page.html', {
  File "C:\Users\kate\PycharmProjects\member-management\venv\lib\site-packages\django\shortcuts.py", line 24, in render
    content = loader.render_to_string(template_name, context, request, using=using)
  File "C:\Users\kate\PycharmProjects\member-management\venv\lib\site-packages\django\template\loader.py", line 62, in render_to_string
    return template.render(context, request)
  File "C:\Users\kate\PycharmProjects\member-management\venv\lib\site-packages\django\template\backends\django.py", line 61, in render
    return self.template.render(context)
  File "C:\Users\kate\PycharmProjects\member-management\venv\lib\site-packages\django\template\base.py", line 175, in render
    return self._render(context)
  File "C:\Users\kate\PycharmProjects\member-management\venv\lib\site-packages\django\template\base.py", line 167, in _render
    return self.nodelist.render(context)
  File "C:\Users\kate\PycharmProjects\member-management\venv\lib\site-packages\django\template\base.py", line 1005, in render
    return SafeString("".join([node.render_annotated(context) for node in self]))
  File "C:\Users\kate\PycharmProjects\member-management\venv\lib\site-packages\django\template\base.py", line 1005, in <listcomp>
    return SafeString("".join([node.render_annotated(context) for node in self]))
  File "C:\Users\kate\PycharmProjects\member-management\venv\lib\site-packages\django\template\base.py", line 966, in render_annotated
    return self.render(context)
  File "C:\Users\kate\PycharmProjects\member-management\venv\lib\site-packages\django\template\loader_tags.py", line 157, in render
    return compiled_parent._render(context)
  File "C:\Users\kate\PycharmProjects\member-management\venv\lib\site-packages\django\template\base.py", line 167, in _render
    return self.nodelist.render(context)
  File "C:\Users\kate\PycharmProjects\member-management\venv\lib\site-packages\django\template\base.py", line 1005, in render
    return SafeString("".join([node.render_annotated(context) for node in self]))
  File "C:\Users\kate\PycharmProjects\member-management\venv\lib\site-packages\django\template\base.py", line 1005, in <listcomp>
    return SafeString("".join([node.render_annotated(context) for node in self]))
  File "C:\Users\kate\PycharmProjects\member-management\venv\lib\site-packages\django\template\base.py", line 966, in render_annotated
    return self.render(context)
  File "C:\Users\kate\PycharmProjects\member-management\venv\lib\site-packages\django\template\loader_tags.py", line 63, in render
    result = block.nodelist.render(context)
  File "C:\Users\kate\PycharmProjects\member-management\venv\lib\site-packages\django\template\base.py", line 1005, in render
    return SafeString("".join([node.render_annotated(context) for node in self]))
  File "C:\Users\kate\PycharmProjects\member-management\venv\lib\site-packages\django\template\base.py", line 1005, in <listcomp>
    return SafeString("".join([node.render_annotated(context) for node in self]))
  File "C:\Users\kate\PycharmProjects\member-management\venv\lib\site-packages\django\template\base.py", line 966, in render_annotated
    return self.render(context)
  File "C:\Users\kate\PycharmProjects\member-management\venv\lib\site-packages\django\template\base.py", line 1064, in render
    output = self.filter_expression.resolve(context)
  File "C:\Users\kate\PycharmProjects\member-management\venv\lib\site-packages\django\template\base.py", line 715, in resolve
    obj = self.var.resolve(context)
  File "C:\Users\kate\PycharmProjects\member-management\venv\lib\site-packages\django\template\base.py", line 847, in resolve
    value = self._resolve_lookup(context)
  File "C:\Users\kate\PycharmProjects\member-management\venv\lib\site-packages\django\template\base.py", line 914, in _resolve_lookup
    current = current()
  File "C:\Users\kate\PycharmProjects\member-management\management\models.py", line 194, in middle_initial
    return self.middle_name[0]
TypeError: 'NoneType' object is not subscriptable
"GET /individual/28/ HTTP/1.1" 500 185888
"GET /static/images/qr-codes/QR-Code---.png HTTP/1.1" 404 1849
"GET /static/images/qr-codes/QR-Code---.png HTTP/1.1" 404 1849
"GET /static/images/qr-codes/QR-Code---.png HTTP/1.1" 404 1849
"GET /static/images/qr-codes/QR-Code---.png HTTP/1.1" 404 1849
"GET /static/images/qr-codes/QR-Code---.png HTTP/1.1" 404 1849
"GET /static/images/qr-codes/QR-Code---.png HTTP/1.1" 404 1849
"GET /static/images/qr-codes/QR-Code---.png HTTP/1.1" 404 1849
"GET /static/images/qr-codes/QR-Code---.png HTTP/1.1" 404 1849
"GET /static/images/qr-codes/QR-Code---.png HTTP/1.1" 404 1849
"GET /static/images/qr-codes/QR-Code---.png HTTP/1.1" 404 1849
"GET /static/images/qr-codes/QR-Code---.png HTTP/1.1" 404 1849
"GET /static/images/qr-codes/QR-Code---.png HTTP/1.1" 404 1849
"GET /static/images/qr-codes/QR-Code---.png HTTP/1.1" 404 1849
"GET /static/images/qr-codes/QR-Code---.png HTTP/1.1" 404 1849
"GET /static/images/qr-codes/QR-Code---.png HTTP/1.1" 404 1849
"GET /static/images/qr-codes/QR-Code---.png HTTP/1.1" 404 1849
"GET /static/images/qr-codes/QR-Code---.png HTTP/1.1" 404 1849
"GET /static/images/qr-codes/QR-Code---.png HTTP/1.1" 404 1849
"GET /static/images/qr-codes/QR-Code---.png HTTP/1.1" 404 1849
"GET /static/images/qr-codes/QR-Code---.png HTTP/1.1" 404 1849
"GET /static/images/qr-codes/QR-Code---.png HTTP/1.1" 404 1849
"GET /static/images/qr-codes/QR-Code---.png HTTP/1.1" 404 1849
"GET /static/images/qr-codes/QR-Code---.png HTTP/1.1" 404 1849
"GET /static/images/qr-codes/QR-Code---.png HTTP/1.1" 404 1849
"GET /static/images/qr-codes/QR-Code---.png HTTP/1.1" 404 1849
"GET /static/images/qr-codes/QR-Code---.png HTTP/1.1" 404 1849
"GET /static/images/qr-codes/QR-Code---.png HTTP/1.1" 404 1849
"GET /static/images/qr-codes/QR-Code---.png HTTP/1.1" 404 1849
"GET /static/images/qr-codes/QR-Code---.png HTTP/1.1" 404 1849
"GET /static/images/qr-codes/QR-Code---.png HTTP/1.1" 404 1849
"GET /static/images/qr-codes/QR-Code---.png HTTP/1.1" 404 1849
"GET /static/images/qr-codes/QR-Code---.png HTTP/1.1" 404 1849
"GET /static/images/qr-codes/QR-Code---.png HTTP/1.1" 404 1849
Internal Server Error: /individual/28/
Traceback (most recent call last):
  File "C:\Users\kate\PycharmProjects\member-management\venv\lib\site-packages\django\template\base.py", line 505, in parse
    compile_func = self.tags[command]
KeyError: 'endblock'

During handling of the above exception, another exception occurred:

Traceback (most recent call last):
  File "C:\Users\kate\PycharmProjects\member-management\venv\lib\site-packages\django\core\handlers\exception.py", line 55, in inner
    response = get_response(request)
  File "C:\Users\kate\PycharmProjects\member-management\venv\lib\site-packages\django\core\handlers\base.py", line 197, in _get_response
    response = wrapped_callback(request, *callback_args, **callback_kwargs)
  File "C:\Users\kate\PycharmProjects\member-management\management\views.py", line 4059, in individual_view
    return render(request, 'individual_page.html', {
  File "C:\Users\kate\PycharmProjects\member-management\venv\lib\site-packages\django\shortcuts.py", line 24, in render
    content = loader.render_to_string(template_name, context, request, using=using)
  File "C:\Users\kate\PycharmProjects\member-management\venv\lib\site-packages\django\template\loader.py", line 61, in render_to_string
    template = get_template(template_name, using=using)
  File "C:\Users\kate\PycharmProjects\member-management\venv\lib\site-packages\django\template\loader.py", line 15, in get_template
    return engine.get_template(template_name)
  File "C:\Users\kate\PycharmProjects\member-management\venv\lib\site-packages\django\template\backends\django.py", line 33, in get_template
    return Template(self.engine.get_template(template_name), self)
  File "C:\Users\kate\PycharmProjects\member-management\venv\lib\site-packages\django\template\engine.py", line 175, in get_template
    template, origin = self.find_template(template_name)
  File "C:\Users\kate\PycharmProjects\member-management\venv\lib\site-packages\django\template\engine.py", line 157, in find_template
    template = loader.get_template(name, skip=skip)
  File "C:\Users\kate\PycharmProjects\member-management\venv\lib\site-packages\django\template\loaders\cached.py", line 57, in get_template
    template = super().get_template(template_name, skip)
  File "C:\Users\kate\PycharmProjects\member-management\venv\lib\site-packages\django\template\loaders\base.py", line 28, in get_template
    return Template(
  File "C:\Users\kate\PycharmProjects\member-management\venv\lib\site-packages\django\template\base.py", line 154, in __init__
    self.nodelist = self.compile_nodelist()
  File "C:\Users\kate\PycharmProjects\member-management\venv\lib\site-packages\django\template\base.py", line 200, in compile_nodelist
    return parser.parse()
  File "C:\Users\kate\PycharmProjects\member-management\venv\lib\site-packages\django\template\base.py", line 513, in parse
    raise self.error(token, e)
  File "C:\Users\kate\PycharmProjects\member-management\venv\lib\site-packages\django\template\base.py", line 511, in parse
    compiled_result = compile_func(self, token)
  File "C:\Users\kate\PycharmProjects\member-management\venv\lib\site-packages\django\template\loader_tags.py", line 293, in do_extends
    nodelist = parser.parse()
  File "C:\Users\kate\PycharmProjects\member-management\venv\lib\site-packages\django\template\base.py", line 513, in parse
    raise self.error(token, e)
  File "C:\Users\kate\PycharmProjects\member-management\venv\lib\site-packages\django\template\base.py", line 511, in parse
    compiled_result = compile_func(self, token)
  File "C:\Users\kate\PycharmProjects\member-management\venv\lib\site-packages\django\template\loader_tags.py", line 232, in do_block
    nodelist = parser.parse(("endblock",))
  File "C:\Users\kate\PycharmProjects\member-management\venv\lib\site-packages\django\template\base.py", line 513, in parse
    raise self.error(token, e)
  File "C:\Users\kate\PycharmProjects\member-management\venv\lib\site-packages\django\template\base.py", line 511, in parse
    compiled_result = compile_func(self, token)
  File "C:\Users\kate\PycharmProjects\member-management\venv\lib\site-packages\django\template\defaulttags.py", line 853, in do_for
    nodelist_loop = parser.parse(
  File "C:\Users\kate\PycharmProjects\member-management\venv\lib\site-packages\django\template\base.py", line 507, in parse
    self.invalid_block_tag(token, command, parse_until)
  File "C:\Users\kate\PycharmProjects\member-management\venv\lib\site-packages\django\template\base.py", line 558, in invalid_block_tag
    raise self.error(
django.template.exceptions.TemplateSyntaxError: Invalid block tag on line 319: 'endblock', expected 'empty' or 'endfor'. Did you forget to register or load this tag?
"GET /individual/28/ HTTP/1.1" 500 203531
Internal Server Error: /individual/28/
Traceback (most recent call last):
  File "C:\Users\kate\PycharmProjects\member-management\venv\lib\site-packages\django\core\handlers\exception.py", line 55, in inner
    response = get_response(request)
  File "C:\Users\kate\PycharmProjects\member-management\venv\lib\site-packages\django\core\handlers\base.py", line 197, in _get_response
    response = wrapped_callback(request, *callback_args, **callback_kwargs)
  File "C:\Users\kate\PycharmProjects\member-management\management\views.py", line 4059, in individual_view
    return render(request, 'individual_page.html', {
  File "C:\Users\kate\PycharmProjects\member-management\venv\lib\site-packages\django\shortcuts.py", line 24, in render
    content = loader.render_to_string(template_name, context, request, using=using)
  File "C:\Users\kate\PycharmProjects\member-management\venv\lib\site-packages\django\template\loader.py", line 62, in render_to_string
    return template.render(context, request)
  File "C:\Users\kate\PycharmProjects\member-management\venv\lib\site-packages\django\template\backends\django.py", line 61, in render
    return self.template.render(context)
  File "C:\Users\kate\PycharmProjects\member-management\venv\lib\site-packages\django\template\base.py", line 175, in render
    return self._render(context)
  File "C:\Users\kate\PycharmProjects\member-management\venv\lib\site-packages\django\template\base.py", line 167, in _render
    return self.nodelist.render(context)
  File "C:\Users\kate\PycharmProjects\member-management\venv\lib\site-packages\django\template\base.py", line 1005, in render
    return SafeString("".join([node.render_annotated(context) for node in self]))
  File "C:\Users\kate\PycharmProjects\member-management\venv\lib\site-packages\django\template\base.py", line 1005, in <listcomp>
    return SafeString("".join([node.render_annotated(context) for node in self]))
  File "C:\Users\kate\PycharmProjects\member-management\venv\lib\site-packages\django\template\base.py", line 966, in render_annotated
    return self.render(context)
  File "C:\Users\kate\PycharmProjects\member-management\venv\lib\site-packages\django\template\loader_tags.py", line 157, in render
    return compiled_parent._render(context)
  File "C:\Users\kate\PycharmProjects\member-management\venv\lib\site-packages\django\template\base.py", line 167, in _render
    return self.nodelist.render(context)
  File "C:\Users\kate\PycharmProjects\member-management\venv\lib\site-packages\django\template\base.py", line 1005, in render
    return SafeString("".join([node.render_annotated(context) for node in self]))
  File "C:\Users\kate\PycharmProjects\member-management\venv\lib\site-packages\django\template\base.py", line 1005, in <listcomp>
    return SafeString("".join([node.render_annotated(context) for node in self]))
  File "C:\Users\kate\PycharmProjects\member-management\venv\lib\site-packages\django\template\base.py", line 966, in render_annotated
    return self.render(context)
  File "C:\Users\kate\PycharmProjects\member-management\venv\lib\site-packages\django\template\loader_tags.py", line 63, in render
    result = block.nodelist.render(context)
  File "C:\Users\kate\PycharmProjects\member-management\venv\lib\site-packages\django\template\base.py", line 1005, in render
    return SafeString("".join([node.render_annotated(context) for node in self]))
  File "C:\Users\kate\PycharmProjects\member-management\venv\lib\site-packages\django\template\base.py", line 1005, in <listcomp>
    return SafeString("".join([node.render_annotated(context) for node in self]))
  File "C:\Users\kate\PycharmProjects\member-management\venv\lib\site-packages\django\template\base.py", line 966, in render_annotated
    return self.render(context)
  File "C:\Users\kate\PycharmProjects\member-management\venv\lib\site-packages\django\template\defaulttags.py", line 193, in render
    values = list(values)
TypeError: 'IndividualSiblings' object is not iterable
"GET /individual/28/ HTTP/1.1" 500 169306
Internal Server Error: /individual/28/
Traceback (most recent call last):
  File "C:\Users\kate\PycharmProjects\member-management\venv\lib\site-packages\django\core\handlers\exception.py", line 55, in inner
    response = get_response(request)
  File "C:\Users\kate\PycharmProjects\member-management\venv\lib\site-packages\django\core\handlers\base.py", line 197, in _get_response
    response = wrapped_callback(request, *callback_args, **callback_kwargs)
  File "C:\Users\kate\PycharmProjects\member-management\management\views.py", line 4059, in individual_view
    return render(request, 'individual_page.html', {
  File "C:\Users\kate\PycharmProjects\member-management\venv\lib\site-packages\django\shortcuts.py", line 24, in render
    content = loader.render_to_string(template_name, context, request, using=using)
  File "C:\Users\kate\PycharmProjects\member-management\venv\lib\site-packages\django\template\loader.py", line 62, in render_to_string
    return template.render(context, request)
  File "C:\Users\kate\PycharmProjects\member-management\venv\lib\site-packages\django\template\backends\django.py", line 61, in render
    return self.template.render(context)
  File "C:\Users\kate\PycharmProjects\member-management\venv\lib\site-packages\django\template\base.py", line 175, in render
    return self._render(context)
  File "C:\Users\kate\PycharmProjects\member-management\venv\lib\site-packages\django\template\base.py", line 167, in _render
    return self.nodelist.render(context)
  File "C:\Users\kate\PycharmProjects\member-management\venv\lib\site-packages\django\template\base.py", line 1005, in render
    return SafeString("".join([node.render_annotated(context) for node in self]))
  File "C:\Users\kate\PycharmProjects\member-management\venv\lib\site-packages\django\template\base.py", line 1005, in <listcomp>
    return SafeString("".join([node.render_annotated(context) for node in self]))
  File "C:\Users\kate\PycharmProjects\member-management\venv\lib\site-packages\django\template\base.py", line 966, in render_annotated
    return self.render(context)
  File "C:\Users\kate\PycharmProjects\member-management\venv\lib\site-packages\django\template\loader_tags.py", line 157, in render
    return compiled_parent._render(context)
  File "C:\Users\kate\PycharmProjects\member-management\venv\lib\site-packages\django\template\base.py", line 167, in _render
    return self.nodelist.render(context)
  File "C:\Users\kate\PycharmProjects\member-management\venv\lib\site-packages\django\template\base.py", line 1005, in render
    return SafeString("".join([node.render_annotated(context) for node in self]))
  File "C:\Users\kate\PycharmProjects\member-management\venv\lib\site-packages\django\template\base.py", line 1005, in <listcomp>
    return SafeString("".join([node.render_annotated(context) for node in self]))
  File "C:\Users\kate\PycharmProjects\member-management\venv\lib\site-packages\django\template\base.py", line 966, in render_annotated
    return self.render(context)
  File "C:\Users\kate\PycharmProjects\member-management\venv\lib\site-packages\django\template\loader_tags.py", line 63, in render
    result = block.nodelist.render(context)
  File "C:\Users\kate\PycharmProjects\member-management\venv\lib\site-packages\django\template\base.py", line 1005, in render
    return SafeString("".join([node.render_annotated(context) for node in self]))
  File "C:\Users\kate\PycharmProjects\member-management\venv\lib\site-packages\django\template\base.py", line 1005, in <listcomp>
    return SafeString("".join([node.render_annotated(context) for node in self]))
  File "C:\Users\kate\PycharmProjects\member-management\venv\lib\site-packages\django\template\base.py", line 966, in render_annotated
    return self.render(context)
  File "C:\Users\kate\PycharmProjects\member-management\venv\lib\site-packages\django\template\defaulttags.py", line 193, in render
    values = list(values)
TypeError: 'IndividualSiblings' object is not iterable
"GET /individual/28/ HTTP/1.1" 500 169306
Internal Server Error: /individual/28/
Traceback (most recent call last):
  File "C:\Users\kate\PycharmProjects\member-management\venv\lib\site-packages\django\core\handlers\exception.py", line 55, in inner
    response = get_response(request)
  File "C:\Users\kate\PycharmProjects\member-management\venv\lib\site-packages\django\core\handlers\base.py", line 197, in _get_response
    response = wrapped_callback(request, *callback_args, **callback_kwargs)
  File "C:\Users\kate\PycharmProjects\member-management\management\views.py", line 4059, in individual_view
    return render(request, 'individual_page.html', {
  File "C:\Users\kate\PycharmProjects\member-management\venv\lib\site-packages\django\shortcuts.py", line 24, in render
    content = loader.render_to_string(template_name, context, request, using=using)
  File "C:\Users\kate\PycharmProjects\member-management\venv\lib\site-packages\django\template\loader.py", line 62, in render_to_string
    return template.render(context, request)
  File "C:\Users\kate\PycharmProjects\member-management\venv\lib\site-packages\django\template\backends\django.py", line 61, in render
    return self.template.render(context)
  File "C:\Users\kate\PycharmProjects\member-management\venv\lib\site-packages\django\template\base.py", line 175, in render
    return self._render(context)
  File "C:\Users\kate\PycharmProjects\member-management\venv\lib\site-packages\django\template\base.py", line 167, in _render
    return self.nodelist.render(context)
  File "C:\Users\kate\PycharmProjects\member-management\venv\lib\site-packages\django\template\base.py", line 1005, in render
    return SafeString("".join([node.render_annotated(context) for node in self]))
  File "C:\Users\kate\PycharmProjects\member-management\venv\lib\site-packages\django\template\base.py", line 1005, in <listcomp>
    return SafeString("".join([node.render_annotated(context) for node in self]))
  File "C:\Users\kate\PycharmProjects\member-management\venv\lib\site-packages\django\template\base.py", line 966, in render_annotated
    return self.render(context)
  File "C:\Users\kate\PycharmProjects\member-management\venv\lib\site-packages\django\template\loader_tags.py", line 157, in render
    return compiled_parent._render(context)
  File "C:\Users\kate\PycharmProjects\member-management\venv\lib\site-packages\django\template\base.py", line 167, in _render
    return self.nodelist.render(context)
  File "C:\Users\kate\PycharmProjects\member-management\venv\lib\site-packages\django\template\base.py", line 1005, in render
    return SafeString("".join([node.render_annotated(context) for node in self]))
  File "C:\Users\kate\PycharmProjects\member-management\venv\lib\site-packages\django\template\base.py", line 1005, in <listcomp>
    return SafeString("".join([node.render_annotated(context) for node in self]))
  File "C:\Users\kate\PycharmProjects\member-management\venv\lib\site-packages\django\template\base.py", line 966, in render_annotated
    return self.render(context)
  File "C:\Users\kate\PycharmProjects\member-management\venv\lib\site-packages\django\template\loader_tags.py", line 63, in render
    result = block.nodelist.render(context)
  File "C:\Users\kate\PycharmProjects\member-management\venv\lib\site-packages\django\template\base.py", line 1005, in render
    return SafeString("".join([node.render_annotated(context) for node in self]))
  File "C:\Users\kate\PycharmProjects\member-management\venv\lib\site-packages\django\template\base.py", line 1005, in <listcomp>
    return SafeString("".join([node.render_annotated(context) for node in self]))
  File "C:\Users\kate\PycharmProjects\member-management\venv\lib\site-packages\django\template\base.py", line 966, in render_annotated
    return self.render(context)
  File "C:\Users\kate\PycharmProjects\member-management\venv\lib\site-packages\django\template\defaulttags.py", line 193, in render
    values = list(values)
TypeError: 'IndividualSiblings' object is not iterable
"GET /individual/28/ HTTP/1.1" 500 169306
"GET /static/images/qr-codes/QR-Code---.png HTTP/1.1" 404 1849
"GET /static/images/qr-codes/QR-Code---.png HTTP/1.1" 404 1849
"GET /static/images/qr-codes/QR-Code---.png HTTP/1.1" 404 1849
"GET /static/images/qr-codes/QR-Code---.png HTTP/1.1" 404 1849
"GET /static/images/qr-codes/QR-Code---.png HTTP/1.1" 404 1849
"GET /static/images/qr-codes/QR-Code---.png HTTP/1.1" 404 1849
"GET /static/images/qr-codes/QR-Code---.png HTTP/1.1" 404 1849
"GET /static/images/qr-codes/QR-Code---.png HTTP/1.1" 404 1849
"GET /static/images/qr-codes/QR-Code---.png HTTP/1.1" 404 1849
"GET /static/images/qr-codes/QR-Code---.png HTTP/1.1" 404 1849
"GET /static/images/qr-codes/QR-Code---.png HTTP/1.1" 404 1849
"GET /static/images/qr-codes/QR-Code---.png HTTP/1.1" 404 1849
"GET /static/images/qr-codes/QR-Code---.png HTTP/1.1" 404 1849
"GET /static/images/qr-codes/QR-Code---.png HTTP/1.1" 404 1849
"GET /static/images/qr-codes/QR-Code---.png HTTP/1.1" 404 1849
"GET /static/images/qr-codes/QR-Code---.png HTTP/1.1" 404 1849
"GET /static/images/qr-codes/QR-Code---.png HTTP/1.1" 404 1849
"GET /static/images/qr-codes/QR-Code---.png HTTP/1.1" 404 1849
"GET /static/images/qr-codes/QR-Code---.png HTTP/1.1" 404 1849
"GET /static/images/qr-codes/QR-Code---.png HTTP/1.1" 404 1849
"GET /static/images/qr-codes/QR-Code---.png HTTP/1.1" 404 1849
"GET /static/images/qr-codes/QR-Code---.png HTTP/1.1" 404 1849
Internal Server Error: /individual/28/
Traceback (most recent call last):
  File "C:\Users\kate\PycharmProjects\member-management\venv\lib\site-packages\django\template\base.py", line 505, in parse
    compile_func = self.tags[command]
KeyError: 'endif'

During handling of the above exception, another exception occurred:

Traceback (most recent call last):
  File "C:\Users\kate\PycharmProjects\member-management\venv\lib\site-packages\django\core\handlers\exception.py", line 55, in inner
    response = get_response(request)
  File "C:\Users\kate\PycharmProjects\member-management\venv\lib\site-packages\django\core\handlers\base.py", line 197, in _get_response
    response = wrapped_callback(request, *callback_args, **callback_kwargs)
  File "C:\Users\kate\PycharmProjects\member-management\management\views.py", line 4059, in individual_view
    return render(request, 'individual_page.html', {
  File "C:\Users\kate\PycharmProjects\member-management\venv\lib\site-packages\django\shortcuts.py", line 24, in render
    content = loader.render_to_string(template_name, context, request, using=using)
  File "C:\Users\kate\PycharmProjects\member-management\venv\lib\site-packages\django\template\loader.py", line 61, in render_to_string
    template = get_template(template_name, using=using)
  File "C:\Users\kate\PycharmProjects\member-management\venv\lib\site-packages\django\template\loader.py", line 15, in get_template
    return engine.get_template(template_name)
  File "C:\Users\kate\PycharmProjects\member-management\venv\lib\site-packages\django\template\backends\django.py", line 33, in get_template
    return Template(self.engine.get_template(template_name), self)
  File "C:\Users\kate\PycharmProjects\member-management\venv\lib\site-packages\django\template\engine.py", line 175, in get_template
    template, origin = self.find_template(template_name)
  File "C:\Users\kate\PycharmProjects\member-management\venv\lib\site-packages\django\template\engine.py", line 157, in find_template
    template = loader.get_template(name, skip=skip)
  File "C:\Users\kate\PycharmProjects\member-management\venv\lib\site-packages\django\template\loaders\cached.py", line 57, in get_template
    template = super().get_template(template_name, skip)
  File "C:\Users\kate\PycharmProjects\member-management\venv\lib\site-packages\django\template\loaders\base.py", line 28, in get_template
    return Template(
  File "C:\Users\kate\PycharmProjects\member-management\venv\lib\site-packages\django\template\base.py", line 154, in __init__
    self.nodelist = self.compile_nodelist()
  File "C:\Users\kate\PycharmProjects\member-management\venv\lib\site-packages\django\template\base.py", line 200, in compile_nodelist
    return parser.parse()
  File "C:\Users\kate\PycharmProjects\member-management\venv\lib\site-packages\django\template\base.py", line 513, in parse
    raise self.error(token, e)
  File "C:\Users\kate\PycharmProjects\member-management\venv\lib\site-packages\django\template\base.py", line 511, in parse
    compiled_result = compile_func(self, token)
  File "C:\Users\kate\PycharmProjects\member-management\venv\lib\site-packages\django\template\loader_tags.py", line 293, in do_extends
    nodelist = parser.parse()
  File "C:\Users\kate\PycharmProjects\member-management\venv\lib\site-packages\django\template\base.py", line 513, in parse
    raise self.error(token, e)
  File "C:\Users\kate\PycharmProjects\member-management\venv\lib\site-packages\django\template\base.py", line 511, in parse
    compiled_result = compile_func(self, token)
  File "C:\Users\kate\PycharmProjects\member-management\venv\lib\site-packages\django\template\loader_tags.py", line 232, in do_block
    nodelist = parser.parse(("endblock",))
  File "C:\Users\kate\PycharmProjects\member-management\venv\lib\site-packages\django\template\base.py", line 513, in parse
    raise self.error(token, e)
  File "C:\Users\kate\PycharmProjects\member-management\venv\lib\site-packages\django\template\base.py", line 511, in parse
    compiled_result = compile_func(self, token)
  File "C:\Users\kate\PycharmProjects\member-management\venv\lib\site-packages\django\template\defaulttags.py", line 861, in do_for
    nodelist_empty = parser.parse(("endfor",))
  File "C:\Users\kate\PycharmProjects\member-management\venv\lib\site-packages\django\template\base.py", line 507, in parse
    self.invalid_block_tag(token, command, parse_until)
  File "C:\Users\kate\PycharmProjects\member-management\venv\lib\site-packages\django\template\base.py", line 558, in invalid_block_tag
    raise self.error(
django.template.exceptions.TemplateSyntaxError: Invalid block tag on line 226: 'endif', expected 'endfor'. Did you forget to register or load this tag?
"GET /individual/28/ HTTP/1.1" 500 236494
"GET /static/images/qr-codes/QR-Code---.png HTTP/1.1" 404 1849
C:\Users\kate\PycharmProjects\member-management\management\views.py changed, reloading.
Watching for file changes with StatReloader
C:\Users\kate\PycharmProjects\member-management\management\views.py changed, reloading.
Watching for file changes with StatReloader
C:\Users\kate\PycharmProjects\member-management\management\views.py changed, reloading.
Watching for file changes with StatReloader
Internal Server Error: /individual/28/
Traceback (most recent call last):
  File "C:\Users\kate\PycharmProjects\member-management\venv\lib\site-packages\django\core\handlers\exception.py", line 55, in inner
    response = get_response(request)
  File "C:\Users\kate\PycharmProjects\member-management\venv\lib\site-packages\django\core\handlers\base.py", line 197, in _get_response
    response = wrapped_callback(request, *callback_args, **callback_kwargs)
  File "C:\Users\kate\PycharmProjects\member-management\management\views.py", line 4077, in individual_view
    individual_leader = Individual.objects.get(is_leader=True, brgy=individual.brgy)
  File "C:\Users\kate\PycharmProjects\member-management\venv\lib\site-packages\django\db\models\manager.py", line 87, in manager_method
    return getattr(self.get_queryset(), name)(*args, **kwargs)
  File "C:\Users\kate\PycharmProjects\member-management\venv\lib\site-packages\django\db\models\query.py", line 637, in get
    raise self.model.DoesNotExist(
management.models.Individual.DoesNotExist: Individual matching query does not exist.
"GET /individual/28/ HTTP/1.1" 500 79709
C:\Users\kate\PycharmProjects\member-management\management\views.py changed, reloading.
Watching for file changes with StatReloader
C:\Users\kate\PycharmProjects\member-management\management\views.py changed, reloading.
Watching for file changes with StatReloader
C:\Users\kate\PycharmProjects\member-management\management\views.py changed, reloading.
Watching for file changes with StatReloader
Internal Server Error: /individual/28/
Traceback (most recent call last):
  File "C:\Users\kate\PycharmProjects\member-management\venv\lib\site-packages\django\core\handlers\exception.py", line 55, in inner
    response = get_response(request)
  File "C:\Users\kate\PycharmProjects\member-management\venv\lib\site-packages\django\core\handlers\base.py", line 197, in _get_response
    response = wrapped_callback(request, *callback_args, **callback_kwargs)
  File "C:\Users\kate\PycharmProjects\member-management\management\views.py", line 4083, in individual_view
    for member in affiliated_members.members.all():
AttributeError: 'QuerySet' object has no attribute 'members'
"GET /individual/28/ HTTP/1.1" 500 70751
C:\Users\kate\PycharmProjects\member-management\management\views.py changed, reloading.
Watching for file changes with StatReloader
Internal Server Error: /individual/28/
Traceback (most recent call last):
  File "C:\Users\kate\PycharmProjects\member-management\venv\lib\site-packages\django\core\handlers\exception.py", line 55, in inner
    response = get_response(request)
  File "C:\Users\kate\PycharmProjects\member-management\venv\lib\site-packages\django\core\handlers\base.py", line 197, in _get_response
    response = wrapped_callback(request, *callback_args, **callback_kwargs)
  File "C:\Users\kate\PycharmProjects\member-management\management\views.py", line 4083, in individual_view
    for members in affiliated_members.members.all():
AttributeError: 'QuerySet' object has no attribute 'members'
"GET /individual/28/ HTTP/1.1" 500 70792
C:\Users\kate\PycharmProjects\member-management\management\views.py changed, reloading.
Watching for file changes with StatReloader
C:\Users\kate\PycharmProjects\member-management\management\views.py changed, reloading.
Watching for file changes with StatReloader
C:\Users\kate\PycharmProjects\member-management\management\views.py changed, reloading.
Watching for file changes with StatReloader
C:\Users\kate\PycharmProjects\member-management\management\urls.py changed, reloading.
Watching for file changes with StatReloader
Not Found: /individual/28/{% url 'tag-leader' individual.id leader.id
"GET /individual/28/%7B%%20url%20'tag-leader'%20individual.id%20leader.id?csrfmiddlewaretoken=LszvfC4EkWJ0AK86Jj1HasLtM0jcn6uTjgpHtFgi4L6yHOHotE5K6xDEkL513cpV HTTP/1.1" 404 19805
C:\Users\kate\PycharmProjects\member-management\management\views.py changed, reloading.
Watching for file changes with StatReloader
C:\Users\kate\PycharmProjects\member-management\management\views.py changed, reloading.
Watching for file changes with StatReloader
C:\Users\kate\PycharmProjects\member-management\management\views.py changed, reloading.
Watching for file changes with StatReloader
C:\Users\kate\PycharmProjects\member-management\management\views.py changed, reloading.
Watching for file changes with StatReloader
C:\Users\kate\PycharmProjects\member-management\management\views.py changed, reloading.
Watching for file changes with StatReloader
C:\Users\kate\PycharmProjects\member-management\management\views.py changed, reloading.
Watching for file changes with StatReloader
C:\Users\kate\PycharmProjects\member-management\management\views.py changed, reloading.
Watching for file changes with StatReloader
C:\Users\kate\PycharmProjects\member-management\management\views.py changed, reloading.
Watching for file changes with StatReloader
C:\Users\kate\PycharmProjects\member-management\management\views.py changed, reloading.
Watching for file changes with StatReloader
C:\Users\kate\PycharmProjects\member-management\management\views.py changed, reloading.
Watching for file changes with StatReloader
C:\Users\kate\PycharmProjects\member-management\management\views.py changed, reloading.
Watching for file changes with StatReloader
Watching for file changes with StatReloader
Not Found: /favicon.ico
"GET /favicon.ico HTTP/1.1" 404 19715
Not Found: /favicon.ico
"GET /favicon.ico HTTP/1.1" 404 19715
C:\Users\kate\PycharmProjects\member-management\management\views.py changed, reloading.
Watching for file changes with StatReloader
C:\Users\kate\PycharmProjects\member-management\management\views.py changed, reloading.
Watching for file changes with StatReloader
C:\Users\kate\PycharmProjects\member-management\management\views.py changed, reloading.
Watching for file changes with StatReloader
Watching for file changes with StatReloader
Not Found: /favicon.ico
"GET /favicon.ico HTTP/1.1" 404 19715
Watching for file changes with StatReloader
Not Found: /favicon.ico
"GET /favicon.ico HTTP/1.1" 404 19715
Watching for file changes with StatReloader
Not Found: /favicon.ico
"GET /favicon.ico HTTP/1.1" 404 19715
Internal Server Error: /individual-family-conf/28/
Traceback (most recent call last):
  File "C:\Users\kate\PycharmProjects\member-management\venv\lib\site-packages\django\template\base.py", line 505, in parse
    compile_func = self.tags[command]
KeyError: 'endfor'

During handling of the above exception, another exception occurred:

Traceback (most recent call last):
  File "C:\Users\kate\PycharmProjects\member-management\venv\lib\site-packages\django\core\handlers\exception.py", line 55, in inner
    response = get_response(request)
  File "C:\Users\kate\PycharmProjects\member-management\venv\lib\site-packages\django\core\handlers\base.py", line 197, in _get_response
    response = wrapped_callback(request, *callback_args, **callback_kwargs)
  File "C:\Users\kate\PycharmProjects\member-management\management\views.py", line 4271, in individual_family_input
    return render(request, 'individual_family_conf.html', {
  File "C:\Users\kate\PycharmProjects\member-management\venv\lib\site-packages\django\shortcuts.py", line 24, in render
    content = loader.render_to_string(template_name, context, request, using=using)
  File "C:\Users\kate\PycharmProjects\member-management\venv\lib\site-packages\django\template\loader.py", line 61, in render_to_string
    template = get_template(template_name, using=using)
  File "C:\Users\kate\PycharmProjects\member-management\venv\lib\site-packages\django\template\loader.py", line 15, in get_template
    return engine.get_template(template_name)
  File "C:\Users\kate\PycharmProjects\member-management\venv\lib\site-packages\django\template\backends\django.py", line 33, in get_template
    return Template(self.engine.get_template(template_name), self)
  File "C:\Users\kate\PycharmProjects\member-management\venv\lib\site-packages\django\template\engine.py", line 175, in get_template
    template, origin = self.find_template(template_name)
  File "C:\Users\kate\PycharmProjects\member-management\venv\lib\site-packages\django\template\engine.py", line 157, in find_template
    template = loader.get_template(name, skip=skip)
  File "C:\Users\kate\PycharmProjects\member-management\venv\lib\site-packages\django\template\loaders\cached.py", line 57, in get_template
    template = super().get_template(template_name, skip)
  File "C:\Users\kate\PycharmProjects\member-management\venv\lib\site-packages\django\template\loaders\base.py", line 28, in get_template
    return Template(
  File "C:\Users\kate\PycharmProjects\member-management\venv\lib\site-packages\django\template\base.py", line 154, in __init__
    self.nodelist = self.compile_nodelist()
  File "C:\Users\kate\PycharmProjects\member-management\venv\lib\site-packages\django\template\base.py", line 200, in compile_nodelist
    return parser.parse()
  File "C:\Users\kate\PycharmProjects\member-management\venv\lib\site-packages\django\template\base.py", line 513, in parse
    raise self.error(token, e)
  File "C:\Users\kate\PycharmProjects\member-management\venv\lib\site-packages\django\template\base.py", line 511, in parse
    compiled_result = compile_func(self, token)
  File "C:\Users\kate\PycharmProjects\member-management\venv\lib\site-packages\django\template\loader_tags.py", line 293, in do_extends
    nodelist = parser.parse()
  File "C:\Users\kate\PycharmProjects\member-management\venv\lib\site-packages\django\template\base.py", line 513, in parse
    raise self.error(token, e)
  File "C:\Users\kate\PycharmProjects\member-management\venv\lib\site-packages\django\template\base.py", line 511, in parse
    compiled_result = compile_func(self, token)
  File "C:\Users\kate\PycharmProjects\member-management\venv\lib\site-packages\django\template\loader_tags.py", line 232, in do_block
    nodelist = parser.parse(("endblock",))
  File "C:\Users\kate\PycharmProjects\member-management\venv\lib\site-packages\django\template\base.py", line 513, in parse
    raise self.error(token, e)
  File "C:\Users\kate\PycharmProjects\member-management\venv\lib\site-packages\django\template\base.py", line 511, in parse
    compiled_result = compile_func(self, token)
  File "C:\Users\kate\PycharmProjects\member-management\venv\lib\site-packages\django\template\defaulttags.py", line 853, in do_for
    nodelist_loop = parser.parse(
  File "C:\Users\kate\PycharmProjects\member-management\venv\lib\site-packages\django\template\base.py", line 513, in parse
    raise self.error(token, e)
  File "C:\Users\kate\PycharmProjects\member-management\venv\lib\site-packages\django\template\base.py", line 511, in parse
    compiled_result = compile_func(self, token)
  File "C:\Users\kate\PycharmProjects\member-management\venv\lib\site-packages\django\template\defaulttags.py", line 967, in do_if
    nodelist = parser.parse(("endif",))
  File "C:\Users\kate\PycharmProjects\member-management\venv\lib\site-packages\django\template\base.py", line 513, in parse
    raise self.error(token, e)
  File "C:\Users\kate\PycharmProjects\member-management\venv\lib\site-packages\django\template\base.py", line 511, in parse
    compiled_result = compile_func(self, token)
  File "C:\Users\kate\PycharmProjects\member-management\venv\lib\site-packages\django\template\defaulttags.py", line 961, in do_if
    nodelist = parser.parse(("elif", "else", "endif"))
  File "C:\Users\kate\PycharmProjects\member-management\venv\lib\site-packages\django\template\base.py", line 507, in parse
    self.invalid_block_tag(token, command, parse_until)
  File "C:\Users\kate\PycharmProjects\member-management\venv\lib\site-packages\django\template\base.py", line 558, in invalid_block_tag
    raise self.error(
django.template.exceptions.TemplateSyntaxError: Invalid block tag on line 77: 'endfor', expected 'elif', 'else' or 'endif'. Did you forget to register or load this tag?
"GET /individual-family-conf/28/ HTTP/1.1" 500 283818
Internal Server Error: /one-ring/28/
Traceback (most recent call last):
  File "C:\Users\kate\PycharmProjects\member-management\venv\lib\site-packages\django\db\models\fields\__init__.py", line 1957, in get_prep_value
    return float(value)
ValueError: could not convert string to float: ''

The above exception was the direct cause of the following exception:

Traceback (most recent call last):
  File "C:\Users\kate\PycharmProjects\member-management\venv\lib\site-packages\django\core\handlers\exception.py", line 55, in inner
    response = get_response(request)
  File "C:\Users\kate\PycharmProjects\member-management\venv\lib\site-packages\django\core\handlers\base.py", line 197, in _get_response
    response = wrapped_callback(request, *callback_args, **callback_kwargs)
  File "C:\Users\kate\PycharmProjects\member-management\management\views.py", line 4366, in one_ring
    individual_created, created = Individual.objects.get_or_create(
  File "C:\Users\kate\PycharmProjects\member-management\venv\lib\site-packages\django\db\models\manager.py", line 87, in manager_method
    return getattr(self.get_queryset(), name)(*args, **kwargs)
  File "C:\Users\kate\PycharmProjects\member-management\venv\lib\site-packages\django\db\models\query.py", line 916, in get_or_create
    return self.get(**kwargs), False
  File "C:\Users\kate\PycharmProjects\member-management\venv\lib\site-packages\django\db\models\query.py", line 623, in get
    clone = self._chain() if self.query.combinator else self.filter(*args, **kwargs)
  File "C:\Users\kate\PycharmProjects\member-management\venv\lib\site-packages\django\db\models\query.py", line 1436, in filter
    return self._filter_or_exclude(False, args, kwargs)
  File "C:\Users\kate\PycharmProjects\member-management\venv\lib\site-packages\django\db\models\query.py", line 1454, in _filter_or_exclude
    clone._filter_or_exclude_inplace(negate, args, kwargs)
  File "C:\Users\kate\PycharmProjects\member-management\venv\lib\site-packages\django\db\models\query.py", line 1461, in _filter_or_exclude_inplace
    self._query.add_q(Q(*args, **kwargs))
  File "C:\Users\kate\PycharmProjects\member-management\venv\lib\site-packages\django\db\models\sql\query.py", line 1546, in add_q
    clause, _ = self._add_q(q_object, self.used_aliases)
  File "C:\Users\kate\PycharmProjects\member-management\venv\lib\site-packages\django\db\models\sql\query.py", line 1577, in _add_q
    child_clause, needed_inner = self.build_filter(
  File "C:\Users\kate\PycharmProjects\member-management\venv\lib\site-packages\django\db\models\sql\query.py", line 1492, in build_filter
    condition = self.build_lookup(lookups, col, value)
  File "C:\Users\kate\PycharmProjects\member-management\venv\lib\site-packages\django\db\models\sql\query.py", line 1319, in build_lookup
    lookup = lookup_class(lhs, rhs)
  File "C:\Users\kate\PycharmProjects\member-management\venv\lib\site-packages\django\db\models\lookups.py", line 27, in __init__
    self.rhs = self.get_prep_lookup()
  File "C:\Users\kate\PycharmProjects\member-management\venv\lib\site-packages\django\db\models\lookups.py", line 341, in get_prep_lookup
    return super().get_prep_lookup()
  File "C:\Users\kate\PycharmProjects\member-management\venv\lib\site-packages\django\db\models\lookups.py", line 85, in get_prep_lookup
    return self.lhs.output_field.get_prep_value(self.rhs)
  File "C:\Users\kate\PycharmProjects\member-management\venv\lib\site-packages\django\db\models\fields\__init__.py", line 1959, in get_prep_value
    raise e.__class__(
ValueError: Field 'lat' expected a number but got ''.
"POST /one-ring/28/ HTTP/1.1" 500 154941
C:\Users\kate\PycharmProjects\member-management\management\views.py changed, reloading.
Watching for file changes with StatReloader
C:\Users\kate\PycharmProjects\member-management\management\views.py changed, reloading.
Watching for file changes with StatReloader
C:\Users\kate\PycharmProjects\member-management\management\views.py changed, reloading.
Watching for file changes with StatReloader
C:\Users\kate\PycharmProjects\member-management\management\views.py changed, reloading.
Watching for file changes with StatReloader
C:\Users\kate\PycharmProjects\member-management\management\models.py changed, reloading.
Watching for file changes with StatReloader
Internal Server Error: /brgy/Baguinbin/
Traceback (most recent call last):
  File "C:\Users\kate\PycharmProjects\member-management\venv\lib\site-packages\django\db\backends\utils.py", line 89, in _execute
    return self.cursor.execute(sql, params)
  File "C:\Users\kate\PycharmProjects\member-management\venv\lib\site-packages\django\db\backends\sqlite3\base.py", line 328, in execute
    return super().execute(query, params)
sqlite3.OperationalError: no such column: management_brgyofficial.name

The above exception was the direct cause of the following exception:

Traceback (most recent call last):
  File "C:\Users\kate\PycharmProjects\member-management\venv\lib\site-packages\django\core\handlers\exception.py", line 55, in inner
    response = get_response(request)
  File "C:\Users\kate\PycharmProjects\member-management\venv\lib\site-packages\django\core\handlers\base.py", line 197, in _get_response
    response = wrapped_callback(request, *callback_args, **callback_kwargs)
  File "C:\Users\kate\PycharmProjects\member-management\venv\lib\site-packages\django\contrib\auth\decorators.py", line 23, in _wrapper_view
    return view_func(request, *args, **kwargs)
  File "C:\Users\kate\PycharmProjects\member-management\management\decorators.py", line 75, in wrapper_func
    return view_func(request, *args, **kwargs)
  File "C:\Users\kate\PycharmProjects\member-management\management\views.py", line 336, in barangay_members
    return render(request, 'member_brgy.html', {
  File "C:\Users\kate\PycharmProjects\member-management\venv\lib\site-packages\django\shortcuts.py", line 24, in render
    content = loader.render_to_string(template_name, context, request, using=using)
  File "C:\Users\kate\PycharmProjects\member-management\venv\lib\site-packages\django\template\loader.py", line 62, in render_to_string
    return template.render(context, request)
  File "C:\Users\kate\PycharmProjects\member-management\venv\lib\site-packages\django\template\backends\django.py", line 61, in render
    return self.template.render(context)
  File "C:\Users\kate\PycharmProjects\member-management\venv\lib\site-packages\django\template\base.py", line 175, in render
    return self._render(context)
  File "C:\Users\kate\PycharmProjects\member-management\venv\lib\site-packages\django\template\base.py", line 167, in _render
    return self.nodelist.render(context)
  File "C:\Users\kate\PycharmProjects\member-management\venv\lib\site-packages\django\template\base.py", line 1005, in render
    return SafeString("".join([node.render_annotated(context) for node in self]))
  File "C:\Users\kate\PycharmProjects\member-management\venv\lib\site-packages\django\template\base.py", line 1005, in <listcomp>
    return SafeString("".join([node.render_annotated(context) for node in self]))
  File "C:\Users\kate\PycharmProjects\member-management\venv\lib\site-packages\django\template\base.py", line 966, in render_annotated
    return self.render(context)
  File "C:\Users\kate\PycharmProjects\member-management\venv\lib\site-packages\django\template\loader_tags.py", line 157, in render
    return compiled_parent._render(context)
  File "C:\Users\kate\PycharmProjects\member-management\venv\lib\site-packages\django\template\base.py", line 167, in _render
    return self.nodelist.render(context)
  File "C:\Users\kate\PycharmProjects\member-management\venv\lib\site-packages\django\template\base.py", line 1005, in render
    return SafeString("".join([node.render_annotated(context) for node in self]))
  File "C:\Users\kate\PycharmProjects\member-management\venv\lib\site-packages\django\template\base.py", line 1005, in <listcomp>
    return SafeString("".join([node.render_annotated(context) for node in self]))
  File "C:\Users\kate\PycharmProjects\member-management\venv\lib\site-packages\django\template\base.py", line 966, in render_annotated
    return self.render(context)
  File "C:\Users\kate\PycharmProjects\member-management\venv\lib\site-packages\django\template\loader_tags.py", line 63, in render
    result = block.nodelist.render(context)
  File "C:\Users\kate\PycharmProjects\member-management\venv\lib\site-packages\django\template\base.py", line 1005, in render
    return SafeString("".join([node.render_annotated(context) for node in self]))
  File "C:\Users\kate\PycharmProjects\member-management\venv\lib\site-packages\django\template\base.py", line 1005, in <listcomp>
    return SafeString("".join([node.render_annotated(context) for node in self]))
  File "C:\Users\kate\PycharmProjects\member-management\venv\lib\site-packages\django\template\base.py", line 966, in render_annotated
    return self.render(context)
  File "C:\Users\kate\PycharmProjects\member-management\venv\lib\site-packages\django\template\defaulttags.py", line 194, in render
    len_values = len(values)
  File "C:\Users\kate\PycharmProjects\member-management\venv\lib\site-packages\django\db\models\query.py", line 380, in __len__
    self._fetch_all()
  File "C:\Users\kate\PycharmProjects\member-management\venv\lib\site-packages\django\db\models\query.py", line 1881, in _fetch_all
    self._result_cache = list(self._iterable_class(self))
  File "C:\Users\kate\PycharmProjects\member-management\venv\lib\site-packages\django\db\models\query.py", line 91, in __iter__
    results = compiler.execute_sql(
  File "C:\Users\kate\PycharmProjects\member-management\venv\lib\site-packages\django\db\models\sql\compiler.py", line 1562, in execute_sql
    cursor.execute(sql, params)
  File "C:\Users\kate\PycharmProjects\member-management\venv\lib\site-packages\django\db\backends\utils.py", line 102, in execute
    return super().execute(sql, params)
  File "C:\Users\kate\PycharmProjects\member-management\venv\lib\site-packages\django\db\backends\utils.py", line 67, in execute
    return self._execute_with_wrappers(
  File "C:\Users\kate\PycharmProjects\member-management\venv\lib\site-packages\django\db\backends\utils.py", line 80, in _execute_with_wrappers
    return executor(sql, params, many, context)
  File "C:\Users\kate\PycharmProjects\member-management\venv\lib\site-packages\django\db\backends\utils.py", line 89, in _execute
    return self.cursor.execute(sql, params)
  File "C:\Users\kate\PycharmProjects\member-management\venv\lib\site-packages\django\db\utils.py", line 91, in __exit__
    raise dj_exc_value.with_traceback(traceback) from exc_value
  File "C:\Users\kate\PycharmProjects\member-management\venv\lib\site-packages\django\db\backends\utils.py", line 89, in _execute
    return self.cursor.execute(sql, params)
  File "C:\Users\kate\PycharmProjects\member-management\venv\lib\site-packages\django\db\backends\sqlite3\base.py", line 328, in execute
    return super().execute(query, params)
django.db.utils.OperationalError: no such column: management_brgyofficial.name
"GET /brgy/Baguinbin/ HTTP/1.1" 500 300150
Internal Server Error: /admin/management/barangayfigures/4/change/
Traceback (most recent call last):
  File "C:\Users\kate\PycharmProjects\member-management\venv\lib\site-packages\django\db\backends\utils.py", line 89, in _execute
    return self.cursor.execute(sql, params)
  File "C:\Users\kate\PycharmProjects\member-management\venv\lib\site-packages\django\db\backends\sqlite3\base.py", line 328, in execute
    return super().execute(query, params)
sqlite3.OperationalError: no such column: management_brgyofficial.name

The above exception was the direct cause of the following exception:

Traceback (most recent call last):
  File "C:\Users\kate\PycharmProjects\member-management\venv\lib\site-packages\django\core\handlers\exception.py", line 55, in inner
    response = get_response(request)
  File "C:\Users\kate\PycharmProjects\member-management\venv\lib\site-packages\django\core\handlers\base.py", line 197, in _get_response
    response = wrapped_callback(request, *callback_args, **callback_kwargs)
  File "C:\Users\kate\PycharmProjects\member-management\venv\lib\site-packages\django\contrib\admin\options.py", line 688, in wrapper
    return self.admin_site.admin_view(view)(*args, **kwargs)
  File "C:\Users\kate\PycharmProjects\member-management\venv\lib\site-packages\django\utils\decorators.py", line 134, in _wrapper_view
    response = view_func(request, *args, **kwargs)
  File "C:\Users\kate\PycharmProjects\member-management\venv\lib\site-packages\django\views\decorators\cache.py", line 62, in _wrapper_view_func
    response = view_func(request, *args, **kwargs)
  File "C:\Users\kate\PycharmProjects\member-management\venv\lib\site-packages\django\contrib\admin\sites.py", line 242, in inner
    return view(request, *args, **kwargs)
  File "C:\Users\kate\PycharmProjects\member-management\venv\lib\site-packages\django\contrib\admin\options.py", line 1889, in change_view
    return self.changeform_view(request, object_id, form_url, extra_context)
  File "C:\Users\kate\PycharmProjects\member-management\venv\lib\site-packages\django\utils\decorators.py", line 46, in _wrapper
    return bound_method(*args, **kwargs)
  File "C:\Users\kate\PycharmProjects\member-management\venv\lib\site-packages\django\utils\decorators.py", line 134, in _wrapper_view
    response = view_func(request, *args, **kwargs)
  File "C:\Users\kate\PycharmProjects\member-management\venv\lib\site-packages\django\contrib\admin\options.py", line 1747, in changeform_view
    return self._changeform_view(request, object_id, form_url, extra_context)
  File "C:\Users\kate\PycharmProjects\member-management\venv\lib\site-packages\django\contrib\admin\options.py", line 1819, in _changeform_view
    form = ModelForm(instance=obj)
  File "C:\Users\kate\PycharmProjects\member-management\venv\lib\site-packages\django\forms\models.py", line 357, in __init__
    object_data = model_to_dict(instance, opts.fields, opts.exclude)
  File "C:\Users\kate\PycharmProjects\member-management\venv\lib\site-packages\django\forms\models.py", line 115, in model_to_dict
    data[f.name] = f.value_from_object(instance)
  File "C:\Users\kate\PycharmProjects\member-management\venv\lib\site-packages\django\db\models\fields\related.py", line 1953, in value_from_object
    return [] if obj.pk is None else list(getattr(obj, self.attname).all())
  File "C:\Users\kate\PycharmProjects\member-management\venv\lib\site-packages\django\db\models\query.py", line 380, in __len__
    self._fetch_all()
  File "C:\Users\kate\PycharmProjects\member-management\venv\lib\site-packages\django\db\models\query.py", line 1881, in _fetch_all
    self._result_cache = list(self._iterable_class(self))
  File "C:\Users\kate\PycharmProjects\member-management\venv\lib\site-packages\django\db\models\query.py", line 91, in __iter__
    results = compiler.execute_sql(
  File "C:\Users\kate\PycharmProjects\member-management\venv\lib\site-packages\django\db\models\sql\compiler.py", line 1562, in execute_sql
    cursor.execute(sql, params)
  File "C:\Users\kate\PycharmProjects\member-management\venv\lib\site-packages\django\db\backends\utils.py", line 102, in execute
    return super().execute(sql, params)
  File "C:\Users\kate\PycharmProjects\member-management\venv\lib\site-packages\django\db\backends\utils.py", line 67, in execute
    return self._execute_with_wrappers(
  File "C:\Users\kate\PycharmProjects\member-management\venv\lib\site-packages\django\db\backends\utils.py", line 80, in _execute_with_wrappers
    return executor(sql, params, many, context)
  File "C:\Users\kate\PycharmProjects\member-management\venv\lib\site-packages\django\db\backends\utils.py", line 89, in _execute
    return self.cursor.execute(sql, params)
  File "C:\Users\kate\PycharmProjects\member-management\venv\lib\site-packages\django\db\utils.py", line 91, in __exit__
    raise dj_exc_value.with_traceback(traceback) from exc_value
  File "C:\Users\kate\PycharmProjects\member-management\venv\lib\site-packages\django\db\backends\utils.py", line 89, in _execute
    return self.cursor.execute(sql, params)
  File "C:\Users\kate\PycharmProjects\member-management\venv\lib\site-packages\django\db\backends\sqlite3\base.py", line 328, in execute
    return super().execute(query, params)
django.db.utils.OperationalError: no such column: management_brgyofficial.name
"GET /admin/management/barangayfigures/4/change/ HTTP/1.1" 500 183447
Watching for file changes with StatReloader
Internal Server Error: /brgy/Baguinbin/
Traceback (most recent call last):
  File "C:\Users\kate\PycharmProjects\member-management\venv\lib\site-packages\django\db\models\fields\__init__.py", line 2053, in get_prep_value
    return int(value)
ValueError: invalid literal for int() with base 10: ''

The above exception was the direct cause of the following exception:

Traceback (most recent call last):
  File "C:\Users\kate\PycharmProjects\member-management\venv\lib\site-packages\django\core\handlers\exception.py", line 55, in inner
    response = get_response(request)
  File "C:\Users\kate\PycharmProjects\member-management\venv\lib\site-packages\django\core\handlers\base.py", line 197, in _get_response
    response = wrapped_callback(request, *callback_args, **callback_kwargs)
  File "C:\Users\kate\PycharmProjects\member-management\venv\lib\site-packages\django\contrib\auth\decorators.py", line 23, in _wrapper_view
    return view_func(request, *args, **kwargs)
  File "C:\Users\kate\PycharmProjects\member-management\management\decorators.py", line 75, in wrapper_func
    return view_func(request, *args, **kwargs)
  File "C:\Users\kate\PycharmProjects\member-management\management\views.py", line 275, in barangay_members
    brgy_election_contender, created_contender = BarangayElectionContender.objects.get_or_create(
  File "C:\Users\kate\PycharmProjects\member-management\venv\lib\site-packages\django\db\models\manager.py", line 87, in manager_method
    return getattr(self.get_queryset(), name)(*args, **kwargs)
  File "C:\Users\kate\PycharmProjects\member-management\venv\lib\site-packages\django\db\models\query.py", line 916, in get_or_create
    return self.get(**kwargs), False
  File "C:\Users\kate\PycharmProjects\member-management\venv\lib\site-packages\django\db\models\query.py", line 623, in get
    clone = self._chain() if self.query.combinator else self.filter(*args, **kwargs)
  File "C:\Users\kate\PycharmProjects\member-management\venv\lib\site-packages\django\db\models\query.py", line 1436, in filter
    return self._filter_or_exclude(False, args, kwargs)
  File "C:\Users\kate\PycharmProjects\member-management\venv\lib\site-packages\django\db\models\query.py", line 1454, in _filter_or_exclude
    clone._filter_or_exclude_inplace(negate, args, kwargs)
  File "C:\Users\kate\PycharmProjects\member-management\venv\lib\site-packages\django\db\models\query.py", line 1461, in _filter_or_exclude_inplace
    self._query.add_q(Q(*args, **kwargs))
  File "C:\Users\kate\PycharmProjects\member-management\venv\lib\site-packages\django\db\models\sql\query.py", line 1546, in add_q
    clause, _ = self._add_q(q_object, self.used_aliases)
  File "C:\Users\kate\PycharmProjects\member-management\venv\lib\site-packages\django\db\models\sql\query.py", line 1577, in _add_q
    child_clause, needed_inner = self.build_filter(
  File "C:\Users\kate\PycharmProjects\member-management\venv\lib\site-packages\django\db\models\sql\query.py", line 1492, in build_filter
    condition = self.build_lookup(lookups, col, value)
  File "C:\Users\kate\PycharmProjects\member-management\venv\lib\site-packages\django\db\models\sql\query.py", line 1319, in build_lookup
    lookup = lookup_class(lhs, rhs)
  File "C:\Users\kate\PycharmProjects\member-management\venv\lib\site-packages\django\db\models\lookups.py", line 27, in __init__
    self.rhs = self.get_prep_lookup()
  File "C:\Users\kate\PycharmProjects\member-management\venv\lib\site-packages\django\db\models\lookups.py", line 341, in get_prep_lookup
    return super().get_prep_lookup()
  File "C:\Users\kate\PycharmProjects\member-management\venv\lib\site-packages\django\db\models\lookups.py", line 85, in get_prep_lookup
    return self.lhs.output_field.get_prep_value(self.rhs)
  File "C:\Users\kate\PycharmProjects\member-management\venv\lib\site-packages\django\db\models\fields\__init__.py", line 2055, in get_prep_value
    raise e.__class__(
ValueError: Field 'vote_count' expected a number but got ''.
"POST /brgy/Baguinbin/ HTTP/1.1" 500 156302
C:\Users\kate\PycharmProjects\member-management\management\views.py changed, reloading.
Watching for file changes with StatReloader
C:\Users\kate\PycharmProjects\member-management\management\views.py changed, reloading.
Watching for file changes with StatReloader
C:\Users\kate\PycharmProjects\member-management\management\views.py changed, reloading.
Watching for file changes with StatReloader
Internal Server Error: /brgy/Baguinbin/
Traceback (most recent call last):
  File "C:\Users\kate\PycharmProjects\member-management\venv\lib\site-packages\django\core\handlers\exception.py", line 55, in inner
    response = get_response(request)
  File "C:\Users\kate\PycharmProjects\member-management\venv\lib\site-packages\django\core\handlers\base.py", line 197, in _get_response
    response = wrapped_callback(request, *callback_args, **callback_kwargs)
  File "C:\Users\kate\PycharmProjects\member-management\venv\lib\site-packages\django\contrib\auth\decorators.py", line 23, in _wrapper_view
    return view_func(request, *args, **kwargs)
  File "C:\Users\kate\PycharmProjects\member-management\management\decorators.py", line 75, in wrapper_func
    return view_func(request, *args, **kwargs)
  File "C:\Users\kate\PycharmProjects\member-management\management\views.py", line 329, in barangay_members
    return render(request, 'member_brgy.html', {
  File "C:\Users\kate\PycharmProjects\member-management\venv\lib\site-packages\django\shortcuts.py", line 24, in render
    content = loader.render_to_string(template_name, context, request, using=using)
  File "C:\Users\kate\PycharmProjects\member-management\venv\lib\site-packages\django\template\loader.py", line 62, in render_to_string
    return template.render(context, request)
  File "C:\Users\kate\PycharmProjects\member-management\venv\lib\site-packages\django\template\backends\django.py", line 61, in render
    return self.template.render(context)
  File "C:\Users\kate\PycharmProjects\member-management\venv\lib\site-packages\django\template\base.py", line 175, in render
    return self._render(context)
  File "C:\Users\kate\PycharmProjects\member-management\venv\lib\site-packages\django\template\base.py", line 167, in _render
    return self.nodelist.render(context)
  File "C:\Users\kate\PycharmProjects\member-management\venv\lib\site-packages\django\template\base.py", line 1005, in render
    return SafeString("".join([node.render_annotated(context) for node in self]))
  File "C:\Users\kate\PycharmProjects\member-management\venv\lib\site-packages\django\template\base.py", line 1005, in <listcomp>
    return SafeString("".join([node.render_annotated(context) for node in self]))
  File "C:\Users\kate\PycharmProjects\member-management\venv\lib\site-packages\django\template\base.py", line 966, in render_annotated
    return self.render(context)
  File "C:\Users\kate\PycharmProjects\member-management\venv\lib\site-packages\django\template\loader_tags.py", line 157, in render
    return compiled_parent._render(context)
  File "C:\Users\kate\PycharmProjects\member-management\venv\lib\site-packages\django\template\base.py", line 167, in _render
    return self.nodelist.render(context)
  File "C:\Users\kate\PycharmProjects\member-management\venv\lib\site-packages\django\template\base.py", line 1005, in render
    return SafeString("".join([node.render_annotated(context) for node in self]))
  File "C:\Users\kate\PycharmProjects\member-management\venv\lib\site-packages\django\template\base.py", line 1005, in <listcomp>
    return SafeString("".join([node.render_annotated(context) for node in self]))
  File "C:\Users\kate\PycharmProjects\member-management\venv\lib\site-packages\django\template\base.py", line 966, in render_annotated
    return self.render(context)
  File "C:\Users\kate\PycharmProjects\member-management\venv\lib\site-packages\django\template\loader_tags.py", line 63, in render
    result = block.nodelist.render(context)
  File "C:\Users\kate\PycharmProjects\member-management\venv\lib\site-packages\django\template\base.py", line 1005, in render
    return SafeString("".join([node.render_annotated(context) for node in self]))
  File "C:\Users\kate\PycharmProjects\member-management\venv\lib\site-packages\django\template\base.py", line 1005, in <listcomp>
    return SafeString("".join([node.render_annotated(context) for node in self]))
  File "C:\Users\kate\PycharmProjects\member-management\venv\lib\site-packages\django\template\base.py", line 966, in render_annotated
    return self.render(context)
  File "C:\Users\kate\PycharmProjects\member-management\venv\lib\site-packages\django\template\defaulttags.py", line 238, in render
    nodelist.append(node.render_annotated(context))
  File "C:\Users\kate\PycharmProjects\member-management\venv\lib\site-packages\django\template\base.py", line 966, in render_annotated
    return self.render(context)
  File "C:\Users\kate\PycharmProjects\member-management\venv\lib\site-packages\django\template\defaulttags.py", line 321, in render
    return nodelist.render(context)
  File "C:\Users\kate\PycharmProjects\member-management\venv\lib\site-packages\django\template\base.py", line 1005, in render
    return SafeString("".join([node.render_annotated(context) for node in self]))
  File "C:\Users\kate\PycharmProjects\member-management\venv\lib\site-packages\django\template\base.py", line 1005, in <listcomp>
    return SafeString("".join([node.render_annotated(context) for node in self]))
  File "C:\Users\kate\PycharmProjects\member-management\venv\lib\site-packages\django\template\base.py", line 966, in render_annotated
    return self.render(context)
  File "C:\Users\kate\PycharmProjects\member-management\venv\lib\site-packages\django\template\base.py", line 1064, in render
    output = self.filter_expression.resolve(context)
  File "C:\Users\kate\PycharmProjects\member-management\venv\lib\site-packages\django\template\base.py", line 715, in resolve
    obj = self.var.resolve(context)
  File "C:\Users\kate\PycharmProjects\member-management\venv\lib\site-packages\django\template\base.py", line 847, in resolve
    value = self._resolve_lookup(context)
  File "C:\Users\kate\PycharmProjects\member-management\venv\lib\site-packages\django\template\base.py", line 914, in _resolve_lookup
    current = current()
  File "C:\Users\kate\PycharmProjects\member-management\management\models.py", line 251, in middle_initial
    return self.middle_name[0]
AttributeError: 'BrgyOfficial' object has no attribute 'middle_name'
"POST /brgy/Baguinbin/ HTTP/1.1" 500 266062
C:\Users\kate\PycharmProjects\member-management\management\views.py changed, reloading.
Watching for file changes with StatReloader
Internal Server Error: /brgy/Baguinbin/
Traceback (most recent call last):
  File "C:\Users\kate\PycharmProjects\member-management\venv\lib\site-packages\django\core\handlers\exception.py", line 55, in inner
    response = get_response(request)
  File "C:\Users\kate\PycharmProjects\member-management\venv\lib\site-packages\django\core\handlers\base.py", line 197, in _get_response
    response = wrapped_callback(request, *callback_args, **callback_kwargs)
  File "C:\Users\kate\PycharmProjects\member-management\venv\lib\site-packages\django\contrib\auth\decorators.py", line 23, in _wrapper_view
    return view_func(request, *args, **kwargs)
  File "C:\Users\kate\PycharmProjects\member-management\management\decorators.py", line 75, in wrapper_func
    return view_func(request, *args, **kwargs)
  File "C:\Users\kate\PycharmProjects\member-management\management\views.py", line 316, in barangay_members
    election_year = datetime.strptime(election_year_str, '%Y-%m-%d')
  File "C:\Users\kate\AppData\Local\Programs\Python\Python39\lib\_strptime.py", line 568, in _strptime_datetime
    tt, fraction, gmtoff_fraction = _strptime(data_string, format)
  File "C:\Users\kate\AppData\Local\Programs\Python\Python39\lib\_strptime.py", line 349, in _strptime
    raise ValueError("time data %r does not match format %r" %
ValueError: time data '' does not match format '%Y-%m-%d'
"POST /brgy/Baguinbin/ HTTP/1.1" 500 93086
Internal Server Error: /brgy/Baguinbin/
Traceback (most recent call last):
  File "C:\Users\kate\PycharmProjects\member-management\venv\lib\site-packages\django\core\handlers\exception.py", line 55, in inner
    response = get_response(request)
  File "C:\Users\kate\PycharmProjects\member-management\venv\lib\site-packages\django\core\handlers\base.py", line 197, in _get_response
    response = wrapped_callback(request, *callback_args, **callback_kwargs)
  File "C:\Users\kate\PycharmProjects\member-management\venv\lib\site-packages\django\contrib\auth\decorators.py", line 23, in _wrapper_view
    return view_func(request, *args, **kwargs)
  File "C:\Users\kate\PycharmProjects\member-management\management\decorators.py", line 75, in wrapper_func
    return view_func(request, *args, **kwargs)
  File "C:\Users\kate\PycharmProjects\member-management\management\views.py", line 316, in barangay_members
    election_year = datetime.strptime(election_year_str, '%Y-%m-%d')
  File "C:\Users\kate\AppData\Local\Programs\Python\Python39\lib\_strptime.py", line 568, in _strptime_datetime
    tt, fraction, gmtoff_fraction = _strptime(data_string, format)
  File "C:\Users\kate\AppData\Local\Programs\Python\Python39\lib\_strptime.py", line 349, in _strptime
    raise ValueError("time data %r does not match format %r" %
ValueError: time data '' does not match format '%Y-%m-%d'
"POST /brgy/Baguinbin/ HTTP/1.1" 500 93086
Watching for file changes with StatReloader
Not Found: /favicon.ico
"GET /favicon.ico HTTP/1.1" 404 19715
C:\Users\kate\PycharmProjects\member-management\management\views.py changed, reloading.
Watching for file changes with StatReloader
C:\Users\kate\PycharmProjects\member-management\management\views.py changed, reloading.
Watching for file changes with StatReloader
C:\Users\kate\PycharmProjects\member-management\management\views.py changed, reloading.
Watching for file changes with StatReloader
C:\Users\kate\PycharmProjects\member-management\management\views.py changed, reloading.
Watching for file changes with StatReloader
C:\Users\kate\PycharmProjects\member-management\management\views.py changed, reloading.
Watching for file changes with StatReloader
C:\Users\kate\PycharmProjects\member-management\management\views.py changed, reloading.
Watching for file changes with StatReloader
C:\Users\kate\PycharmProjects\member-management\management\views.py changed, reloading.
Watching for file changes with StatReloader
C:\Users\kate\PycharmProjects\member-management\management\views.py changed, reloading.
Watching for file changes with StatReloader
C:\Users\kate\PycharmProjects\member-management\management\views.py changed, reloading.
Watching for file changes with StatReloader
C:\Users\kate\PycharmProjects\member-management\management\views.py changed, reloading.
Watching for file changes with StatReloader
C:\Users\kate\PycharmProjects\member-management\management\views.py changed, reloading.
Watching for file changes with StatReloader
C:\Users\kate\PycharmProjects\member-management\management\views.py changed, reloading.
Watching for file changes with StatReloader
Internal Server Error: /brgy/Baguinbin/
Traceback (most recent call last):
  File "C:\Users\kate\PycharmProjects\member-management\venv\lib\site-packages\django\template\base.py", line 505, in parse
    compile_func = self.tags[command]
KeyError: 'endblock'

During handling of the above exception, another exception occurred:

Traceback (most recent call last):
  File "C:\Users\kate\PycharmProjects\member-management\venv\lib\site-packages\django\core\handlers\exception.py", line 55, in inner
    response = get_response(request)
  File "C:\Users\kate\PycharmProjects\member-management\venv\lib\site-packages\django\core\handlers\base.py", line 197, in _get_response
    response = wrapped_callback(request, *callback_args, **callback_kwargs)
  File "C:\Users\kate\PycharmProjects\member-management\venv\lib\site-packages\django\contrib\auth\decorators.py", line 23, in _wrapper_view
    return view_func(request, *args, **kwargs)
  File "C:\Users\kate\PycharmProjects\member-management\management\decorators.py", line 75, in wrapper_func
    return view_func(request, *args, **kwargs)
  File "C:\Users\kate\PycharmProjects\member-management\management\views.py", line 300, in barangay_members
    return render(request, 'member_brgy.html', {
  File "C:\Users\kate\PycharmProjects\member-management\venv\lib\site-packages\django\shortcuts.py", line 24, in render
    content = loader.render_to_string(template_name, context, request, using=using)
  File "C:\Users\kate\PycharmProjects\member-management\venv\lib\site-packages\django\template\loader.py", line 61, in render_to_string
    template = get_template(template_name, using=using)
  File "C:\Users\kate\PycharmProjects\member-management\venv\lib\site-packages\django\template\loader.py", line 15, in get_template
    return engine.get_template(template_name)
  File "C:\Users\kate\PycharmProjects\member-management\venv\lib\site-packages\django\template\backends\django.py", line 33, in get_template
    return Template(self.engine.get_template(template_name), self)
  File "C:\Users\kate\PycharmProjects\member-management\venv\lib\site-packages\django\template\engine.py", line 175, in get_template
    template, origin = self.find_template(template_name)
  File "C:\Users\kate\PycharmProjects\member-management\venv\lib\site-packages\django\template\engine.py", line 157, in find_template
    template = loader.get_template(name, skip=skip)
  File "C:\Users\kate\PycharmProjects\member-management\venv\lib\site-packages\django\template\loaders\cached.py", line 57, in get_template
    template = super().get_template(template_name, skip)
  File "C:\Users\kate\PycharmProjects\member-management\venv\lib\site-packages\django\template\loaders\base.py", line 28, in get_template
    return Template(
  File "C:\Users\kate\PycharmProjects\member-management\venv\lib\site-packages\django\template\base.py", line 154, in __init__
    self.nodelist = self.compile_nodelist()
  File "C:\Users\kate\PycharmProjects\member-management\venv\lib\site-packages\django\template\base.py", line 200, in compile_nodelist
    return parser.parse()
  File "C:\Users\kate\PycharmProjects\member-management\venv\lib\site-packages\django\template\base.py", line 513, in parse
    raise self.error(token, e)
  File "C:\Users\kate\PycharmProjects\member-management\venv\lib\site-packages\django\template\base.py", line 511, in parse
    compiled_result = compile_func(self, token)
  File "C:\Users\kate\PycharmProjects\member-management\venv\lib\site-packages\django\template\loader_tags.py", line 293, in do_extends
    nodelist = parser.parse()
  File "C:\Users\kate\PycharmProjects\member-management\venv\lib\site-packages\django\template\base.py", line 513, in parse
    raise self.error(token, e)
  File "C:\Users\kate\PycharmProjects\member-management\venv\lib\site-packages\django\template\base.py", line 511, in parse
    compiled_result = compile_func(self, token)
  File "C:\Users\kate\PycharmProjects\member-management\venv\lib\site-packages\django\template\loader_tags.py", line 232, in do_block
    nodelist = parser.parse(("endblock",))
  File "C:\Users\kate\PycharmProjects\member-management\venv\lib\site-packages\django\template\base.py", line 513, in parse
    raise self.error(token, e)
  File "C:\Users\kate\PycharmProjects\member-management\venv\lib\site-packages\django\template\base.py", line 511, in parse
    compiled_result = compile_func(self, token)
  File "C:\Users\kate\PycharmProjects\member-management\venv\lib\site-packages\django\template\defaulttags.py", line 967, in do_if
    nodelist = parser.parse(("endif",))
  File "C:\Users\kate\PycharmProjects\member-management\venv\lib\site-packages\django\template\base.py", line 507, in parse
    self.invalid_block_tag(token, command, parse_until)
  File "C:\Users\kate\PycharmProjects\member-management\venv\lib\site-packages\django\template\base.py", line 558, in invalid_block_tag
    raise self.error(
django.template.exceptions.TemplateSyntaxError: Invalid block tag on line 545: 'endblock', expected 'endif'. Did you forget to register or load this tag?
"GET /brgy/Baguinbin/ HTTP/1.1" 500 222887
C:\Users\kate\PycharmProjects\member-management\management\views.py changed, reloading.
Watching for file changes with StatReloader
C:\Users\kate\PycharmProjects\member-management\management\views.py changed, reloading.
Watching for file changes with StatReloader
C:\Users\kate\PycharmProjects\member-management\management\views.py changed, reloading.
Watching for file changes with StatReloader
C:\Users\kate\PycharmProjects\member-management\management\views.py changed, reloading.
Watching for file changes with StatReloader
C:\Users\kate\PycharmProjects\member-management\management\views.py changed, reloading.
Watching for file changes with StatReloader
C:\Users\kate\PycharmProjects\member-management\management\views.py changed, reloading.
Watching for file changes with StatReloader
Internal Server Error: /brgy/Baguinbin/
Traceback (most recent call last):
  File "C:\Users\kate\PycharmProjects\member-management\venv\lib\site-packages\django\core\handlers\exception.py", line 55, in inner
    response = get_response(request)
  File "C:\Users\kate\PycharmProjects\member-management\venv\lib\site-packages\django\core\handlers\base.py", line 197, in _get_response
    response = wrapped_callback(request, *callback_args, **callback_kwargs)
  File "C:\Users\kate\PycharmProjects\member-management\venv\lib\site-packages\django\contrib\auth\decorators.py", line 23, in _wrapper_view
    return view_func(request, *args, **kwargs)
  File "C:\Users\kate\PycharmProjects\member-management\management\decorators.py", line 75, in wrapper_func
    return view_func(request, *args, **kwargs)
  File "C:\Users\kate\PycharmProjects\member-management\management\views.py", line 178, in barangay_members
    print(len(barangay_election_type[0]))
TypeError: object of type 'BarangayElectionResults' has no len()
"GET /brgy/Baguinbin/ HTTP/1.1" 500 80210
C:\Users\kate\PycharmProjects\member-management\management\views.py changed, reloading.
Watching for file changes with StatReloader
C:\Users\kate\PycharmProjects\member-management\management\views.py changed, reloading.
Watching for file changes with StatReloader
C:\Users\kate\PycharmProjects\member-management\management\views.py changed, reloading.
Watching for file changes with StatReloader
C:\Users\kate\PycharmProjects\member-management\management\views.py changed, reloading.
Watching for file changes with StatReloader
Internal Server Error: /brgy/Baguinbin/
Traceback (most recent call last):
  File "C:\Users\kate\PycharmProjects\member-management\venv\lib\site-packages\django\core\handlers\exception.py", line 55, in inner
    response = get_response(request)
  File "C:\Users\kate\PycharmProjects\member-management\venv\lib\site-packages\django\core\handlers\base.py", line 197, in _get_response
    response = wrapped_callback(request, *callback_args, **callback_kwargs)
  File "C:\Users\kate\PycharmProjects\member-management\venv\lib\site-packages\django\contrib\auth\decorators.py", line 23, in _wrapper_view
    return view_func(request, *args, **kwargs)
  File "C:\Users\kate\PycharmProjects\member-management\management\decorators.py", line 75, in wrapper_func
    return view_func(request, *args, **kwargs)
  File "C:\Users\kate\PycharmProjects\member-management\management\views.py", line 181, in barangay_members
    for contender in BarangayElectionContender:
TypeError: 'ModelBase' object is not iterable
"GET /brgy/Baguinbin/ HTTP/1.1" 500 80439
C:\Users\kate\PycharmProjects\member-management\management\views.py changed, reloading.
Watching for file changes with StatReloader
C:\Users\kate\PycharmProjects\member-management\management\views.py changed, reloading.
Watching for file changes with StatReloader
Internal Server Error: /brgy/Baguinbin/
Traceback (most recent call last):
  File "C:\Users\kate\PycharmProjects\member-management\venv\lib\site-packages\django\template\base.py", line 505, in parse
    compile_func = self.tags[command]
KeyError: 'endfor'

During handling of the above exception, another exception occurred:

Traceback (most recent call last):
  File "C:\Users\kate\PycharmProjects\member-management\venv\lib\site-packages\django\core\handlers\exception.py", line 55, in inner
    response = get_response(request)
  File "C:\Users\kate\PycharmProjects\member-management\venv\lib\site-packages\django\core\handlers\base.py", line 197, in _get_response
    response = wrapped_callback(request, *callback_args, **callback_kwargs)
  File "C:\Users\kate\PycharmProjects\member-management\venv\lib\site-packages\django\contrib\auth\decorators.py", line 23, in _wrapper_view
    return view_func(request, *args, **kwargs)
  File "C:\Users\kate\PycharmProjects\member-management\management\decorators.py", line 75, in wrapper_func
    return view_func(request, *args, **kwargs)
  File "C:\Users\kate\PycharmProjects\member-management\management\views.py", line 325, in barangay_members
    return render(request, 'member_brgy.html', {
  File "C:\Users\kate\PycharmProjects\member-management\venv\lib\site-packages\django\shortcuts.py", line 24, in render
    content = loader.render_to_string(template_name, context, request, using=using)
  File "C:\Users\kate\PycharmProjects\member-management\venv\lib\site-packages\django\template\loader.py", line 61, in render_to_string
    template = get_template(template_name, using=using)
  File "C:\Users\kate\PycharmProjects\member-management\venv\lib\site-packages\django\template\loader.py", line 15, in get_template
    return engine.get_template(template_name)
  File "C:\Users\kate\PycharmProjects\member-management\venv\lib\site-packages\django\template\backends\django.py", line 33, in get_template
    return Template(self.engine.get_template(template_name), self)
  File "C:\Users\kate\PycharmProjects\member-management\venv\lib\site-packages\django\template\engine.py", line 175, in get_template
    template, origin = self.find_template(template_name)
  File "C:\Users\kate\PycharmProjects\member-management\venv\lib\site-packages\django\template\engine.py", line 157, in find_template
    template = loader.get_template(name, skip=skip)
  File "C:\Users\kate\PycharmProjects\member-management\venv\lib\site-packages\django\template\loaders\cached.py", line 57, in get_template
    template = super().get_template(template_name, skip)
  File "C:\Users\kate\PycharmProjects\member-management\venv\lib\site-packages\django\template\loaders\base.py", line 28, in get_template
    return Template(
  File "C:\Users\kate\PycharmProjects\member-management\venv\lib\site-packages\django\template\base.py", line 154, in __init__
    self.nodelist = self.compile_nodelist()
  File "C:\Users\kate\PycharmProjects\member-management\venv\lib\site-packages\django\template\base.py", line 200, in compile_nodelist
    return parser.parse()
  File "C:\Users\kate\PycharmProjects\member-management\venv\lib\site-packages\django\template\base.py", line 513, in parse
    raise self.error(token, e)
  File "C:\Users\kate\PycharmProjects\member-management\venv\lib\site-packages\django\template\base.py", line 511, in parse
    compiled_result = compile_func(self, token)
  File "C:\Users\kate\PycharmProjects\member-management\venv\lib\site-packages\django\template\loader_tags.py", line 293, in do_extends
    nodelist = parser.parse()
  File "C:\Users\kate\PycharmProjects\member-management\venv\lib\site-packages\django\template\base.py", line 513, in parse
    raise self.error(token, e)
  File "C:\Users\kate\PycharmProjects\member-management\venv\lib\site-packages\django\template\base.py", line 511, in parse
    compiled_result = compile_func(self, token)
  File "C:\Users\kate\PycharmProjects\member-management\venv\lib\site-packages\django\template\loader_tags.py", line 232, in do_block
    nodelist = parser.parse(("endblock",))
  File "C:\Users\kate\PycharmProjects\member-management\venv\lib\site-packages\django\template\base.py", line 513, in parse
    raise self.error(token, e)
  File "C:\Users\kate\PycharmProjects\member-management\venv\lib\site-packages\django\template\base.py", line 511, in parse
    compiled_result = compile_func(self, token)
  File "C:\Users\kate\PycharmProjects\member-management\venv\lib\site-packages\django\template\defaulttags.py", line 853, in do_for
    nodelist_loop = parser.parse(
  File "C:\Users\kate\PycharmProjects\member-management\venv\lib\site-packages\django\template\base.py", line 513, in parse
    raise self.error(token, e)
  File "C:\Users\kate\PycharmProjects\member-management\venv\lib\site-packages\django\template\base.py", line 511, in parse
    compiled_result = compile_func(self, token)
  File "C:\Users\kate\PycharmProjects\member-management\venv\lib\site-packages\django\template\defaulttags.py", line 967, in do_if
    nodelist = parser.parse(("endif",))
  File "C:\Users\kate\PycharmProjects\member-management\venv\lib\site-packages\django\template\base.py", line 507, in parse
    self.invalid_block_tag(token, command, parse_until)
  File "C:\Users\kate\PycharmProjects\member-management\venv\lib\site-packages\django\template\base.py", line 558, in invalid_block_tag
    raise self.error(
django.template.exceptions.TemplateSyntaxError: Invalid block tag on line 442: 'endfor', expected 'endif'. Did you forget to register or load this tag?
"GET /brgy/Baguinbin/ HTTP/1.1" 500 256848
C:\Users\kate\PycharmProjects\member-management\management\views.py changed, reloading.
Watching for file changes with StatReloader
C:\Users\kate\PycharmProjects\member-management\management\views.py changed, reloading.
Watching for file changes with StatReloader
C:\Users\kate\PycharmProjects\member-management\management\views.py changed, reloading.
Watching for file changes with StatReloader
C:\Users\kate\PycharmProjects\member-management\management\views.py changed, reloading.
Watching for file changes with StatReloader
C:\Users\kate\PycharmProjects\member-management\management\views.py changed, reloading.
Watching for file changes with StatReloader
C:\Users\kate\PycharmProjects\member-management\management\views.py changed, reloading.
Watching for file changes with StatReloader
C:\Users\kate\PycharmProjects\member-management\management\views.py changed, reloading.
Watching for file changes with StatReloader
Forbidden (CSRF token missing.): /htmx-party-input/
"POST /htmx-party-input/ HTTP/1.1" 403 2506
Forbidden (CSRF token missing.): /htmx-party-input/
"POST /htmx-party-input/ HTTP/1.1" 403 2506
C:\Users\kate\PycharmProjects\member-management\management\views.py changed, reloading.
Watching for file changes with StatReloader
C:\Users\kate\PycharmProjects\member-management\management\views.py changed, reloading.
Watching for file changes with StatReloader
C:\Users\kate\PycharmProjects\member-management\management\views.py changed, reloading.
Watching for file changes with StatReloader
Internal Server Error: /htmx-party-input/
Traceback (most recent call last):
  File "C:\Users\kate\PycharmProjects\member-management\venv\lib\site-packages\django\core\handlers\exception.py", line 55, in inner
    response = get_response(request)
  File "C:\Users\kate\PycharmProjects\member-management\venv\lib\site-packages\django\core\handlers\base.py", line 204, in _get_response
    self.check_response(response, callback)
  File "C:\Users\kate\PycharmProjects\member-management\venv\lib\site-packages\django\core\handlers\base.py", line 332, in check_response
    raise ValueError(
ValueError: The view management.views.brgy_profile_htmx_trigger_party_input didn't return an HttpResponse object. It returned None instead.
"POST /htmx-party-input/ HTTP/1.1" 500 68161
Internal Server Error: /htmx-party-input/
Traceback (most recent call last):
  File "C:\Users\kate\PycharmProjects\member-management\venv\lib\site-packages\django\core\handlers\exception.py", line 55, in inner
    response = get_response(request)
  File "C:\Users\kate\PycharmProjects\member-management\venv\lib\site-packages\django\core\handlers\base.py", line 204, in _get_response
    self.check_response(response, callback)
  File "C:\Users\kate\PycharmProjects\member-management\venv\lib\site-packages\django\core\handlers\base.py", line 332, in check_response
    raise ValueError(
ValueError: The view management.views.brgy_profile_htmx_trigger_party_input didn't return an HttpResponse object. It returned None instead.
"POST /htmx-party-input/ HTTP/1.1" 500 68161
Internal Server Error: /htmx-party-input/
Traceback (most recent call last):
  File "C:\Users\kate\PycharmProjects\member-management\venv\lib\site-packages\django\core\handlers\exception.py", line 55, in inner
    response = get_response(request)
  File "C:\Users\kate\PycharmProjects\member-management\venv\lib\site-packages\django\core\handlers\base.py", line 204, in _get_response
    self.check_response(response, callback)
  File "C:\Users\kate\PycharmProjects\member-management\venv\lib\site-packages\django\core\handlers\base.py", line 332, in check_response
    raise ValueError(
ValueError: The view management.views.brgy_profile_htmx_trigger_party_input didn't return an HttpResponse object. It returned None instead.
"POST /htmx-party-input/ HTTP/1.1" 500 68161
Internal Server Error: /htmx-party-input/
Traceback (most recent call last):
  File "C:\Users\kate\PycharmProjects\member-management\venv\lib\site-packages\django\core\handlers\exception.py", line 55, in inner
    response = get_response(request)
  File "C:\Users\kate\PycharmProjects\member-management\venv\lib\site-packages\django\core\handlers\base.py", line 204, in _get_response
    self.check_response(response, callback)
  File "C:\Users\kate\PycharmProjects\member-management\venv\lib\site-packages\django\core\handlers\base.py", line 332, in check_response
    raise ValueError(
ValueError: The view management.views.brgy_profile_htmx_trigger_party_input didn't return an HttpResponse object. It returned None instead.
"POST /htmx-party-input/ HTTP/1.1" 500 68161
C:\Users\kate\PycharmProjects\member-management\management\views.py changed, reloading.
Watching for file changes with StatReloader
C:\Users\kate\PycharmProjects\member-management\management\views.py changed, reloading.
Watching for file changes with StatReloader
C:\Users\kate\PycharmProjects\member-management\management\urls.py changed, reloading.
Watching for file changes with StatReloader
C:\Users\kate\PycharmProjects\member-management\management\urls.py changed, reloading.
Watching for file changes with StatReloader
"GET /static/chart.umd.js.map HTTP/1.1" 404 1807
"GET /static/swiper-bundle.min.js.map HTTP/1.1" 404 1831
"GET /static/swiper-bundle.min.js.map HTTP/1.1" 404 1831
"GET /static/chart.umd.js.map HTTP/1.1" 404 1807
"GET /static/swiper-bundle.min.js.map HTTP/1.1" 404 1831
"GET /static/chart.umd.js.map HTTP/1.1" 404 1807
"GET /static/chart.umd.js.map HTTP/1.1" 404 1807
"GET /static/swiper-bundle.min.js.map HTTP/1.1" 404 1831
"GET /static/swiper-bundle.min.js.map HTTP/1.1" 404 1831
"GET /static/chart.umd.js.map HTTP/1.1" 404 1807
"GET /static/swiper-bundle.min.js.map HTTP/1.1" 404 1831
"GET /static/chart.umd.js.map HTTP/1.1" 404 1807
"GET /static/swiper-bundle.min.js.map HTTP/1.1" 404 1831
"GET /static/chart.umd.js.map HTTP/1.1" 404 1807
C:\Users\kate\PycharmProjects\member-management\management\views.py changed, reloading.
Watching for file changes with StatReloader
C:\Users\kate\PycharmProjects\member-management\management\views.py changed, reloading.
Watching for file changes with StatReloader
"GET /static/swiper-bundle.min.js.map HTTP/1.1" 404 1831
"GET /static/chart.umd.js.map HTTP/1.1" 404 1807
"GET /static/chart.umd.js.map HTTP/1.1" 404 1807
"GET /static/swiper-bundle.min.js.map HTTP/1.1" 404 1831
"GET /static/swiper-bundle.min.js.map HTTP/1.1" 404 1831
"GET /static/chart.umd.js.map HTTP/1.1" 404 1807
"GET /static/chart.umd.js.map HTTP/1.1" 404 1807
"GET /static/swiper-bundle.min.js.map HTTP/1.1" 404 1831
"GET /static/swiper-bundle.min.js.map HTTP/1.1" 404 1831
"GET /static/chart.umd.js.map HTTP/1.1" 404 1807
"GET /static/chart.umd.js.map HTTP/1.1" 404 1807
"GET /static/swiper-bundle.min.js.map HTTP/1.1" 404 1831
"GET /static/chart.umd.js.map HTTP/1.1" 404 1807
"GET /static/swiper-bundle.min.js.map HTTP/1.1" 404 1831
"GET /static/chart.umd.js.map HTTP/1.1" 404 1807
"GET /static/swiper-bundle.min.js.map HTTP/1.1" 404 1831
"GET /static/chart.umd.js.map HTTP/1.1" 404 1807
"GET /static/swiper-bundle.min.js.map HTTP/1.1" 404 1831
"GET /static/chart.umd.js.map HTTP/1.1" 404 1807
"GET /static/swiper-bundle.min.js.map HTTP/1.1" 404 1831
"GET /static/chart.umd.js.map HTTP/1.1" 404 1807
"GET /static/swiper-bundle.min.js.map HTTP/1.1" 404 1831
"GET /static/chart.umd.js.map HTTP/1.1" 404 1807
"GET /static/swiper-bundle.min.js.map HTTP/1.1" 404 1831
"GET /static/chart.umd.js.map HTTP/1.1" 404 1807
"GET /static/swiper-bundle.min.js.map HTTP/1.1" 404 1831
"GET /static/chart.umd.js.map HTTP/1.1" 404 1807
"GET /static/swiper-bundle.min.js.map HTTP/1.1" 404 1831
Internal Server Error: /brgy/Baguinbin/
Traceback (most recent call last):
  File "C:\Users\kate\PycharmProjects\member-management\venv\lib\site-packages\django\db\models\fields\__init__.py", line 2053, in get_prep_value
    return int(value)
ValueError: invalid literal for int() with base 10: ''

The above exception was the direct cause of the following exception:

Traceback (most recent call last):
  File "C:\Users\kate\PycharmProjects\member-management\venv\lib\site-packages\django\core\handlers\exception.py", line 55, in inner
    response = get_response(request)
  File "C:\Users\kate\PycharmProjects\member-management\venv\lib\site-packages\django\core\handlers\base.py", line 197, in _get_response
    response = wrapped_callback(request, *callback_args, **callback_kwargs)
  File "C:\Users\kate\PycharmProjects\member-management\venv\lib\site-packages\django\contrib\auth\decorators.py", line 23, in _wrapper_view
    return view_func(request, *args, **kwargs)
  File "C:\Users\kate\PycharmProjects\member-management\management\decorators.py", line 75, in wrapper_func
    return view_func(request, *args, **kwargs)
  File "C:\Users\kate\PycharmProjects\member-management\management\views.py", line 272, in barangay_members
    brgy_election_contender, created_contender = BarangayElectionContender.objects.get_or_create(
  File "C:\Users\kate\PycharmProjects\member-management\venv\lib\site-packages\django\db\models\manager.py", line 87, in manager_method
    return getattr(self.get_queryset(), name)(*args, **kwargs)
  File "C:\Users\kate\PycharmProjects\member-management\venv\lib\site-packages\django\db\models\query.py", line 916, in get_or_create
    return self.get(**kwargs), False
  File "C:\Users\kate\PycharmProjects\member-management\venv\lib\site-packages\django\db\models\query.py", line 623, in get
    clone = self._chain() if self.query.combinator else self.filter(*args, **kwargs)
  File "C:\Users\kate\PycharmProjects\member-management\venv\lib\site-packages\django\db\models\query.py", line 1436, in filter
    return self._filter_or_exclude(False, args, kwargs)
  File "C:\Users\kate\PycharmProjects\member-management\venv\lib\site-packages\django\db\models\query.py", line 1454, in _filter_or_exclude
    clone._filter_or_exclude_inplace(negate, args, kwargs)
  File "C:\Users\kate\PycharmProjects\member-management\venv\lib\site-packages\django\db\models\query.py", line 1461, in _filter_or_exclude_inplace
    self._query.add_q(Q(*args, **kwargs))
  File "C:\Users\kate\PycharmProjects\member-management\venv\lib\site-packages\django\db\models\sql\query.py", line 1546, in add_q
    clause, _ = self._add_q(q_object, self.used_aliases)
  File "C:\Users\kate\PycharmProjects\member-management\venv\lib\site-packages\django\db\models\sql\query.py", line 1577, in _add_q
    child_clause, needed_inner = self.build_filter(
  File "C:\Users\kate\PycharmProjects\member-management\venv\lib\site-packages\django\db\models\sql\query.py", line 1492, in build_filter
    condition = self.build_lookup(lookups, col, value)
  File "C:\Users\kate\PycharmProjects\member-management\venv\lib\site-packages\django\db\models\sql\query.py", line 1319, in build_lookup
    lookup = lookup_class(lhs, rhs)
  File "C:\Users\kate\PycharmProjects\member-management\venv\lib\site-packages\django\db\models\lookups.py", line 27, in __init__
    self.rhs = self.get_prep_lookup()
  File "C:\Users\kate\PycharmProjects\member-management\venv\lib\site-packages\django\db\models\lookups.py", line 341, in get_prep_lookup
    return super().get_prep_lookup()
  File "C:\Users\kate\PycharmProjects\member-management\venv\lib\site-packages\django\db\models\lookups.py", line 85, in get_prep_lookup
    return self.lhs.output_field.get_prep_value(self.rhs)
  File "C:\Users\kate\PycharmProjects\member-management\venv\lib\site-packages\django\db\models\fields\__init__.py", line 2055, in get_prep_value
    raise e.__class__(
ValueError: Field 'vote_count' expected a number but got ''.
"POST /brgy/Baguinbin/ HTTP/1.1" 500 159939
Internal Server Error: /brgy/Baguinbin/
Traceback (most recent call last):
  File "C:\Users\kate\PycharmProjects\member-management\venv\lib\site-packages\django\db\models\fields\__init__.py", line 2053, in get_prep_value
    return int(value)
ValueError: invalid literal for int() with base 10: ''

The above exception was the direct cause of the following exception:

Traceback (most recent call last):
  File "C:\Users\kate\PycharmProjects\member-management\venv\lib\site-packages\django\core\handlers\exception.py", line 55, in inner
    response = get_response(request)
  File "C:\Users\kate\PycharmProjects\member-management\venv\lib\site-packages\django\core\handlers\base.py", line 197, in _get_response
    response = wrapped_callback(request, *callback_args, **callback_kwargs)
  File "C:\Users\kate\PycharmProjects\member-management\venv\lib\site-packages\django\contrib\auth\decorators.py", line 23, in _wrapper_view
    return view_func(request, *args, **kwargs)
  File "C:\Users\kate\PycharmProjects\member-management\management\decorators.py", line 75, in wrapper_func
    return view_func(request, *args, **kwargs)
  File "C:\Users\kate\PycharmProjects\member-management\management\views.py", line 272, in barangay_members
    brgy_election_contender, created_contender = BarangayElectionContender.objects.get_or_create(
  File "C:\Users\kate\PycharmProjects\member-management\venv\lib\site-packages\django\db\models\manager.py", line 87, in manager_method
    return getattr(self.get_queryset(), name)(*args, **kwargs)
  File "C:\Users\kate\PycharmProjects\member-management\venv\lib\site-packages\django\db\models\query.py", line 916, in get_or_create
    return self.get(**kwargs), False
  File "C:\Users\kate\PycharmProjects\member-management\venv\lib\site-packages\django\db\models\query.py", line 623, in get
    clone = self._chain() if self.query.combinator else self.filter(*args, **kwargs)
  File "C:\Users\kate\PycharmProjects\member-management\venv\lib\site-packages\django\db\models\query.py", line 1436, in filter
    return self._filter_or_exclude(False, args, kwargs)
  File "C:\Users\kate\PycharmProjects\member-management\venv\lib\site-packages\django\db\models\query.py", line 1454, in _filter_or_exclude
    clone._filter_or_exclude_inplace(negate, args, kwargs)
  File "C:\Users\kate\PycharmProjects\member-management\venv\lib\site-packages\django\db\models\query.py", line 1461, in _filter_or_exclude_inplace
    self._query.add_q(Q(*args, **kwargs))
  File "C:\Users\kate\PycharmProjects\member-management\venv\lib\site-packages\django\db\models\sql\query.py", line 1546, in add_q
    clause, _ = self._add_q(q_object, self.used_aliases)
  File "C:\Users\kate\PycharmProjects\member-management\venv\lib\site-packages\django\db\models\sql\query.py", line 1577, in _add_q
    child_clause, needed_inner = self.build_filter(
  File "C:\Users\kate\PycharmProjects\member-management\venv\lib\site-packages\django\db\models\sql\query.py", line 1492, in build_filter
    condition = self.build_lookup(lookups, col, value)
  File "C:\Users\kate\PycharmProjects\member-management\venv\lib\site-packages\django\db\models\sql\query.py", line 1319, in build_lookup
    lookup = lookup_class(lhs, rhs)
  File "C:\Users\kate\PycharmProjects\member-management\venv\lib\site-packages\django\db\models\lookups.py", line 27, in __init__
    self.rhs = self.get_prep_lookup()
  File "C:\Users\kate\PycharmProjects\member-management\venv\lib\site-packages\django\db\models\lookups.py", line 341, in get_prep_lookup
    return super().get_prep_lookup()
  File "C:\Users\kate\PycharmProjects\member-management\venv\lib\site-packages\django\db\models\lookups.py", line 85, in get_prep_lookup
    return self.lhs.output_field.get_prep_value(self.rhs)
  File "C:\Users\kate\PycharmProjects\member-management\venv\lib\site-packages\django\db\models\fields\__init__.py", line 2055, in get_prep_value
    raise e.__class__(
ValueError: Field 'vote_count' expected a number but got ''.
"POST /brgy/Baguinbin/ HTTP/1.1" 500 159939
Internal Server Error: /brgy/Baguinbin/
Traceback (most recent call last):
  File "C:\Users\kate\PycharmProjects\member-management\venv\lib\site-packages\django\db\models\fields\__init__.py", line 2053, in get_prep_value
    return int(value)
ValueError: invalid literal for int() with base 10: ''

The above exception was the direct cause of the following exception:

Traceback (most recent call last):
  File "C:\Users\kate\PycharmProjects\member-management\venv\lib\site-packages\django\core\handlers\exception.py", line 55, in inner
    response = get_response(request)
  File "C:\Users\kate\PycharmProjects\member-management\venv\lib\site-packages\django\core\handlers\base.py", line 197, in _get_response
    response = wrapped_callback(request, *callback_args, **callback_kwargs)
  File "C:\Users\kate\PycharmProjects\member-management\venv\lib\site-packages\django\contrib\auth\decorators.py", line 23, in _wrapper_view
    return view_func(request, *args, **kwargs)
  File "C:\Users\kate\PycharmProjects\member-management\management\decorators.py", line 75, in wrapper_func
    return view_func(request, *args, **kwargs)
  File "C:\Users\kate\PycharmProjects\member-management\management\views.py", line 272, in barangay_members
    brgy_election_contender, created_contender = BarangayElectionContender.objects.get_or_create(
  File "C:\Users\kate\PycharmProjects\member-management\venv\lib\site-packages\django\db\models\manager.py", line 87, in manager_method
    return getattr(self.get_queryset(), name)(*args, **kwargs)
  File "C:\Users\kate\PycharmProjects\member-management\venv\lib\site-packages\django\db\models\query.py", line 916, in get_or_create
    return self.get(**kwargs), False
  File "C:\Users\kate\PycharmProjects\member-management\venv\lib\site-packages\django\db\models\query.py", line 623, in get
    clone = self._chain() if self.query.combinator else self.filter(*args, **kwargs)
  File "C:\Users\kate\PycharmProjects\member-management\venv\lib\site-packages\django\db\models\query.py", line 1436, in filter
    return self._filter_or_exclude(False, args, kwargs)
  File "C:\Users\kate\PycharmProjects\member-management\venv\lib\site-packages\django\db\models\query.py", line 1454, in _filter_or_exclude
    clone._filter_or_exclude_inplace(negate, args, kwargs)
  File "C:\Users\kate\PycharmProjects\member-management\venv\lib\site-packages\django\db\models\query.py", line 1461, in _filter_or_exclude_inplace
    self._query.add_q(Q(*args, **kwargs))
  File "C:\Users\kate\PycharmProjects\member-management\venv\lib\site-packages\django\db\models\sql\query.py", line 1546, in add_q
    clause, _ = self._add_q(q_object, self.used_aliases)
  File "C:\Users\kate\PycharmProjects\member-management\venv\lib\site-packages\django\db\models\sql\query.py", line 1577, in _add_q
    child_clause, needed_inner = self.build_filter(
  File "C:\Users\kate\PycharmProjects\member-management\venv\lib\site-packages\django\db\models\sql\query.py", line 1492, in build_filter
    condition = self.build_lookup(lookups, col, value)
  File "C:\Users\kate\PycharmProjects\member-management\venv\lib\site-packages\django\db\models\sql\query.py", line 1319, in build_lookup
    lookup = lookup_class(lhs, rhs)
  File "C:\Users\kate\PycharmProjects\member-management\venv\lib\site-packages\django\db\models\lookups.py", line 27, in __init__
    self.rhs = self.get_prep_lookup()
  File "C:\Users\kate\PycharmProjects\member-management\venv\lib\site-packages\django\db\models\lookups.py", line 341, in get_prep_lookup
    return super().get_prep_lookup()
  File "C:\Users\kate\PycharmProjects\member-management\venv\lib\site-packages\django\db\models\lookups.py", line 85, in get_prep_lookup
    return self.lhs.output_field.get_prep_value(self.rhs)
  File "C:\Users\kate\PycharmProjects\member-management\venv\lib\site-packages\django\db\models\fields\__init__.py", line 2055, in get_prep_value
    raise e.__class__(
ValueError: Field 'vote_count' expected a number but got ''.
"POST /brgy/Baguinbin/ HTTP/1.1" 500 159939
"GET /static/swiper-bundle.min.js.map HTTP/1.1" 404 1831
"GET /static/chart.umd.js.map HTTP/1.1" 404 1807
Internal Server Error: /brgy/Baguinbin/
Traceback (most recent call last):
  File "C:\Users\kate\PycharmProjects\member-management\venv\lib\site-packages\django\db\models\fields\__init__.py", line 2053, in get_prep_value
    return int(value)
ValueError: invalid literal for int() with base 10: ''

The above exception was the direct cause of the following exception:

Traceback (most recent call last):
  File "C:\Users\kate\PycharmProjects\member-management\venv\lib\site-packages\django\core\handlers\exception.py", line 55, in inner
    response = get_response(request)
  File "C:\Users\kate\PycharmProjects\member-management\venv\lib\site-packages\django\core\handlers\base.py", line 197, in _get_response
    response = wrapped_callback(request, *callback_args, **callback_kwargs)
  File "C:\Users\kate\PycharmProjects\member-management\venv\lib\site-packages\django\contrib\auth\decorators.py", line 23, in _wrapper_view
    return view_func(request, *args, **kwargs)
  File "C:\Users\kate\PycharmProjects\member-management\management\decorators.py", line 75, in wrapper_func
    return view_func(request, *args, **kwargs)
  File "C:\Users\kate\PycharmProjects\member-management\management\views.py", line 272, in barangay_members
    brgy_election_contender, created_contender = BarangayElectionContender.objects.get_or_create(
  File "C:\Users\kate\PycharmProjects\member-management\venv\lib\site-packages\django\db\models\manager.py", line 87, in manager_method
    return getattr(self.get_queryset(), name)(*args, **kwargs)
  File "C:\Users\kate\PycharmProjects\member-management\venv\lib\site-packages\django\db\models\query.py", line 916, in get_or_create
    return self.get(**kwargs), False
  File "C:\Users\kate\PycharmProjects\member-management\venv\lib\site-packages\django\db\models\query.py", line 623, in get
    clone = self._chain() if self.query.combinator else self.filter(*args, **kwargs)
  File "C:\Users\kate\PycharmProjects\member-management\venv\lib\site-packages\django\db\models\query.py", line 1436, in filter
    return self._filter_or_exclude(False, args, kwargs)
  File "C:\Users\kate\PycharmProjects\member-management\venv\lib\site-packages\django\db\models\query.py", line 1454, in _filter_or_exclude
    clone._filter_or_exclude_inplace(negate, args, kwargs)
  File "C:\Users\kate\PycharmProjects\member-management\venv\lib\site-packages\django\db\models\query.py", line 1461, in _filter_or_exclude_inplace
    self._query.add_q(Q(*args, **kwargs))
  File "C:\Users\kate\PycharmProjects\member-management\venv\lib\site-packages\django\db\models\sql\query.py", line 1546, in add_q
    clause, _ = self._add_q(q_object, self.used_aliases)
  File "C:\Users\kate\PycharmProjects\member-management\venv\lib\site-packages\django\db\models\sql\query.py", line 1577, in _add_q
    child_clause, needed_inner = self.build_filter(
  File "C:\Users\kate\PycharmProjects\member-management\venv\lib\site-packages\django\db\models\sql\query.py", line 1492, in build_filter
    condition = self.build_lookup(lookups, col, value)
  File "C:\Users\kate\PycharmProjects\member-management\venv\lib\site-packages\django\db\models\sql\query.py", line 1319, in build_lookup
    lookup = lookup_class(lhs, rhs)
  File "C:\Users\kate\PycharmProjects\member-management\venv\lib\site-packages\django\db\models\lookups.py", line 27, in __init__
    self.rhs = self.get_prep_lookup()
  File "C:\Users\kate\PycharmProjects\member-management\venv\lib\site-packages\django\db\models\lookups.py", line 341, in get_prep_lookup
    return super().get_prep_lookup()
  File "C:\Users\kate\PycharmProjects\member-management\venv\lib\site-packages\django\db\models\lookups.py", line 85, in get_prep_lookup
    return self.lhs.output_field.get_prep_value(self.rhs)
  File "C:\Users\kate\PycharmProjects\member-management\venv\lib\site-packages\django\db\models\fields\__init__.py", line 2055, in get_prep_value
    raise e.__class__(
ValueError: Field 'vote_count' expected a number but got ''.
"POST /brgy/Baguinbin/ HTTP/1.1" 500 159939
"GET /static/swiper-bundle.min.js.map HTTP/1.1" 404 1831
"GET /static/chart.umd.js.map HTTP/1.1" 404 1807
"GET /static/swiper-bundle.min.js.map HTTP/1.1" 404 1831
"GET /static/chart.umd.js.map HTTP/1.1" 404 1807
"GET /static/chart.umd.js.map HTTP/1.1" 404 1807
"GET /static/swiper-bundle.min.js.map HTTP/1.1" 404 1831
"GET /static/swiper-bundle.min.js.map HTTP/1.1" 404 1831
"GET /static/chart.umd.js.map HTTP/1.1" 404 1807
C:\Users\kate\PycharmProjects\member-management\management\views.py changed, reloading.
Watching for file changes with StatReloader
C:\Users\kate\PycharmProjects\member-management\management\views.py changed, reloading.
Watching for file changes with StatReloader
C:\Users\kate\PycharmProjects\member-management\management\views.py changed, reloading.
Watching for file changes with StatReloader
C:\Users\kate\PycharmProjects\member-management\management\urls.py changed, reloading.
Watching for file changes with StatReloader
C:\Users\kate\PycharmProjects\member-management\management\views.py changed, reloading.
Watching for file changes with StatReloader
C:\Users\kate\PycharmProjects\member-management\management\urls.py changed, reloading.
Watching for file changes with StatReloader
C:\Users\kate\PycharmProjects\member-management\management\views.py changed, reloading.
Watching for file changes with StatReloader
C:\Users\kate\PycharmProjects\member-management\management\views.py changed, reloading.
Watching for file changes with StatReloader
C:\Users\kate\PycharmProjects\member-management\management\views.py changed, reloading.
Watching for file changes with StatReloader
C:\Users\kate\PycharmProjects\member-management\management\views.py changed, reloading.
Watching for file changes with StatReloader
C:\Users\kate\PycharmProjects\member-management\management\views.py changed, reloading.
Watching for file changes with StatReloader
C:\Users\kate\PycharmProjects\member-management\management\views.py changed, reloading.
Watching for file changes with StatReloader
C:\Users\kate\PycharmProjects\member-management\management\views.py changed, reloading.
Watching for file changes with StatReloader
C:\Users\kate\PycharmProjects\member-management\management\views.py changed, reloading.
Watching for file changes with StatReloader
C:\Users\kate\PycharmProjects\member-management\management\views.py changed, reloading.
Watching for file changes with StatReloader
C:\Users\kate\PycharmProjects\member-management\management\urls.py changed, reloading.
Watching for file changes with StatReloader
C:\Users\kate\PycharmProjects\member-management\management\views.py changed, reloading.
Watching for file changes with StatReloader
C:\Users\kate\PycharmProjects\member-management\management\views.py changed, reloading.
Watching for file changes with StatReloader
C:\Users\kate\PycharmProjects\member-management\management\views.py changed, reloading.
Watching for file changes with StatReloader
C:\Users\kate\PycharmProjects\member-management\management\views.py changed, reloading.
Watching for file changes with StatReloader
C:\Users\kate\PycharmProjects\member-management\management\views.py changed, reloading.
Watching for file changes with StatReloader
C:\Users\kate\PycharmProjects\member-management\management\urls.py changed, reloading.
Watching for file changes with StatReloader
Internal Server Error: /brgy/Baguinbin/
Traceback (most recent call last):
  File "C:\Users\kate\PycharmProjects\member-management\venv\lib\site-packages\django\core\handlers\exception.py", line 55, in inner
    response = get_response(request)
  File "C:\Users\kate\PycharmProjects\member-management\venv\lib\site-packages\django\core\handlers\base.py", line 197, in _get_response
    response = wrapped_callback(request, *callback_args, **callback_kwargs)
  File "C:\Users\kate\PycharmProjects\member-management\venv\lib\site-packages\django\contrib\auth\decorators.py", line 23, in _wrapper_view
    return view_func(request, *args, **kwargs)
  File "C:\Users\kate\PycharmProjects\member-management\management\decorators.py", line 75, in wrapper_func
    return view_func(request, *args, **kwargs)
  File "C:\Users\kate\PycharmProjects\member-management\management\views.py", line 286, in barangay_members
    official_rank = request.POST.get('brgy-official-rank').title()
AttributeError: 'NoneType' object has no attribute 'title'
"POST /brgy/Baguinbin/ HTTP/1.1" 500 86284
C:\Users\kate\PycharmProjects\member-management\management\urls.py changed, reloading.
Watching for file changes with StatReloader
C:\Users\kate\PycharmProjects\member-management\management\urls.py changed, reloading.
Watching for file changes with StatReloader
C:\Users\kate\PycharmProjects\member-management\management\urls.py changed, reloading.
Watching for file changes with StatReloader
C:\Users\kate\PycharmProjects\member-management\management\urls.py changed, reloading.
Watching for file changes with StatReloader
C:\Users\kate\PycharmProjects\member-management\management\views.py changed, reloading.
Watching for file changes with StatReloader
C:\Users\kate\PycharmProjects\member-management\management\views.py changed, reloading.
Watching for file changes with StatReloader
C:\Users\kate\PycharmProjects\member-management\management\views.py changed, reloading.
Watching for file changes with StatReloader
Not Found: /suitio/1/
"GET /suitio/1/ HTTP/1.1" 404 21746
Not Found: /siitio/1/
"GET /siitio/1/ HTTP/1.1" 404 21746
Watching for file changes with StatReloader
Not Found: /favicon.ico
"GET /favicon.ico HTTP/1.1" 404 21752
"GET /static/election-results.css HTTP/1.1" 404 1819
"GET /static/election-results.css HTTP/1.1" 404 1819
"GET /static/election-results.css HTTP/1.1" 404 1819
"GET /static/election-results.css HTTP/1.1" 404 1819
"GET /static/election-results.css HTTP/1.1" 404 1819
"GET /static/election-results.css HTTP/1.1" 404 1819
"GET /static/election-results.css HTTP/1.1" 404 1819
"GET /static/election-results.css HTTP/1.1" 404 1819
"GET /static/election-results.css HTTP/1.1" 404 1819
"GET /static/election-results.css HTTP/1.1" 404 1819
"GET /static/election-results.css HTTP/1.1" 404 1819
"GET /static/election-results.css HTTP/1.1" 404 1819
"GET /static/election-results.css HTTP/1.1" 404 1819
"GET /static/election-results.css HTTP/1.1" 404 1819
"GET /static/election-results.css HTTP/1.1" 404 1819
"GET /static/election-results.css HTTP/1.1" 404 1819
C:\Users\kate\PycharmProjects\member-management\management\views.py changed, reloading.
Watching for file changes with StatReloader
"GET /static/election-results.css HTTP/1.1" 404 1819
"GET /static/election-results.css HTTP/1.1" 404 1819
"GET /static/election-results.css HTTP/1.1" 404 1819
"GET /static/election-results.css HTTP/1.1" 404 1819
"GET /static/election-results.css HTTP/1.1" 404 1819
"GET /static/election-results.css HTTP/1.1" 404 1819
"GET /static/election-results.css HTTP/1.1" 404 1819
"GET /static/election-results.css HTTP/1.1" 404 1819
"GET /static/election-results.css HTTP/1.1" 404 1819
"GET /static/election-results.css HTTP/1.1" 404 1819
"GET /static/election-results.css HTTP/1.1" 404 1819
"GET /static/election-results.css HTTP/1.1" 404 1819
"GET /static/election-results.css HTTP/1.1" 404 1819
"GET /static/election-results.css HTTP/1.1" 404 1819
"GET /static/election-results.css HTTP/1.1" 404 1819
"GET /static/election-results.css HTTP/1.1" 404 1819
"GET /static/election-results.css HTTP/1.1" 404 1819
"GET /static/election-results.css HTTP/1.1" 404 1819
"GET /static/election-results.css HTTP/1.1" 404 1819
"GET /static/election-results.css HTTP/1.1" 404 1819
"GET /static/election-results.css HTTP/1.1" 404 1819
"GET /static/election-results.css HTTP/1.1" 404 1819
"GET /static/election-results.css HTTP/1.1" 404 1819
"GET /static/election-results.css HTTP/1.1" 404 1819
"GET /static/election-results.css HTTP/1.1" 404 1819
"GET /static/election-results.css HTTP/1.1" 404 1819
"GET /static/election-results.css HTTP/1.1" 404 1819
"GET /static/election-results.css HTTP/1.1" 404 1819
C:\Users\kate\PycharmProjects\member-management\management\views.py changed, reloading.
Watching for file changes with StatReloader
"GET /static/election-results.css HTTP/1.1" 404 1819
C:\Users\kate\PycharmProjects\member-management\management\views.py changed, reloading.
Watching for file changes with StatReloader
C:\Users\kate\PycharmProjects\member-management\management\views.py changed, reloading.
Watching for file changes with StatReloader
"GET /static/election-results.css HTTP/1.1" 404 1819
C:\Users\kate\PycharmProjects\member-management\management\views.py changed, reloading.
Watching for file changes with StatReloader
"GET /static/election-results.css HTTP/1.1" 404 1819
"GET /static/election-results.css HTTP/1.1" 404 1819
"GET /static/election-results.css HTTP/1.1" 404 1819
"GET /static/election-results.css HTTP/1.1" 404 1819
"GET /static/election-results.css HTTP/1.1" 404 1819
"GET /static/election-results.css HTTP/1.1" 404 1819
Internal Server Error: /election-results/
Traceback (most recent call last):
  File "C:\Users\kate\PycharmProjects\member-management\venv\lib\site-packages\django\template\base.py", line 505, in parse
    compile_func = self.tags[command]
KeyError: 'enfor'

During handling of the above exception, another exception occurred:

Traceback (most recent call last):
  File "C:\Users\kate\PycharmProjects\member-management\venv\lib\site-packages\django\core\handlers\exception.py", line 55, in inner
    response = get_response(request)
  File "C:\Users\kate\PycharmProjects\member-management\venv\lib\site-packages\django\core\handlers\base.py", line 197, in _get_response
    response = wrapped_callback(request, *callback_args, **callback_kwargs)
  File "C:\Users\kate\PycharmProjects\member-management\management\views.py", line 4824, in election_results_func
    return render(request, 'election_results.html', {
  File "C:\Users\kate\PycharmProjects\member-management\venv\lib\site-packages\django\shortcuts.py", line 24, in render
    content = loader.render_to_string(template_name, context, request, using=using)
  File "C:\Users\kate\PycharmProjects\member-management\venv\lib\site-packages\django\template\loader.py", line 61, in render_to_string
    template = get_template(template_name, using=using)
  File "C:\Users\kate\PycharmProjects\member-management\venv\lib\site-packages\django\template\loader.py", line 15, in get_template
    return engine.get_template(template_name)
  File "C:\Users\kate\PycharmProjects\member-management\venv\lib\site-packages\django\template\backends\django.py", line 33, in get_template
    return Template(self.engine.get_template(template_name), self)
  File "C:\Users\kate\PycharmProjects\member-management\venv\lib\site-packages\django\template\engine.py", line 175, in get_template
    template, origin = self.find_template(template_name)
  File "C:\Users\kate\PycharmProjects\member-management\venv\lib\site-packages\django\template\engine.py", line 157, in find_template
    template = loader.get_template(name, skip=skip)
  File "C:\Users\kate\PycharmProjects\member-management\venv\lib\site-packages\django\template\loaders\cached.py", line 57, in get_template
    template = super().get_template(template_name, skip)
  File "C:\Users\kate\PycharmProjects\member-management\venv\lib\site-packages\django\template\loaders\base.py", line 28, in get_template
    return Template(
  File "C:\Users\kate\PycharmProjects\member-management\venv\lib\site-packages\django\template\base.py", line 154, in __init__
    self.nodelist = self.compile_nodelist()
  File "C:\Users\kate\PycharmProjects\member-management\venv\lib\site-packages\django\template\base.py", line 200, in compile_nodelist
    return parser.parse()
  File "C:\Users\kate\PycharmProjects\member-management\venv\lib\site-packages\django\template\base.py", line 513, in parse
    raise self.error(token, e)
  File "C:\Users\kate\PycharmProjects\member-management\venv\lib\site-packages\django\template\base.py", line 511, in parse
    compiled_result = compile_func(self, token)
  File "C:\Users\kate\PycharmProjects\member-management\venv\lib\site-packages\django\template\loader_tags.py", line 293, in do_extends
    nodelist = parser.parse()
  File "C:\Users\kate\PycharmProjects\member-management\venv\lib\site-packages\django\template\base.py", line 513, in parse
    raise self.error(token, e)
  File "C:\Users\kate\PycharmProjects\member-management\venv\lib\site-packages\django\template\base.py", line 511, in parse
    compiled_result = compile_func(self, token)
  File "C:\Users\kate\PycharmProjects\member-management\venv\lib\site-packages\django\template\loader_tags.py", line 232, in do_block
    nodelist = parser.parse(("endblock",))
  File "C:\Users\kate\PycharmProjects\member-management\venv\lib\site-packages\django\template\base.py", line 513, in parse
    raise self.error(token, e)
  File "C:\Users\kate\PycharmProjects\member-management\venv\lib\site-packages\django\template\base.py", line 511, in parse
    compiled_result = compile_func(self, token)
  File "C:\Users\kate\PycharmProjects\member-management\venv\lib\site-packages\django\template\defaulttags.py", line 853, in do_for
    nodelist_loop = parser.parse(
  File "C:\Users\kate\PycharmProjects\member-management\venv\lib\site-packages\django\template\base.py", line 513, in parse
    raise self.error(token, e)
  File "C:\Users\kate\PycharmProjects\member-management\venv\lib\site-packages\django\template\base.py", line 511, in parse
    compiled_result = compile_func(self, token)
  File "C:\Users\kate\PycharmProjects\member-management\venv\lib\site-packages\django\template\defaulttags.py", line 967, in do_if
    nodelist = parser.parse(("endif",))
  File "C:\Users\kate\PycharmProjects\member-management\venv\lib\site-packages\django\template\base.py", line 513, in parse
    raise self.error(token, e)
  File "C:\Users\kate\PycharmProjects\member-management\venv\lib\site-packages\django\template\base.py", line 511, in parse
    compiled_result = compile_func(self, token)
  File "C:\Users\kate\PycharmProjects\member-management\venv\lib\site-packages\django\template\defaulttags.py", line 853, in do_for
    nodelist_loop = parser.parse(
  File "C:\Users\kate\PycharmProjects\member-management\venv\lib\site-packages\django\template\base.py", line 507, in parse
    self.invalid_block_tag(token, command, parse_until)
  File "C:\Users\kate\PycharmProjects\member-management\venv\lib\site-packages\django\template\base.py", line 558, in invalid_block_tag
    raise self.error(
django.template.exceptions.TemplateSyntaxError: Invalid block tag on line 214: 'enfor', expected 'empty' or 'endfor'. Did you forget to register or load this tag?
"GET /election-results/ HTTP/1.1" 500 326737
"GET /static/election-results.css HTTP/1.1" 404 1819
C:\Users\kate\PycharmProjects\member-management\management\urls.py changed, reloading.
Watching for file changes with StatReloader
"GET /static/election-results.css HTTP/1.1" 404 1819
"GET /static/election-results.css HTTP/1.1" 404 1819
C:\Users\kate\PycharmProjects\member-management\management\views.py changed, reloading.
Watching for file changes with StatReloader
C:\Users\kate\PycharmProjects\member-management\management\views.py changed, reloading.
Watching for file changes with StatReloader
"GET /static/election-results.css HTTP/1.1" 404 1819
"GET /static/election-results.css HTTP/1.1" 404 1819
"GET /static/election-results.css HTTP/1.1" 404 1819
C:\Users\kate\PycharmProjects\member-management\management\urls.py changed, reloading.
Watching for file changes with StatReloader
"GET /static/election-results.css HTTP/1.1" 404 1819
"GET /static/election-results.css HTTP/1.1" 404 1819
"GET /static/election-results.css HTTP/1.1" 404 1819
C:\Users\kate\PycharmProjects\member-management\management\urls.py changed, reloading.
Watching for file changes with StatReloader
"GET /static/election-results.css HTTP/1.1" 404 1819
"GET /static/election-results.css HTTP/1.1" 404 1819
"GET /static/election-results.css HTTP/1.1" 404 1819
"GET /static/election-results.css HTTP/1.1" 404 1819
"GET /static/election-results.css HTTP/1.1" 404 1819
"GET /static/election-results.css HTTP/1.1" 404 1819
"GET /static/election-results.css HTTP/1.1" 404 1819
"GET /static/election-results.css HTTP/1.1" 404 1819
"GET /static/election-results.css HTTP/1.1" 404 1819
"GET /static/election-results.css HTTP/1.1" 404 1819
Watching for file changes with StatReloader
"GET /static/election-results.css HTTP/1.1" 404 1819
Not Found: /favicon.ico
"GET /favicon.ico HTTP/1.1" 404 22588
"GET /static/election-results.css HTTP/1.1" 404 1819
"GET /static/election-results.css HTTP/1.1" 404 1819
"GET /static/election-results.css HTTP/1.1" 404 1819
"GET /static/election-results.css HTTP/1.1" 404 1819
"GET /static/election-results.css HTTP/1.1" 404 1819
"GET /static/election-results.css HTTP/1.1" 404 1819
"GET /static/election-results.css HTTP/1.1" 404 1819
"GET /static/election-results.css HTTP/1.1" 404 1819
"GET /static/election-results.css HTTP/1.1" 404 1819
C:\Users\kate\PycharmProjects\member-management\management\views.py changed, reloading.
Watching for file changes with StatReloader
"GET /static/election-results.css HTTP/1.1" 404 1819
"GET /static/election-results.css HTTP/1.1" 404 1819
"GET /static/election-results.css HTTP/1.1" 404 1819
"GET /static/election-results.css HTTP/1.1" 404 1819
C:\Users\kate\PycharmProjects\member-management\management\views.py changed, reloading.
Watching for file changes with StatReloader
C:\Users\kate\PycharmProjects\member-management\management\views.py changed, reloading.
Watching for file changes with StatReloader
"GET /static/election-results.css HTTP/1.1" 404 1819
"GET /static/election-results.css HTTP/1.1" 404 1819
"GET /static/election-results.css HTTP/1.1" 404 1819
C:\Users\kate\PycharmProjects\member-management\management\views.py changed, reloading.
Watching for file changes with StatReloader
"GET /static/election-results.css HTTP/1.1" 404 1819
C:\Users\kate\PycharmProjects\member-management\management\views.py changed, reloading.
Watching for file changes with StatReloader
"GET /static/election-results.css HTTP/1.1" 404 1819
"GET /static/election-results.css HTTP/1.1" 404 1819
"GET /static/election-results.css HTTP/1.1" 404 1819
C:\Users\kate\PycharmProjects\member-management\management\views.py changed, reloading.
Watching for file changes with StatReloader
"GET /static/election-results.css HTTP/1.1" 404 1819
C:\Users\kate\PycharmProjects\member-management\management\views.py changed, reloading.
Watching for file changes with StatReloader
C:\Users\kate\PycharmProjects\member-management\management\urls.py changed, reloading.
Watching for file changes with StatReloader
C:\Users\kate\PycharmProjects\member-management\management\views.py changed, reloading.
Watching for file changes with StatReloader
"GET /static/election-results.css HTTP/1.1" 404 1819
C:\Users\kate\PycharmProjects\member-management\management\views.py changed, reloading.
Watching for file changes with StatReloader
C:\Users\kate\PycharmProjects\member-management\management\urls.py changed, reloading.
Watching for file changes with StatReloader
"GET /static/election-results.css HTTP/1.1" 404 1819
"GET /static/election-results.css HTTP/1.1" 404 1819
C:\Users\kate\PycharmProjects\member-management\management\views.py changed, reloading.
Watching for file changes with StatReloader
C:\Users\kate\PycharmProjects\member-management\management\urls.py changed, reloading.
Watching for file changes with StatReloader
"GET /static/election-results.css HTTP/1.1" 404 1819
C:\Users\kate\PycharmProjects\member-management\management\views.py changed, reloading.
Watching for file changes with StatReloader
"GET /static/election-results.css HTTP/1.1" 404 1819
C:\Users\kate\PycharmProjects\member-management\management\views.py changed, reloading.
Watching for file changes with StatReloader
C:\Users\kate\PycharmProjects\member-management\management\views.py changed, reloading.
Watching for file changes with StatReloader
C:\Users\kate\PycharmProjects\member-management\management\views.py changed, reloading.
Watching for file changes with StatReloader
C:\Users\kate\PycharmProjects\member-management\management\urls.py changed, reloading.
Watching for file changes with StatReloader
"GET /static/election-results.css HTTP/1.1" 404 1819
C:\Users\kate\PycharmProjects\member-management\management\views.py changed, reloading.
Watching for file changes with StatReloader
C:\Users\kate\PycharmProjects\member-management\management\views.py changed, reloading.
Watching for file changes with StatReloader
"GET /static/election-results.css HTTP/1.1" 404 1819
"GET /static/election-results.css HTTP/1.1" 404 1819
"GET /static/election-results.css HTTP/1.1" 404 1819
"GET /static/election-results.css HTTP/1.1" 404 1819
"GET /static/election-results.css HTTP/1.1" 404 1819
"GET /static/election-results.css HTTP/1.1" 404 1819
"GET /static/election-results.css HTTP/1.1" 404 1819
"GET /static/election-results.css HTTP/1.1" 404 1819
"GET /static/election-results.css HTTP/1.1" 404 1819
"GET /static/election-results.css HTTP/1.1" 404 1819
"GET /static/election-results.css HTTP/1.1" 404 1819
"GET /static/election-results.css HTTP/1.1" 404 1819
"GET /static/election-results.css HTTP/1.1" 404 1819
"GET /static/election-results.css HTTP/1.1" 404 1819
C:\Users\kate\PycharmProjects\member-management\management\views.py changed, reloading.
Watching for file changes with StatReloader
"GET /static/election-results.css HTTP/1.1" 404 1819
"GET /static/election-results.css HTTP/1.1" 404 1819
C:\Users\kate\PycharmProjects\member-management\management\views.py changed, reloading.
Watching for file changes with StatReloader
C:\Users\kate\PycharmProjects\member-management\management\views.py changed, reloading.
Watching for file changes with StatReloader
"GET /static/election-results.css HTTP/1.1" 404 1819
"GET /static/election-results.css HTTP/1.1" 404 1819
"GET /static/election-results.css HTTP/1.1" 404 1819
"GET /static/election-results.css HTTP/1.1" 404 1819
"GET /static/election-results.css HTTP/1.1" 404 1819
"GET /static/election-results.css HTTP/1.1" 404 1819
"GET /static/election-results.css HTTP/1.1" 404 1819
"GET /static/election-results.css HTTP/1.1" 404 1819
"GET /static/election-results.css HTTP/1.1" 404 1819
"GET /static/election-results.css HTTP/1.1" 404 1819
"GET /static/election-results.css HTTP/1.1" 404 1819
"GET /static/election-results.css HTTP/1.1" 404 1819
"GET /static/election-results.css HTTP/1.1" 404 1819
"GET /static/election-results.css HTTP/1.1" 404 1819
C:\Users\kate\PycharmProjects\member-management\management\views.py changed, reloading.
Watching for file changes with StatReloader
"GET /static/election-results.css HTTP/1.1" 404 1819
"GET /static/election-results.css HTTP/1.1" 404 1819
"GET /static/election-results.css HTTP/1.1" 404 1819
"GET /static/election-results.css HTTP/1.1" 404 1819
"GET /static/election-results.css HTTP/1.1" 404 1819
"GET /static/election-results.css HTTP/1.1" 404 1819
"GET /static/election-results.css HTTP/1.1" 404 1819
"GET /static/election-results.css HTTP/1.1" 404 1819
"GET /static/election-results.css HTTP/1.1" 404 1819
"GET /static/election-results.css HTTP/1.1" 404 1819
"GET /static/election-results.css HTTP/1.1" 404 1819
"GET /static/election-results.css HTTP/1.1" 404 1819
"GET /static/election-results.css HTTP/1.1" 404 1819
"GET /static/election-results.css HTTP/1.1" 404 1819
"GET /static/election-results.css HTTP/1.1" 404 1819
"GET /static/election-results.css HTTP/1.1" 404 1819
"GET /static/election-results.css HTTP/1.1" 404 1819
"GET /static/election-results.css HTTP/1.1" 404 1819
"GET /static/election-results.css HTTP/1.1" 404 1819
C:\Users\kate\PycharmProjects\member-management\management\views.py changed, reloading.
Watching for file changes with StatReloader
C:\Users\kate\PycharmProjects\member-management\management\views.py changed, reloading.
Watching for file changes with StatReloader
"GET /static/election-results.css HTTP/1.1" 404 1819
"GET /static/election-results.css HTTP/1.1" 404 1819
"GET /static/election-results.css HTTP/1.1" 404 1819
"GET /static/election-results.css HTTP/1.1" 404 1819
"GET /static/election-results.css HTTP/1.1" 404 1819
"GET /static/election-results.css HTTP/1.1" 404 1819
"GET /static/election-results.css HTTP/1.1" 404 1819
"GET /static/election-results.css HTTP/1.1" 404 1819
"GET /static/election-results.css HTTP/1.1" 404 1819
"GET /static/election-results.css HTTP/1.1" 404 1819
"GET /static/election-results.css HTTP/1.1" 404 1819
"GET /static/election-results.css HTTP/1.1" 404 1819
"GET /static/election-results.css HTTP/1.1" 404 1819
